storm_id,season,name,timestamp_utc,latitude,longitude,wind_knots,pressure_hpa,status,source
2000088N08090,2000,UNNAMED,2000-03-27 12:00:00,7.5,90.0,25,1004,TS,NOAA IBTrACS v04r01
2000088N08090,2000,UNNAMED,2000-03-27 15:00:00,8.0,89.4,,,TS,NOAA IBTrACS v04r01
2000088N08090,2000,UNNAMED,2000-03-27 18:00:00,8.5,89.0,25,1006,TS,NOAA IBTrACS v04r01
2000088N08090,2000,UNNAMED,2000-03-27 21:00:00,9.0,89.0,,,TS,NOAA IBTrACS v04r01
2000088N08090,2000,UNNAMED,2000-03-28 00:00:00,9.5,89.0,25,1004,TS,NOAA IBTrACS v04r01
2000088N08090,2000,UNNAMED,2000-03-28 03:00:00,10.0,88.5,25,1006,TS,NOAA IBTrACS v04r01
2000088N08090,2000,UNNAMED,2000-03-28 06:00:00,10.7,88.2,,,TS,NOAA IBTrACS v04r01
2000088N08090,2000,UNNAMED,2000-03-28 09:00:00,11.5,88.0,,,TS,NOAA IBTrACS v04r01
2000088N08090,2000,UNNAMED,2000-03-28 12:00:00,12.0,88.0,25,1004,TS,NOAA IBTrACS v04r01
2000088N08090,2000,UNNAMED,2000-03-28 15:00:00,12.0,88.0,,,TS,NOAA IBTrACS v04r01
2000088N08090,2000,UNNAMED,2000-03-28 18:00:00,12.0,88.0,25,1004,TS,NOAA IBTrACS v04r01
2000088N08090,2000,UNNAMED,2000-03-28 21:00:00,12.2,88.0,,,TS,NOAA IBTrACS v04r01
2000088N08090,2000,UNNAMED,2000-03-29 00:00:00,12.5,88.0,25,1004,TS,NOAA IBTrACS v04r01
2000088N08090,2000,UNNAMED,2000-03-29 03:00:00,13.0,88.0,30,1002,TS,NOAA IBTrACS v04r01
2000088N08090,2000,UNNAMED,2000-03-29 06:00:00,13.5,88.0,30,1002,TS,NOAA IBTrACS v04r01
2000088N08090,2000,UNNAMED,2000-03-29 09:00:00,13.7,88.2,,,TS,NOAA IBTrACS v04r01
2000088N08090,2000,UNNAMED,2000-03-29 12:00:00,14.0,88.5,35,998,TS,NOAA IBTrACS v04r01
2000088N08090,2000,UNNAMED,2000-03-29 15:00:00,14.5,89.0,35,1000,TS,NOAA IBTrACS v04r01
2000088N08090,2000,UNNAMED,2000-03-29 18:00:00,15.0,89.5,35,1000,TS,NOAA IBTrACS v04r01
2000088N08090,2000,UNNAMED,2000-03-29 21:00:00,15.0,89.5,45,1000,TS,NOAA IBTrACS v04r01
2000088N08090,2000,UNNAMED,2000-03-30 00:00:00,15.0,89.5,45,998,TS,NOAA IBTrACS v04r01
2000088N08090,2000,UNNAMED,2000-03-30 03:00:00,15.5,90.0,45,998,TS,NOAA IBTrACS v04r01
2000088N08090,2000,UNNAMED,2000-03-30 06:00:00,15.5,90.0,35,1000,TS,NOAA IBTrACS v04r01
2000088N08090,2000,UNNAMED,2000-03-30 09:00:00,15.0,90.0,30,1000,TS,NOAA IBTrACS v04r01
2000088N08090,2000,UNNAMED,2000-03-30 12:00:00,16.0,90.5,25,1002,TS,NOAA IBTrACS v04r01
2000236N17084,2000,UNNAMED,2000-08-23 03:00:00,16.5,83.5,25,994,TS,NOAA IBTrACS v04r01
2000236N17084,2000,UNNAMED,2000-08-23 06:00:00,16.5,83.0,25,996,TS,NOAA IBTrACS v04r01
2000236N17084,2000,UNNAMED,2000-08-23 09:00:00,16.4,82.7,,,TS,NOAA IBTrACS v04r01
2000236N17084,2000,UNNAMED,2000-08-23 12:00:00,16.5,82.5,25,994,TS,NOAA IBTrACS v04r01
2000236N17084,2000,UNNAMED,2000-08-23 15:00:00,17.0,82.4,,,TS,NOAA IBTrACS v04r01
2000236N17084,2000,UNNAMED,2000-08-23 18:00:00,17.5,82.0,25,996,TS,NOAA IBTrACS v04r01
2000236N17084,2000,UNNAMED,2000-08-23 21:00:00,17.8,81.0,,,TS,NOAA IBTrACS v04r01
2000236N17084,2000,UNNAMED,2000-08-24 00:00:00,18.0,79.5,25,996,TS,NOAA IBTrACS v04r01
2000289N15089,2000,UNNAMED,2000-10-14 18:00:00,14.7,89.0,25,,TS,NOAA IBTrACS v04r01
2000289N15089,2000,UNNAMED,2000-10-14 21:00:00,14.7,88.7,25,,TS,NOAA IBTrACS v04r01
2000289N15089,2000,UNNAMED,2000-10-15 00:00:00,14.6,88.4,25,1004,TS,NOAA IBTrACS v04r01
2000289N15089,2000,UNNAMED,2000-10-15 03:00:00,14.5,88.2,25,1004,TS,NOAA IBTrACS v04r01
2000289N15089,2000,UNNAMED,2000-10-15 06:00:00,14.5,87.8,25,1002,TS,NOAA IBTrACS v04r01
2000289N15089,2000,UNNAMED,2000-10-15 09:00:00,14.5,87.4,25,,TS,NOAA IBTrACS v04r01
2000289N15089,2000,UNNAMED,2000-10-15 12:00:00,14.5,87.1,25,1000,TS,NOAA IBTrACS v04r01
2000289N15089,2000,UNNAMED,2000-10-15 15:00:00,14.4,86.7,25,,TS,NOAA IBTrACS v04r01
2000289N15089,2000,UNNAMED,2000-10-15 18:00:00,14.4,86.5,30,1002,TS,NOAA IBTrACS v04r01
2000289N15089,2000,UNNAMED,2000-10-15 21:00:00,14.4,86.3,30,,TS,NOAA IBTrACS v04r01
2000289N15089,2000,UNNAMED,2000-10-16 00:00:00,14.4,86.2,30,1000,TS,NOAA IBTrACS v04r01
2000289N15089,2000,UNNAMED,2000-10-16 03:00:00,14.3,85.9,30,1000,TS,NOAA IBTrACS v04r01
2000289N15089,2000,UNNAMED,2000-10-16 06:00:00,14.3,85.5,30,1000,TS,NOAA IBTrACS v04r01
2000289N15089,2000,UNNAMED,2000-10-16 09:00:00,14.3,85.2,35,,TS,NOAA IBTrACS v04r01
2000289N15089,2000,UNNAMED,2000-10-16 12:00:00,14.3,85.1,30,998,TS,NOAA IBTrACS v04r01
2000289N15089,2000,UNNAMED,2000-10-16 15:00:00,14.1,85.0,35,,TS,NOAA IBTrACS v04r01
2000289N15089,2000,UNNAMED,2000-10-16 18:00:00,14.0,84.9,30,1000,TS,NOAA IBTrACS v04r01
2000289N15089,2000,UNNAMED,2000-10-16 21:00:00,14.0,84.7,35,,TS,NOAA IBTrACS v04r01
2000289N15089,2000,UNNAMED,2000-10-17 00:00:00,14.0,84.5,35,998,TS,NOAA IBTrACS v04r01
2000289N15089,2000,UNNAMED,2000-10-17 03:00:00,14.0,84.4,35,998,TS,NOAA IBTrACS v04r01
2000289N15089,2000,UNNAMED,2000-10-17 06:00:00,14.0,84.3,35,996,TS,NOAA IBTrACS v04r01
2000289N15089,2000,UNNAMED,2000-10-17 09:00:00,14.0,84.0,35,996,TS,NOAA IBTrACS v04r01
2000289N15089,2000,UNNAMED,2000-10-17 12:00:00,14.1,84.0,35,996,TS,NOAA IBTrACS v04r01
2000289N15089,2000,UNNAMED,2000-10-17 15:00:00,14.1,83.9,35,998,TS,NOAA IBTrACS v04r01
2000289N15089,2000,UNNAMED,2000-10-17 18:00:00,14.2,83.9,35,998,TS,NOAA IBTrACS v04r01
2000289N15089,2000,UNNAMED,2000-10-17 21:00:00,14.2,83.8,35,998,TS,NOAA IBTrACS v04r01
2000289N15089,2000,UNNAMED,2000-10-18 00:00:00,14.6,83.5,35,998,TS,NOAA IBTrACS v04r01
2000289N15089,2000,UNNAMED,2000-10-18 03:00:00,14.4,83.4,30,1000,TS,NOAA IBTrACS v04r01
2000289N15089,2000,UNNAMED,2000-10-18 06:00:00,14.4,83.3,30,1000,TS,NOAA IBTrACS v04r01
2000289N15089,2000,UNNAMED,2000-10-18 09:00:00,14.5,83.1,28,,TS,NOAA IBTrACS v04r01
2000289N15089,2000,UNNAMED,2000-10-18 12:00:00,14.5,82.9,30,998,TS,NOAA IBTrACS v04r01
2000289N15089,2000,UNNAMED,2000-10-18 15:00:00,14.6,82.6,25,,TS,NOAA IBTrACS v04r01
2000289N15089,2000,UNNAMED,2000-10-18 18:00:00,14.7,82.4,25,1000,TS,NOAA IBTrACS v04r01
2000289N15089,2000,UNNAMED,2000-10-18 21:00:00,14.6,82.3,,,TS,NOAA IBTrACS v04r01
2000289N15089,2000,UNNAMED,2000-10-19 00:00:00,14.5,82.1,,,TS,NOAA IBTrACS v04r01
2000289N15089,2000,UNNAMED,2000-10-19 03:00:00,14.5,82.0,25,1004,TS,NOAA IBTrACS v04r01
2000289N15089,2000,UNNAMED,2000-10-19 06:00:00,14.5,82.0,25,1004,TS,NOAA IBTrACS v04r01
2000299N13093,2000,UNNAMED,2000-10-25 09:00:00,13.5,93.0,25,1002,TS,NOAA IBTrACS v04r01
2000299N13093,2000,UNNAMED,2000-10-25 12:00:00,14.0,92.5,25,1002,TS,NOAA IBTrACS v04r01
2000299N13093,2000,UNNAMED,2000-10-25 15:00:00,14.3,92.2,,,TS,NOAA IBTrACS v04r01
2000299N13093,2000,UNNAMED,2000-10-25 18:00:00,14.8,91.6,25,1002,TS,NOAA IBTrACS v04r01
2000299N13093,2000,UNNAMED,2000-10-25 21:00:00,15.2,91.1,25,,TS,NOAA IBTrACS v04r01
2000299N13093,2000,UNNAMED,2000-10-26 00:00:00,15.6,90.6,25,1002,TS,NOAA IBTrACS v04r01
2000299N13093,2000,UNNAMED,2000-10-26 03:00:00,15.9,89.7,25,1004,TS,NOAA IBTrACS v04r01
2000299N13093,2000,UNNAMED,2000-10-26 06:00:00,16.4,89.5,25,1002,TS,NOAA IBTrACS v04r01
2000299N13093,2000,UNNAMED,2000-10-26 09:00:00,16.5,89.1,30,,TS,NOAA IBTrACS v04r01
2000299N13093,2000,UNNAMED,2000-10-26 12:00:00,16.5,88.7,25,1002,TS,NOAA IBTrACS v04r01
2000299N13093,2000,UNNAMED,2000-10-26 15:00:00,16.7,88.5,30,,TS,NOAA IBTrACS v04r01
2000299N13093,2000,UNNAMED,2000-10-26 18:00:00,17.0,88.4,25,1004,TS,NOAA IBTrACS v04r01
2000299N13093,2000,UNNAMED,2000-10-26 21:00:00,17.3,88.2,30,,TS,NOAA IBTrACS v04r01
2000299N13093,2000,UNNAMED,2000-10-27 00:00:00,17.7,88.1,25,1002,TS,NOAA IBTrACS v04r01
2000299N13093,2000,UNNAMED,2000-10-27 03:00:00,18.2,88.2,30,1002,TS,NOAA IBTrACS v04r01
2000299N13093,2000,UNNAMED,2000-10-27 06:00:00,18.7,88.3,30,1002,TS,NOAA IBTrACS v04r01
2000299N13093,2000,UNNAMED,2000-10-27 09:00:00,18.9,88.3,30,,TS,NOAA IBTrACS v04r01
2000299N13093,2000,UNNAMED,2000-10-27 12:00:00,19.3,88.4,30,1000,TS,NOAA IBTrACS v04r01
2000299N13093,2000,UNNAMED,2000-10-27 15:00:00,19.8,88.4,33,,TS,NOAA IBTrACS v04r01
2000299N13093,2000,UNNAMED,2000-10-27 18:00:00,20.4,88.5,35,998,TS,NOAA IBTrACS v04r01
2000299N13093,2000,UNNAMED,2000-10-27 21:00:00,21.0,88.5,35,998,TS,NOAA IBTrACS v04r01
2000299N13093,2000,UNNAMED,2000-10-28 00:00:00,21.6,89.0,35,998,TS,NOAA IBTrACS v04r01
2000299N13093,2000,UNNAMED,2000-10-28 03:00:00,22.5,89.1,30,,TS,NOAA IBTrACS v04r01
2000299N13093,2000,UNNAMED,2000-10-28 06:00:00,23.1,89.6,30,,TS,NOAA IBTrACS v04r01
2000299N13093,2000,UNNAMED,2000-10-28 09:00:00,23.3,89.9,,,TS,NOAA IBTrACS v04r01
2000299N13093,2000,UNNAMED,2000-10-28 12:00:00,23.5,90.5,25,,TS,NOAA IBTrACS v04r01
2000299N13093,2000,UNNAMED,2000-10-28 15:00:00,23.8,91.7,,,TS,NOAA IBTrACS v04r01
2000299N13093,2000,UNNAMED,2000-10-28 18:00:00,24.0,93.0,25,,TS,NOAA IBTrACS v04r01
2000299N13093,2000,UNNAMED,2000-10-28 21:00:00,24.0,93.7,,,TS,NOAA IBTrACS v04r01
2000299N13093,2000,UNNAMED,2000-10-29 00:00:00,24.0,94.0,25,,TS,NOAA IBTrACS v04r01
2000331N09092,2000,UNNAMED,2000-11-26 03:00:00,8.5,91.5,25,1004,TS,NOAA IBTrACS v04r01
2000331N09092,2000,UNNAMED,2000-11-26 06:00:00,9.3,90.8,25,1004,TS,NOAA IBTrACS v04r01
2000331N09092,2000,UNNAMED,2000-11-26 09:00:00,9.3,90.9,25,1004,TS,NOAA IBTrACS v04r01
2000331N09092,2000,UNNAMED,2000-11-26 12:00:00,9.7,89.8,25,1004,TS,NOAA IBTrACS v04r01
2000331N09092,2000,UNNAMED,2000-11-26 15:00:00,9.8,89.9,30,1004,TS,NOAA IBTrACS v04r01
2000331N09092,2000,UNNAMED,2000-11-26 18:00:00,9.9,89.6,30,1002,TS,NOAA IBTrACS v04r01
2000331N09092,2000,UNNAMED,2000-11-26 21:00:00,10.1,88.9,35,,TS,NOAA IBTrACS v04r01
2000331N09092,2000,UNNAMED,2000-11-27 00:00:00,10.4,88.1,30,1002,TS,NOAA IBTrACS v04r01
2000331N09092,2000,UNNAMED,2000-11-27 03:00:00,10.8,87.5,30,1004,TS,NOAA IBTrACS v04r01
2000331N09092,2000,UNNAMED,2000-11-27 06:00:00,10.9,87.0,30,1002,TS,NOAA IBTrACS v04r01
2000331N09092,2000,UNNAMED,2000-11-27 09:00:00,10.9,86.4,35,998,TS,NOAA IBTrACS v04r01
2000331N09092,2000,UNNAMED,2000-11-27 12:00:00,11.0,85.9,45,998,TS,NOAA IBTrACS v04r01
2000331N09092,2000,UNNAMED,2000-11-27 15:00:00,11.0,85.3,45,998,TS,NOAA IBTrACS v04r01
2000331N09092,2000,UNNAMED,2000-11-27 18:00:00,11.1,84.8,45,998,TS,NOAA IBTrACS v04r01
2000331N09092,2000,UNNAMED,2000-11-27 21:00:00,11.2,84.3,45,998,TS,NOAA IBTrACS v04r01
2000331N09092,2000,UNNAMED,2000-11-28 00:00:00,11.5,83.8,55,992,TS,NOAA IBTrACS v04r01
2000331N09092,2000,UNNAMED,2000-11-28 03:00:00,11.6,83.3,55,992,TS,NOAA IBTrACS v04r01
2000331N09092,2000,UNNAMED,2000-11-28 06:00:00,11.5,82.8,65,986,TS,NOAA IBTrACS v04r01
2000331N09092,2000,UNNAMED,2000-11-28 09:00:00,11.5,82.3,65,986,TS,NOAA IBTrACS v04r01
2000331N09092,2000,UNNAMED,2000-11-28 12:00:00,11.5,82.0,77,978,TS,NOAA IBTrACS v04r01
2000331N09092,2000,UNNAMED,2000-11-28 15:00:00,11.5,81.7,90,968,TS,NOAA IBTrACS v04r01
2000331N09092,2000,UNNAMED,2000-11-28 18:00:00,11.5,81.5,102,958,TS,NOAA IBTrACS v04r01
2000331N09092,2000,UNNAMED,2000-11-28 21:00:00,11.5,81.1,102,958,TS,NOAA IBTrACS v04r01
2000331N09092,2000,UNNAMED,2000-11-29 00:00:00,11.5,80.9,90,968,TS,NOAA IBTrACS v04r01
2000331N09092,2000,UNNAMED,2000-11-29 03:00:00,11.5,80.5,90,966,TS,NOAA IBTrACS v04r01
2000331N09092,2000,UNNAMED,2000-11-29 06:00:00,11.6,80.4,77,976,TS,NOAA IBTrACS v04r01
2000331N09092,2000,UNNAMED,2000-11-29 09:00:00,11.6,80.0,77,976,TS,NOAA IBTrACS v04r01
2000331N09092,2000,UNNAMED,2000-11-29 12:00:00,11.6,79.9,55,998,TS,NOAA IBTrACS v04r01
2000331N09092,2000,UNNAMED,2000-11-29 15:00:00,11.4,79.3,60,,TS,NOAA IBTrACS v04r01
2000331N09092,2000,UNNAMED,2000-11-29 18:00:00,11.3,78.6,45,998,TS,NOAA IBTrACS v04r01
2000331N09092,2000,UNNAMED,2000-11-29 21:00:00,11.3,78.3,50,,TS,NOAA IBTrACS v04r01
2000331N09092,2000,UNNAMED,2000-11-30 00:00:00,11.4,78.1,45,,TS,NOAA IBTrACS v04r01
2000331N09092,2000,UNNAMED,2000-11-30 03:00:00,11.4,77.7,30,1002,TS,NOAA IBTrACS v04r01
2000331N09092,2000,UNNAMED,2000-11-30 06:00:00,11.4,77.2,25,1004,TS,NOAA IBTrACS v04r01
2000331N09092,2000,UNNAMED,2000-11-30 09:00:00,11.5,76.9,33,,TS,NOAA IBTrACS v04r01
2000331N09092,2000,UNNAMED,2000-11-30 12:00:00,11.5,76.5,30,,TS,NOAA IBTrACS v04r01
2000331N09092,2000,UNNAMED,2000-11-30 15:00:00,11.5,76.1,28,,TS,NOAA IBTrACS v04r01
2000331N09092,2000,UNNAMED,2000-11-30 18:00:00,11.5,75.7,25,,TS,NOAA IBTrACS v04r01
2000331N09092,2000,UNNAMED,2000-11-30 21:00:00,11.5,75.4,28,,TS,NOAA IBTrACS v04r01
2000331N09092,2000,UNNAMED,2000-12-01 00:00:00,11.5,75.1,30,,TS,NOAA IBTrACS v04r01
2000331N09092,2000,UNNAMED,2000-12-01 03:00:00,11.5,74.7,30,,TS,NOAA IBTrACS v04r01
2000331N09092,2000,UNNAMED,2000-12-01 06:00:00,11.6,74.4,30,,TS,NOAA IBTrACS v04r01
2000331N09092,2000,UNNAMED,2000-12-01 09:00:00,11.6,74.1,28,,TS,NOAA IBTrACS v04r01
2000331N09092,2000,UNNAMED,2000-12-01 12:00:00,11.7,73.9,25,,TS,NOAA IBTrACS v04r01
2000331N09092,2000,UNNAMED,2000-12-01 15:00:00,11.7,73.6,28,,TS,NOAA IBTrACS v04r01
2000331N09092,2000,UNNAMED,2000-12-01 18:00:00,11.8,73.2,30,,TS,NOAA IBTrACS v04r01
2000331N09092,2000,UNNAMED,2000-12-01 21:00:00,11.9,72.8,30,,TS,NOAA IBTrACS v04r01
2000331N09092,2000,UNNAMED,2000-12-02 00:00:00,11.9,72.2,30,,TS,NOAA IBTrACS v04r01
2000331N09092,2000,UNNAMED,2000-12-02 03:00:00,11.9,71.3,30,,TS,NOAA IBTrACS v04r01
2000331N09092,2000,UNNAMED,2000-12-02 06:00:00,11.8,70.4,30,,TS,NOAA IBTrACS v04r01
2000331N09092,2000,UNNAMED,2000-12-02 09:00:00,11.7,70.0,30,,TS,NOAA IBTrACS v04r01
2000331N09092,2000,UNNAMED,2000-12-02 12:00:00,11.7,69.8,30,,TS,NOAA IBTrACS v04r01
2000331N09092,2000,UNNAMED,2000-12-02 15:00:00,11.7,69.4,30,,TS,NOAA IBTrACS v04r01
2000331N09092,2000,UNNAMED,2000-12-02 18:00:00,11.6,69.0,30,,TS,NOAA IBTrACS v04r01
2000331N09092,2000,UNNAMED,2000-12-02 21:00:00,11.4,68.8,30,,TS,NOAA IBTrACS v04r01
2000331N09092,2000,UNNAMED,2000-12-03 00:00:00,11.3,68.5,30,,TS,NOAA IBTrACS v04r01
2000331N09092,2000,UNNAMED,2000-12-03 03:00:00,11.2,67.7,33,,TS,NOAA IBTrACS v04r01
2000331N09092,2000,UNNAMED,2000-12-03 06:00:00,11.2,66.8,35,,TS,NOAA IBTrACS v04r01
2000331N09092,2000,UNNAMED,2000-12-03 09:00:00,11.2,66.2,35,,TS,NOAA IBTrACS v04r01
2000331N09092,2000,UNNAMED,2000-12-03 12:00:00,11.2,65.7,35,,TS,NOAA IBTrACS v04r01
2000331N09092,2000,UNNAMED,2000-12-03 15:00:00,11.0,65.1,33,,TS,NOAA IBTrACS v04r01
2000331N09092,2000,UNNAMED,2000-12-03 18:00:00,10.8,64.4,30,,TS,NOAA IBTrACS v04r01
2000331N09092,2000,UNNAMED,2000-12-03 21:00:00,10.9,63.8,30,,TS,NOAA IBTrACS v04r01
2000331N09092,2000,UNNAMED,2000-12-04 00:00:00,11.0,63.2,30,,TS,NOAA IBTrACS v04r01
2000331N09092,2000,UNNAMED,2000-12-04 03:00:00,10.7,62.6,30,,TS,NOAA IBTrACS v04r01
2000331N09092,2000,UNNAMED,2000-12-04 06:00:00,10.3,61.9,30,,TS,NOAA IBTrACS v04r01
2000331N09092,2000,UNNAMED,2000-12-04 09:00:00,10.1,61.2,28,,TS,NOAA IBTrACS v04r01
2000331N09092,2000,UNNAMED,2000-12-04 12:00:00,9.9,60.6,25,,TS,NOAA IBTrACS v04r01
2000331N09092,2000,UNNAMED,2000-12-04 15:00:00,9.7,60.0,25,,TS,NOAA IBTrACS v04r01
2000331N09092,2000,UNNAMED,2000-12-04 18:00:00,9.6,59.4,25,,TS,NOAA IBTrACS v04r01
2000331N09092,2000,UNNAMED,2000-12-04 21:00:00,9.5,58.9,25,,TS,NOAA IBTrACS v04r01
2000331N09092,2000,UNNAMED,2000-12-05 00:00:00,9.5,58.4,25,,TS,NOAA IBTrACS v04r01
2000331N09092,2000,UNNAMED,2000-12-05 03:00:00,9.4,57.9,25,,TS,NOAA IBTrACS v04r01
2000331N09092,2000,UNNAMED,2000-12-05 06:00:00,9.3,57.5,25,,TS,NOAA IBTrACS v04r01
2000331N09092,2000,UNNAMED,2000-12-05 09:00:00,9.2,57.1,25,,TS,NOAA IBTrACS v04r01
2000331N09092,2000,UNNAMED,2000-12-05 12:00:00,9.1,56.6,25,,TS,NOAA IBTrACS v04r01
2000331N09092,2000,UNNAMED,2000-12-05 15:00:00,8.9,56.1,25,,TS,NOAA IBTrACS v04r01
2000331N09092,2000,UNNAMED,2000-12-05 18:00:00,8.6,55.6,25,,TS,NOAA IBTrACS v04r01
2000331N09092,2000,UNNAMED,2000-12-05 21:00:00,8.3,55.0,25,,TS,NOAA IBTrACS v04r01
2000331N09092,2000,UNNAMED,2000-12-06 00:00:00,8.0,54.5,25,,TS,NOAA IBTrACS v04r01
2000358N08086,2000,UNNAMED,2000-12-23 03:00:00,8.0,86.0,25,1006,TS,NOAA IBTrACS v04r01
2000358N08086,2000,UNNAMED,2000-12-23 06:00:00,7.8,85.8,25,1006,TS,NOAA IBTrACS v04r01
2000358N08086,2000,UNNAMED,2000-12-23 09:00:00,7.8,85.4,30,,TS,NOAA IBTrACS v04r01
2000358N08086,2000,UNNAMED,2000-12-23 12:00:00,7.8,85.0,25,1006,TS,NOAA IBTrACS v04r01
2000358N08086,2000,UNNAMED,2000-12-23 15:00:00,7.8,84.8,30,,TS,NOAA IBTrACS v04r01
2000358N08086,2000,UNNAMED,2000-12-23 18:00:00,7.9,84.6,25,1006,TS,NOAA IBTrACS v04r01
2000358N08086,2000,UNNAMED,2000-12-23 21:00:00,7.8,84.3,30,,TS,NOAA IBTrACS v04r01
2000358N08086,2000,UNNAMED,2000-12-24 00:00:00,7.9,84.2,30,1004,TS,NOAA IBTrACS v04r01
2000358N08086,2000,UNNAMED,2000-12-24 03:00:00,8.2,84.1,30,1004,TS,NOAA IBTrACS v04r01
2000358N08086,2000,UNNAMED,2000-12-24 06:00:00,8.2,84.1,30,1004,TS,NOAA IBTrACS v04r01
2000358N08086,2000,UNNAMED,2000-12-24 09:00:00,8.2,83.9,30,,TS,NOAA IBTrACS v04r01
2000358N08086,2000,UNNAMED,2000-12-24 12:00:00,8.2,83.7,30,1004,TS,NOAA IBTrACS v04r01
2000358N08086,2000,UNNAMED,2000-12-24 15:00:00,8.2,83.7,33,,TS,NOAA IBTrACS v04r01
2000358N08086,2000,UNNAMED,2000-12-24 18:00:00,8.3,83.7,30,1004,TS,NOAA IBTrACS v04r01
2000358N08086,2000,UNNAMED,2000-12-24 21:00:00,8.3,83.5,38,,TS,NOAA IBTrACS v04r01
2000358N08086,2000,UNNAMED,2000-12-25 00:00:00,8.3,83.4,30,1004,TS,NOAA IBTrACS v04r01
2000358N08086,2000,UNNAMED,2000-12-25 03:00:00,8.3,83.3,35,1004,TS,NOAA IBTrACS v04r01
2000358N08086,2000,UNNAMED,2000-12-25 06:00:00,8.4,83.3,45,1000,TS,NOAA IBTrACS v04r01
2000358N08086,2000,UNNAMED,2000-12-25 09:00:00,8.4,83.3,48,,TS,NOAA IBTrACS v04r01
2000358N08086,2000,UNNAMED,2000-12-25 12:00:00,8.4,83.2,55,994,TS,NOAA IBTrACS v04r01
2000358N08086,2000,UNNAMED,2000-12-25 15:00:00,8.4,83.1,53,,TS,NOAA IBTrACS v04r01
2000358N08086,2000,UNNAMED,2000-12-25 18:00:00,8.5,83.0,65,990,TS,NOAA IBTrACS v04r01
2000358N08086,2000,UNNAMED,2000-12-25 21:00:00,8.5,82.7,58,,TS,NOAA IBTrACS v04r01
2000358N08086,2000,UNNAMED,2000-12-26 00:00:00,8.6,82.4,65,990,TS,NOAA IBTrACS v04r01
2000358N08086,2000,UNNAMED,2000-12-26 03:00:00,8.6,82.3,65,990,TS,NOAA IBTrACS v04r01
2000358N08086,2000,UNNAMED,2000-12-26 06:00:00,8.6,81.9,77,982,TS,NOAA IBTrACS v04r01
2000358N08086,2000,UNNAMED,2000-12-26 09:00:00,8.5,81.5,77,982,TS,NOAA IBTrACS v04r01
2000358N08086,2000,UNNAMED,2000-12-26 12:00:00,8.5,81.0,90,970,TS,NOAA IBTrACS v04r01
2000358N08086,2000,UNNAMED,2000-12-26 15:00:00,8.5,80.8,90,970,TS,NOAA IBTrACS v04r01
2000358N08086,2000,UNNAMED,2000-12-26 18:00:00,8.4,80.7,77,982,TS,NOAA IBTrACS v04r01
2000358N08086,2000,UNNAMED,2000-12-26 21:00:00,8.3,80.5,77,982,TS,NOAA IBTrACS v04r01
2000358N08086,2000,UNNAMED,2000-12-27 00:00:00,8.3,80.4,77,984,TS,NOAA IBTrACS v04r01
2000358N08086,2000,UNNAMED,2000-12-27 03:00:00,8.3,79.7,77,986,TS,NOAA IBTrACS v04r01
2000358N08086,2000,UNNAMED,2000-12-27 06:00:00,8.3,79.4,77,986,TS,NOAA IBTrACS v04r01
2000358N08086,2000,UNNAMED,2000-12-27 09:00:00,8.3,79.0,77,988,TS,NOAA IBTrACS v04r01
2000358N08086,2000,UNNAMED,2000-12-27 12:00:00,8.3,78.7,65,990,TS,NOAA IBTrACS v04r01
2000358N08086,2000,UNNAMED,2000-12-27 15:00:00,8.3,78.6,55,996,TS,NOAA IBTrACS v04r01
2000358N08086,2000,UNNAMED,2000-12-27 18:00:00,8.4,78.5,55,998,TS,NOAA IBTrACS v04r01
2000358N08086,2000,UNNAMED,2000-12-27 21:00:00,8.4,78.1,55,1002,TS,NOAA IBTrACS v04r01
2000358N08086,2000,UNNAMED,2000-12-28 00:00:00,8.4,77.8,35,1004,TS,NOAA IBTrACS v04r01
2000358N08086,2000,UNNAMED,2000-12-28 03:00:00,8.4,77.7,35,1004,TS,NOAA IBTrACS v04r01
2000358N08086,2000,UNNAMED,2000-12-28 06:00:00,8.5,77.3,30,1004,TS,NOAA IBTrACS v04r01
2000358N08086,2000,UNNAMED,2000-12-28 09:00:00,8.7,77.0,30,,TS,NOAA IBTrACS v04r01
2000358N08086,2000,UNNAMED,2000-12-28 12:00:00,8.9,76.7,25,1006,TS,NOAA IBTrACS v04r01
2000358N08086,2000,UNNAMED,2000-12-28 15:00:00,9.2,76.3,,,TS,NOAA IBTrACS v04r01
2000358N08086,2000,UNNAMED,2000-12-28 18:00:00,9.2,76.0,,,TS,NOAA IBTrACS v04r01
2000358N08086,2000,UNNAMED,2000-12-28 21:00:00,9.1,75.8,,,TS,NOAA IBTrACS v04r01
2000358N08086,2000,UNNAMED,2000-12-29 00:00:00,9.0,75.5,,1002,DS,NOAA IBTrACS v04r01
2001141N14068,2001,UNNAMED,2001-05-21 06:00:00,13.7,68.1,25,1002,TS,NOAA IBTrACS v04r01
2001141N14068,2001,UNNAMED,2001-05-21 09:00:00,13.7,68.5,28,1002,TS,NOAA IBTrACS v04r01
2001141N14068,2001,UNNAMED,2001-05-21 12:00:00,13.7,69.0,25,1000,TS,NOAA IBTrACS v04r01
2001141N14068,2001,UNNAMED,2001-05-21 15:00:00,13.6,69.5,33,1000,TS,NOAA IBTrACS v04r01
2001141N14068,2001,UNNAMED,2001-05-21 18:00:00,13.6,69.9,25,1000,TS,NOAA IBTrACS v04r01
2001141N14068,2001,UNNAMED,2001-05-21 21:00:00,13.6,70.1,30,998,TS,NOAA IBTrACS v04r01
2001141N14068,2001,UNNAMED,2001-05-22 00:00:00,13.9,70.8,30,998,TS,NOAA IBTrACS v04r01
2001141N14068,2001,UNNAMED,2001-05-22 03:00:00,14.0,71.2,40,996,TS,NOAA IBTrACS v04r01
2001141N14068,2001,UNNAMED,2001-05-22 06:00:00,14.1,71.4,45,996,TS,NOAA IBTrACS v04r01
2001141N14068,2001,UNNAMED,2001-05-22 09:00:00,14.1,71.5,45,994,TS,NOAA IBTrACS v04r01
2001141N14068,2001,UNNAMED,2001-05-22 12:00:00,14.3,71.6,45,992,TS,NOAA IBTrACS v04r01
2001141N14068,2001,UNNAMED,2001-05-22 15:00:00,14.3,71.6,55,990,TS,NOAA IBTrACS v04r01
2001141N14068,2001,UNNAMED,2001-05-22 18:00:00,14.4,71.6,55,988,TS,NOAA IBTrACS v04r01
2001141N14068,2001,UNNAMED,2001-05-22 21:00:00,14.8,71.5,65,982,TS,NOAA IBTrACS v04r01
2001141N14068,2001,UNNAMED,2001-05-23 00:00:00,15.0,71.5,65,980,TS,NOAA IBTrACS v04r01
2001141N14068,2001,UNNAMED,2001-05-23 03:00:00,15.3,71.3,77,974,TS,NOAA IBTrACS v04r01
2001141N14068,2001,UNNAMED,2001-05-23 06:00:00,15.6,71.0,90,964,TS,NOAA IBTrACS v04r01
2001141N14068,2001,UNNAMED,2001-05-23 09:00:00,15.9,70.8,90,962,TS,NOAA IBTrACS v04r01
2001141N14068,2001,UNNAMED,2001-05-23 12:00:00,16.0,70.5,90,960,TS,NOAA IBTrACS v04r01
2001141N14068,2001,UNNAMED,2001-05-23 15:00:00,16.1,70.4,90,962,TS,NOAA IBTrACS v04r01
2001141N14068,2001,UNNAMED,2001-05-23 18:00:00,16.2,70.4,90,962,TS,NOAA IBTrACS v04r01
2001141N14068,2001,UNNAMED,2001-05-23 21:00:00,16.3,70.0,90,960,TS,NOAA IBTrACS v04r01
2001141N14068,2001,UNNAMED,2001-05-24 00:00:00,16.4,69.7,90,960,TS,NOAA IBTrACS v04r01
2001141N14068,2001,UNNAMED,2001-05-24 03:00:00,16.6,69.5,102,950,TS,NOAA IBTrACS v04r01
2001141N14068,2001,UNNAMED,2001-05-24 06:00:00,16.9,69.0,102,946,TS,NOAA IBTrACS v04r01
2001141N14068,2001,UNNAMED,2001-05-24 09:00:00,16.9,68.5,115,932,TS,NOAA IBTrACS v04r01
2001141N14068,2001,UNNAMED,2001-05-24 12:00:00,16.9,68.4,115,932,TS,NOAA IBTrACS v04r01
2001141N14068,2001,UNNAMED,2001-05-24 15:00:00,16.9,68.3,115,932,TS,NOAA IBTrACS v04r01
2001141N14068,2001,UNNAMED,2001-05-24 18:00:00,17.0,68.3,115,932,TS,NOAA IBTrACS v04r01
2001141N14068,2001,UNNAMED,2001-05-24 21:00:00,17.0,68.0,115,932,TS,NOAA IBTrACS v04r01
2001141N14068,2001,UNNAMED,2001-05-25 00:00:00,17.0,67.8,115,932,TS,NOAA IBTrACS v04r01
2001141N14068,2001,UNNAMED,2001-05-25 03:00:00,17.1,68.0,102,948,TS,NOAA IBTrACS v04r01
2001141N14068,2001,UNNAMED,2001-05-25 06:00:00,17.1,67.9,90,960,TS,NOAA IBTrACS v04r01
2001141N14068,2001,UNNAMED,2001-05-25 09:00:00,17.1,67.8,90,960,TS,NOAA IBTrACS v04r01
2001141N14068,2001,UNNAMED,2001-05-25 12:00:00,17.2,67.6,77,968,TS,NOAA IBTrACS v04r01
2001141N14068,2001,UNNAMED,2001-05-25 15:00:00,17.1,67.8,77,968,TS,NOAA IBTrACS v04r01
2001141N14068,2001,UNNAMED,2001-05-25 18:00:00,17.1,67.9,77,970,TS,NOAA IBTrACS v04r01
2001141N14068,2001,UNNAMED,2001-05-25 21:00:00,17.0,67.7,77,970,TS,NOAA IBTrACS v04r01
2001141N14068,2001,UNNAMED,2001-05-26 00:00:00,17.3,67.7,65,976,TS,NOAA IBTrACS v04r01
2001141N14068,2001,UNNAMED,2001-05-26 03:00:00,17.3,67.7,55,982,TS,NOAA IBTrACS v04r01
2001141N14068,2001,UNNAMED,2001-05-26 06:00:00,17.4,67.7,55,984,TS,NOAA IBTrACS v04r01
2001141N14068,2001,UNNAMED,2001-05-26 09:00:00,17.4,67.6,55,984,TS,NOAA IBTrACS v04r01
2001141N14068,2001,UNNAMED,2001-05-26 12:00:00,17.6,67.7,55,982,TS,NOAA IBTrACS v04r01
2001141N14068,2001,UNNAMED,2001-05-26 15:00:00,17.7,67.6,55,982,TS,NOAA IBTrACS v04r01
2001141N14068,2001,UNNAMED,2001-05-26 18:00:00,17.8,67.6,55,982,TS,NOAA IBTrACS v04r01
2001141N14068,2001,UNNAMED,2001-05-26 21:00:00,18.1,67.6,55,982,TS,NOAA IBTrACS v04r01
2001141N14068,2001,UNNAMED,2001-05-27 00:00:00,18.2,67.6,55,984,TS,NOAA IBTrACS v04r01
2001141N14068,2001,UNNAMED,2001-05-27 03:00:00,18.2,67.5,45,986,TS,NOAA IBTrACS v04r01
2001141N14068,2001,UNNAMED,2001-05-27 06:00:00,18.3,67.6,45,986,TS,NOAA IBTrACS v04r01
2001141N14068,2001,UNNAMED,2001-05-27 09:00:00,18.4,67.5,45,986,TS,NOAA IBTrACS v04r01
2001141N14068,2001,UNNAMED,2001-05-27 12:00:00,19.0,67.6,45,988,TS,NOAA IBTrACS v04r01
2001141N14068,2001,UNNAMED,2001-05-27 15:00:00,19.1,67.8,35,994,TS,NOAA IBTrACS v04r01
2001141N14068,2001,UNNAMED,2001-05-27 18:00:00,19.3,67.9,35,994,TS,NOAA IBTrACS v04r01
2001141N14068,2001,UNNAMED,2001-05-27 21:00:00,19.6,67.8,35,994,TS,NOAA IBTrACS v04r01
2001141N14068,2001,UNNAMED,2001-05-28 00:00:00,19.7,67.9,35,994,TS,NOAA IBTrACS v04r01
2001141N14068,2001,UNNAMED,2001-05-28 03:00:00,20.0,68.0,35,994,TS,NOAA IBTrACS v04r01
2001141N14068,2001,UNNAMED,2001-05-28 06:00:00,20.1,68.1,35,996,TS,NOAA IBTrACS v04r01
2001141N14068,2001,UNNAMED,2001-05-28 09:00:00,20.3,68.2,35,996,TS,NOAA IBTrACS v04r01
2001141N14068,2001,UNNAMED,2001-05-28 12:00:00,21.0,68.5,30,996,TS,NOAA IBTrACS v04r01
2001141N14068,2001,UNNAMED,2001-05-28 15:00:00,21.2,68.3,30,996,TS,NOAA IBTrACS v04r01
2001141N14068,2001,UNNAMED,2001-05-28 18:00:00,21.7,68.4,25,998,TS,NOAA IBTrACS v04r01
2001141N14068,2001,UNNAMED,2001-05-28 21:00:00,21.9,68.2,25,998,TS,NOAA IBTrACS v04r01
2001141N14068,2001,UNNAMED,2001-05-29 00:00:00,22.1,68.0,25,998,TS,NOAA IBTrACS v04r01
2001141N14068,2001,UNNAMED,2001-05-29 03:00:00,22.5,67.9,23,1003,TS,NOAA IBTrACS v04r01
2001141N14068,2001,UNNAMED,2001-05-29 06:00:00,22.8,68.2,20,1004,TS,NOAA IBTrACS v04r01
2001141N14068,2001,UNNAMED,2001-05-29 09:00:00,23.1,68.5,38,1001,TS,NOAA IBTrACS v04r01
2001141N14068,2001,UNNAMED,2001-05-29 12:00:00,23.4,68.8,55,997,TS,NOAA IBTrACS v04r01
2001163N20087,2001,UNNAMED,2001-06-12 03:00:00,19.5,87.0,25,990,TS,NOAA IBTrACS v04r01
2001163N20087,2001,UNNAMED,2001-06-12 06:00:00,19.6,86.8,,,TS,NOAA IBTrACS v04r01
2001163N20087,2001,UNNAMED,2001-06-12 09:00:00,19.8,86.7,,,TS,NOAA IBTrACS v04r01
2001163N20087,2001,UNNAMED,2001-06-12 12:00:00,20.0,86.5,25,990,TS,NOAA IBTrACS v04r01
2001163N20087,2001,UNNAMED,2001-06-12 15:00:00,20.2,86.3,,,TS,NOAA IBTrACS v04r01
2001163N20087,2001,UNNAMED,2001-06-12 18:00:00,20.5,86.1,,,TS,NOAA IBTrACS v04r01
2001163N20087,2001,UNNAMED,2001-06-12 21:00:00,20.7,85.9,,,TS,NOAA IBTrACS v04r01
2001163N20087,2001,UNNAMED,2001-06-13 00:00:00,20.9,85.7,,,TS,NOAA IBTrACS v04r01
2001163N20087,2001,UNNAMED,2001-06-13 03:00:00,21.0,85.5,25,994,TS,NOAA IBTrACS v04r01
2001163N20087,2001,UNNAMED,2001-06-13 06:00:00,20.9,85.3,,,TS,NOAA IBTrACS v04r01
2001163N20087,2001,UNNAMED,2001-06-13 09:00:00,21.0,85.0,25,994,TS,NOAA IBTrACS v04r01
2001163N20087,2001,UNNAMED,2001-06-13 12:00:00,21.5,84.5,,,DS,NOAA IBTrACS v04r01
2001267N17070,2001,UNNAMED,2001-09-24 00:00:00,16.6,69.8,25,1002,TS,NOAA IBTrACS v04r01
2001267N17070,2001,UNNAMED,2001-09-24 03:00:00,16.6,69.7,25,1002,TS,NOAA IBTrACS v04r01
2001267N17070,2001,UNNAMED,2001-09-24 06:00:00,16.7,69.5,25,1002,TS,NOAA IBTrACS v04r01
2001267N17070,2001,UNNAMED,2001-09-24 09:00:00,16.8,69.4,25,1006,TS,NOAA IBTrACS v04r01
2001267N17070,2001,UNNAMED,2001-09-24 12:00:00,16.9,69.3,25,1006,TS,NOAA IBTrACS v04r01
2001267N17070,2001,UNNAMED,2001-09-24 15:00:00,16.9,69.1,25,1003,TS,NOAA IBTrACS v04r01
2001267N17070,2001,UNNAMED,2001-09-24 18:00:00,16.9,69.0,30,1004,TS,NOAA IBTrACS v04r01
2001267N17070,2001,UNNAMED,2001-09-24 21:00:00,16.9,68.9,28,1002,TS,NOAA IBTrACS v04r01
2001267N17070,2001,UNNAMED,2001-09-25 00:00:00,17.0,68.9,30,1004,TS,NOAA IBTrACS v04r01
2001267N17070,2001,UNNAMED,2001-09-25 03:00:00,17.0,68.5,30,1004,TS,NOAA IBTrACS v04r01
2001267N17070,2001,UNNAMED,2001-09-25 06:00:00,17.1,68.2,30,1000,TS,NOAA IBTrACS v04r01
2001267N17070,2001,UNNAMED,2001-09-25 09:00:00,17.1,68.1,30,1000,TS,NOAA IBTrACS v04r01
2001267N17070,2001,UNNAMED,2001-09-25 12:00:00,17.2,68.1,35,1000,TS,NOAA IBTrACS v04r01
2001267N17070,2001,UNNAMED,2001-09-25 15:00:00,17.2,68.0,35,1000,TS,NOAA IBTrACS v04r01
2001267N17070,2001,UNNAMED,2001-09-25 18:00:00,17.3,67.9,35,1000,TS,NOAA IBTrACS v04r01
2001267N17070,2001,UNNAMED,2001-09-25 21:00:00,17.3,68.2,35,1000,TS,NOAA IBTrACS v04r01
2001267N17070,2001,UNNAMED,2001-09-26 00:00:00,17.4,67.6,35,1000,TS,NOAA IBTrACS v04r01
2001267N17070,2001,UNNAMED,2001-09-26 03:00:00,18.0,67.2,35,1000,TS,NOAA IBTrACS v04r01
2001267N17070,2001,UNNAMED,2001-09-26 06:00:00,17.9,66.8,35,1000,TS,NOAA IBTrACS v04r01
2001267N17070,2001,UNNAMED,2001-09-26 09:00:00,18.2,66.4,35,1000,TS,NOAA IBTrACS v04r01
2001267N17070,2001,UNNAMED,2001-09-26 12:00:00,18.4,66.0,35,1000,TS,NOAA IBTrACS v04r01
2001267N17070,2001,UNNAMED,2001-09-26 15:00:00,18.6,65.8,35,1000,TS,NOAA IBTrACS v04r01
2001267N17070,2001,UNNAMED,2001-09-26 18:00:00,18.6,65.3,35,1000,TS,NOAA IBTrACS v04r01
2001267N17070,2001,UNNAMED,2001-09-26 21:00:00,18.6,65.1,35,1000,TS,NOAA IBTrACS v04r01
2001267N17070,2001,UNNAMED,2001-09-27 00:00:00,18.7,64.7,35,1000,TS,NOAA IBTrACS v04r01
2001267N17070,2001,UNNAMED,2001-09-27 03:00:00,18.7,64.0,35,1000,TS,NOAA IBTrACS v04r01
2001267N17070,2001,UNNAMED,2001-09-27 06:00:00,18.7,63.8,35,1004,TS,NOAA IBTrACS v04r01
2001267N17070,2001,UNNAMED,2001-09-27 09:00:00,18.7,63.5,30,1000,TS,NOAA IBTrACS v04r01
2001267N17070,2001,UNNAMED,2001-09-27 12:00:00,18.8,63.3,30,1006,TS,NOAA IBTrACS v04r01
2001267N17070,2001,UNNAMED,2001-09-27 15:00:00,18.8,63.0,30,1000,TS,NOAA IBTrACS v04r01
2001267N17070,2001,UNNAMED,2001-09-27 18:00:00,18.9,62.7,30,1006,TS,NOAA IBTrACS v04r01
2001267N17070,2001,UNNAMED,2001-09-27 21:00:00,19.0,62.3,25,1008,TS,NOAA IBTrACS v04r01
2001267N17070,2001,UNNAMED,2001-09-28 00:00:00,19.2,62.0,20,1004,TS,NOAA IBTrACS v04r01
2001267N17070,2001,UNNAMED,2001-09-28 03:00:00,19.2,61.7,20,1004,TS,NOAA IBTrACS v04r01
2001267N17070,2001,UNNAMED,2001-09-28 06:00:00,19.2,61.5,20,1004,TS,NOAA IBTrACS v04r01
2001267N17070,2001,UNNAMED,2001-09-28 09:00:00,19.3,61.3,20,1004,TS,NOAA IBTrACS v04r01
2001267N17070,2001,UNNAMED,2001-09-28 12:00:00,19.4,61.1,20,1004,TS,NOAA IBTrACS v04r01
2001281N18071,2001,UNNAMED,2001-10-08 06:00:00,17.7,70.8,25,1002,TS,NOAA IBTrACS v04r01
2001281N18071,2001,UNNAMED,2001-10-08 09:00:00,17.8,70.5,25,1002,TS,NOAA IBTrACS v04r01
2001281N18071,2001,UNNAMED,2001-10-08 12:00:00,17.9,70.2,25,1002,TS,NOAA IBTrACS v04r01
2001281N18071,2001,UNNAMED,2001-10-08 15:00:00,18.0,70.0,25,1002,TS,NOAA IBTrACS v04r01
2001281N18071,2001,UNNAMED,2001-10-08 18:00:00,18.1,69.8,25,1002,TS,NOAA IBTrACS v04r01
2001281N18071,2001,UNNAMED,2001-10-08 21:00:00,18.2,69.9,25,1004,TS,NOAA IBTrACS v04r01
2001281N18071,2001,UNNAMED,2001-10-09 00:00:00,18.4,69.8,25,1004,TS,NOAA IBTrACS v04r01
2001281N18071,2001,UNNAMED,2001-10-09 03:00:00,18.5,69.7,30,1002,TS,NOAA IBTrACS v04r01
2001281N18071,2001,UNNAMED,2001-10-09 06:00:00,18.6,69.2,30,1000,TS,NOAA IBTrACS v04r01
2001281N18071,2001,UNNAMED,2001-10-09 09:00:00,18.8,68.8,35,998,TS,NOAA IBTrACS v04r01
2001281N18071,2001,UNNAMED,2001-10-09 12:00:00,18.8,68.4,30,998,TS,NOAA IBTrACS v04r01
2001281N18071,2001,UNNAMED,2001-10-09 15:00:00,18.7,68.3,35,998,TS,NOAA IBTrACS v04r01
2001281N18071,2001,UNNAMED,2001-10-09 18:00:00,18.7,68.0,35,998,TS,NOAA IBTrACS v04r01
2001281N18071,2001,UNNAMED,2001-10-09 21:00:00,18.6,67.9,35,998,TS,NOAA IBTrACS v04r01
2001281N18071,2001,UNNAMED,2001-10-10 00:00:00,18.5,67.8,35,998,TS,NOAA IBTrACS v04r01
2001281N18071,2001,UNNAMED,2001-10-10 03:00:00,18.3,67.8,30,1000,TS,NOAA IBTrACS v04r01
2001281N18071,2001,UNNAMED,2001-10-10 06:00:00,18.2,67.8,30,1000,TS,NOAA IBTrACS v04r01
2001281N18071,2001,UNNAMED,2001-10-10 09:00:00,18.1,67.7,25,1002,TS,NOAA IBTrACS v04r01
2001281N18071,2001,UNNAMED,2001-10-10 12:00:00,18.1,67.7,20,1004,TS,NOAA IBTrACS v04r01
2001281N18071,2001,UNNAMED,2001-10-10 15:00:00,18.4,67.6,23,1003,TS,NOAA IBTrACS v04r01
2001281N18071,2001,UNNAMED,2001-10-10 18:00:00,18.6,67.5,25,1002,TS,NOAA IBTrACS v04r01
2001281N18071,2001,UNNAMED,2001-10-10 21:00:00,18.6,67.3,25,1002,TS,NOAA IBTrACS v04r01
2001281N18071,2001,UNNAMED,2001-10-11 00:00:00,18.6,67.0,25,1002,TS,NOAA IBTrACS v04r01
2001281N18071,2001,UNNAMED,2001-10-11 03:00:00,18.7,66.7,25,1002,TS,NOAA IBTrACS v04r01
2001281N18071,2001,UNNAMED,2001-10-11 06:00:00,18.7,66.4,25,1002,TS,NOAA IBTrACS v04r01
2001281N18071,2001,UNNAMED,2001-10-11 09:00:00,18.7,66.2,20,1004,TS,NOAA IBTrACS v04r01
2001281N18071,2001,UNNAMED,2001-10-11 12:00:00,18.7,66.1,15,1006,TS,NOAA IBTrACS v04r01
2001281N18071,2001,UNNAMED,2001-10-11 15:00:00,18.7,66.1,18,1005,TS,NOAA IBTrACS v04r01
2001281N18071,2001,UNNAMED,2001-10-11 18:00:00,18.8,66.1,20,1004,TS,NOAA IBTrACS v04r01
2001281N18071,2001,UNNAMED,2001-10-11 21:00:00,18.9,66.1,20,1004,TS,NOAA IBTrACS v04r01
2001281N18071,2001,UNNAMED,2001-10-12 00:00:00,18.9,66.2,20,1004,TS,NOAA IBTrACS v04r01
2001281N18071,2001,UNNAMED,2001-10-12 03:00:00,18.9,66.3,20,1004,TS,NOAA IBTrACS v04r01
2001281N18071,2001,UNNAMED,2001-10-12 06:00:00,19.0,66.3,20,1004,TS,NOAA IBTrACS v04r01
2001281N18071,2001,UNNAMED,2001-10-12 09:00:00,19.1,66.3,20,1004,TS,NOAA IBTrACS v04r01
2001281N18071,2001,UNNAMED,2001-10-12 12:00:00,19.3,66.3,20,1004,TS,NOAA IBTrACS v04r01
2001281N18071,2001,UNNAMED,2001-10-12 15:00:00,19.5,66.3,20,1004,TS,NOAA IBTrACS v04r01
2001281N18071,2001,UNNAMED,2001-10-12 18:00:00,19.6,66.2,20,1004,TS,NOAA IBTrACS v04r01
2001281N18071,2001,UNNAMED,2001-10-12 21:00:00,19.7,66.1,20,1004,TS,NOAA IBTrACS v04r01
2001281N18071,2001,UNNAMED,2001-10-13 00:00:00,19.8,65.8,20,1004,TS,NOAA IBTrACS v04r01
2001281N18071,2001,UNNAMED,2001-10-13 03:00:00,19.9,65.4,20,1004,TS,NOAA IBTrACS v04r01
2001281N18071,2001,UNNAMED,2001-10-13 06:00:00,20.0,65.0,20,1004,TS,NOAA IBTrACS v04r01
2001288N13084,2001,UNNAMED,2001-10-14 12:00:00,13.5,84.0,25,1000,TS,NOAA IBTrACS v04r01
2001288N13084,2001,UNNAMED,2001-10-14 15:00:00,13.5,83.4,,,TS,NOAA IBTrACS v04r01
2001288N13084,2001,UNNAMED,2001-10-14 18:00:00,13.5,83.0,25,1002,TS,NOAA IBTrACS v04r01
2001288N13084,2001,UNNAMED,2001-10-14 21:00:00,13.5,83.0,,,TS,NOAA IBTrACS v04r01
2001288N13084,2001,UNNAMED,2001-10-15 00:00:00,13.5,83.0,25,1002,TS,NOAA IBTrACS v04r01
2001288N13084,2001,UNNAMED,2001-10-15 03:00:00,13.5,82.5,25,1002,TS,NOAA IBTrACS v04r01
2001288N13084,2001,UNNAMED,2001-10-15 06:00:00,13.5,82.0,25,1002,TS,NOAA IBTrACS v04r01
2001288N13084,2001,UNNAMED,2001-10-15 09:00:00,13.5,81.5,30,1000,TS,NOAA IBTrACS v04r01
2001288N13084,2001,UNNAMED,2001-10-15 12:00:00,13.7,81.0,35,998,TS,NOAA IBTrACS v04r01
2001288N13084,2001,UNNAMED,2001-10-15 15:00:00,14.0,80.5,35,998,TS,NOAA IBTrACS v04r01
2001288N13084,2001,UNNAMED,2001-10-15 18:00:00,14.0,80.0,35,998,TS,NOAA IBTrACS v04r01
2001288N13084,2001,UNNAMED,2001-10-15 21:00:00,14.0,80.0,35,998,TS,NOAA IBTrACS v04r01
2001288N13084,2001,UNNAMED,2001-10-16 00:00:00,14.0,79.5,35,1000,TS,NOAA IBTrACS v04r01
2001288N13084,2001,UNNAMED,2001-10-16 03:00:00,14.0,79.5,35,1000,TS,NOAA IBTrACS v04r01
2001288N13084,2001,UNNAMED,2001-10-16 06:00:00,14.0,79.5,35,1000,TS,NOAA IBTrACS v04r01
2001288N13084,2001,UNNAMED,2001-10-16 09:00:00,14.5,79.5,35,1000,TS,NOAA IBTrACS v04r01
2001288N13084,2001,UNNAMED,2001-10-16 12:00:00,14.5,79.5,30,1002,TS,NOAA IBTrACS v04r01
2001288N13084,2001,UNNAMED,2001-10-16 15:00:00,14.7,79.3,,,TS,NOAA IBTrACS v04r01
2001288N13084,2001,UNNAMED,2001-10-16 18:00:00,15.0,79.0,25,1004,TS,NOAA IBTrACS v04r01
2001313N12084,2001,UNNAMED,2001-11-09 00:00:00,12.0,83.6,25,1002,TS,NOAA IBTrACS v04r01
2001313N12084,2001,UNNAMED,2001-11-09 03:00:00,12.5,83.3,25,1002,TS,NOAA IBTrACS v04r01
2001313N12084,2001,UNNAMED,2001-11-09 06:00:00,12.9,83.0,25,1002,TS,NOAA IBTrACS v04r01
2001313N12084,2001,UNNAMED,2001-11-09 09:00:00,13.1,82.8,25,1002,TS,NOAA IBTrACS v04r01
2001313N12084,2001,UNNAMED,2001-11-09 12:00:00,13.2,82.7,25,1002,TS,NOAA IBTrACS v04r01
2001313N12084,2001,UNNAMED,2001-11-09 15:00:00,13.4,82.5,25,1002,TS,NOAA IBTrACS v04r01
2001313N12084,2001,UNNAMED,2001-11-09 18:00:00,13.6,82.4,25,1002,TS,NOAA IBTrACS v04r01
2001313N12084,2001,UNNAMED,2001-11-09 21:00:00,13.7,82.3,25,1002,TS,NOAA IBTrACS v04r01
2001313N12084,2001,UNNAMED,2001-11-10 00:00:00,13.8,82.2,25,1002,TS,NOAA IBTrACS v04r01
2001313N12084,2001,UNNAMED,2001-11-10 03:00:00,13.9,82.1,25,1002,TS,NOAA IBTrACS v04r01
2001313N12084,2001,UNNAMED,2001-11-10 06:00:00,14.1,82.1,25,1002,TS,NOAA IBTrACS v04r01
2001313N12084,2001,UNNAMED,2001-11-10 09:00:00,14.2,82.1,28,1001,TS,NOAA IBTrACS v04r01
2001313N12084,2001,UNNAMED,2001-11-10 12:00:00,14.4,82.1,30,1000,TS,NOAA IBTrACS v04r01
2001313N12084,2001,UNNAMED,2001-11-10 15:00:00,14.6,82.1,30,1000,TS,NOAA IBTrACS v04r01
2001313N12084,2001,UNNAMED,2001-11-10 18:00:00,14.8,82.2,30,1000,TS,NOAA IBTrACS v04r01
2001313N12084,2001,UNNAMED,2001-11-10 21:00:00,15.0,82.4,30,1000,TS,NOAA IBTrACS v04r01
2001313N12084,2001,UNNAMED,2001-11-11 00:00:00,15.1,82.7,30,1000,TS,NOAA IBTrACS v04r01
2001313N12084,2001,UNNAMED,2001-11-11 03:00:00,15.3,83.0,25,1004,TS,NOAA IBTrACS v04r01
2001313N12084,2001,UNNAMED,2001-11-11 06:00:00,15.4,83.4,25,1006,TS,NOAA IBTrACS v04r01
2001313N12084,2001,UNNAMED,2001-11-11 09:00:00,15.5,83.8,30,1000,TS,NOAA IBTrACS v04r01
2001313N12084,2001,UNNAMED,2001-11-11 12:00:00,15.6,84.2,25,1004,TS,NOAA IBTrACS v04r01
2001313N12084,2001,UNNAMED,2001-11-11 15:00:00,15.8,84.6,30,1000,TS,NOAA IBTrACS v04r01
2001313N12084,2001,UNNAMED,2001-11-11 18:00:00,16.0,84.9,25,1004,TS,NOAA IBTrACS v04r01
2001313N12084,2001,UNNAMED,2001-11-11 21:00:00,16.3,85.2,30,1000,TS,NOAA IBTrACS v04r01
2001313N12084,2001,UNNAMED,2001-11-12 00:00:00,16.6,85.5,25,1004,TS,NOAA IBTrACS v04r01
2001313N12084,2001,UNNAMED,2001-11-12 03:00:00,16.9,85.6,25,1002,TS,NOAA IBTrACS v04r01
2001313N12084,2001,UNNAMED,2001-11-12 06:00:00,17.3,85.7,20,1004,TS,NOAA IBTrACS v04r01
2001361N01106,2001,VAMEI,2001-12-26 12:00:00,1.4,106.2,25,1010,TS,NOAA IBTrACS v04r01
2001361N01106,2001,VAMEI,2001-12-26 15:00:00,1.5,106.0,30,1001,TS,NOAA IBTrACS v04r01
2001361N01106,2001,VAMEI,2001-12-26 18:00:00,1.5,105.7,35,1010,TS,NOAA IBTrACS v04r01
2001361N01106,2001,VAMEI,2001-12-26 21:00:00,1.5,105.4,50,987,TS,NOAA IBTrACS v04r01
2001361N01106,2001,VAMEI,2001-12-27 00:00:00,1.5,105.2,40,1008,TS,NOAA IBTrACS v04r01
2001361N01106,2001,VAMEI,2001-12-27 03:00:00,1.5,104.8,65,976,TS,NOAA IBTrACS v04r01
2001361N01106,2001,VAMEI,2001-12-27 06:00:00,1.5,104.4,45,1006,TS,NOAA IBTrACS v04r01
2001361N01106,2001,VAMEI,2001-12-27 09:00:00,1.5,104.1,55,984,TS,NOAA IBTrACS v04r01
2001361N01106,2001,VAMEI,2001-12-27 12:00:00,1.6,103.8,35,1008,TS,NOAA IBTrACS v04r01
2001361N01106,2001,VAMEI,2001-12-27 15:00:00,1.6,103.4,43,993,TS,NOAA IBTrACS v04r01
2001361N01106,2001,VAMEI,2001-12-27 18:00:00,1.6,103.0,40,1010,TS,NOAA IBTrACS v04r01
2001361N01106,2001,VAMEI,2001-12-27 21:00:00,1.7,102.7,35,997,TS,NOAA IBTrACS v04r01
2001361N01106,2001,VAMEI,2001-12-28 00:00:00,1.7,102.3,30,1010,TS,NOAA IBTrACS v04r01
2001361N01106,2001,VAMEI,2001-12-28 03:00:00,1.8,101.9,30,1000,TS,NOAA IBTrACS v04r01
2001361N01106,2001,VAMEI,2001-12-28 06:00:00,1.8,101.4,30,1012,TS,NOAA IBTrACS v04r01
2001361N01106,2001,VAMEI,2001-12-28 09:00:00,1.8,101.1,28,1001,TS,NOAA IBTrACS v04r01
2001361N01106,2001,VAMEI,2001-12-28 12:00:00,1.9,100.7,25,1002,TS,NOAA IBTrACS v04r01
2001361N01106,2001,VAMEI,2001-12-28 15:00:00,1.9,100.3,25,1002,TS,NOAA IBTrACS v04r01
2001361N01106,2001,VAMEI,2001-12-28 18:00:00,2.0,99.9,25,1002,TS,NOAA IBTrACS v04r01
2001361N01106,2001,VAMEI,2001-12-28 21:00:00,2.1,99.3,23,1003,TS,NOAA IBTrACS v04r01
2001361N01106,2001,VAMEI,2001-12-29 00:00:00,2.3,98.7,20,1004,TS,NOAA IBTrACS v04r01
2001361N01106,2001,VAMEI,2001-12-29 03:00:00,2.5,98.3,20,1004,TS,NOAA IBTrACS v04r01
2001361N01106,2001,VAMEI,2001-12-29 06:00:00,2.6,97.9,20,1004,TS,NOAA IBTrACS v04r01
2001361N01106,2001,VAMEI,2001-12-29 09:00:00,2.7,97.5,23,1003,TS,NOAA IBTrACS v04r01
2001361N01106,2001,VAMEI,2001-12-29 12:00:00,2.8,97.1,25,1002,TS,NOAA IBTrACS v04r01
2001361N01106,2001,VAMEI,2001-12-29 15:00:00,3.0,96.4,25,1002,TS,NOAA IBTrACS v04r01
2001361N01106,2001,VAMEI,2001-12-29 18:00:00,3.3,95.7,25,1002,TS,NOAA IBTrACS v04r01
2001361N01106,2001,VAMEI,2001-12-29 21:00:00,3.6,95.0,25,1002,TS,NOAA IBTrACS v04r01
2001361N01106,2001,VAMEI,2001-12-30 00:00:00,3.8,94.3,25,1002,TS,NOAA IBTrACS v04r01
2001361N01106,2001,VAMEI,2001-12-30 03:00:00,4.0,93.8,25,1002,TS,NOAA IBTrACS v04r01
2001361N01106,2001,VAMEI,2001-12-30 06:00:00,4.1,93.3,25,1002,TS,NOAA IBTrACS v04r01
2001361N01106,2001,VAMEI,2001-12-30 09:00:00,4.3,92.9,25,1002,TS,NOAA IBTrACS v04r01
2001361N01106,2001,VAMEI,2001-12-30 12:00:00,4.4,92.5,25,1002,TS,NOAA IBTrACS v04r01
2001361N01106,2001,VAMEI,2001-12-30 15:00:00,4.5,92.1,30,1001,TS,NOAA IBTrACS v04r01
2001361N01106,2001,VAMEI,2001-12-30 18:00:00,4.6,91.8,35,1000,TS,NOAA IBTrACS v04r01
2001361N01106,2001,VAMEI,2001-12-30 21:00:00,4.6,91.5,35,999,TS,NOAA IBTrACS v04r01
2001361N01106,2001,VAMEI,2001-12-31 00:00:00,4.6,91.2,35,997,TS,NOAA IBTrACS v04r01
2001361N01106,2001,VAMEI,2001-12-31 03:00:00,4.6,91.0,35,997,TS,NOAA IBTrACS v04r01
2001361N01106,2001,VAMEI,2001-12-31 06:00:00,4.5,90.8,35,997,TS,NOAA IBTrACS v04r01
2001361N01106,2001,VAMEI,2001-12-31 09:00:00,4.4,90.6,35,997,TS,NOAA IBTrACS v04r01
2001361N01106,2001,VAMEI,2001-12-31 12:00:00,4.2,90.5,35,997,TS,NOAA IBTrACS v04r01
2001361N01106,2001,VAMEI,2001-12-31 15:00:00,4.0,90.4,33,999,TS,NOAA IBTrACS v04r01
2001361N01106,2001,VAMEI,2001-12-31 18:00:00,3.8,90.3,30,1000,TS,NOAA IBTrACS v04r01
2001361N01106,2001,VAMEI,2001-12-31 21:00:00,3.6,90.2,28,1001,TS,NOAA IBTrACS v04r01
2001361N01106,2001,VAMEI,2002-01-01 00:00:00,3.4,90.0,25,1002,TS,NOAA IBTrACS v04r01
2001361N01106,2001,VAMEI,2002-01-01 03:00:00,3.2,89.7,25,1002,TS,NOAA IBTrACS v04r01
2001361N01106,2001,VAMEI,2002-01-01 06:00:00,3.0,89.3,25,1002,TS,NOAA IBTrACS v04r01
2002126N09068,2002,UNNAMED,2002-05-05 18:00:00,8.6,67.7,25,1002,TS,NOAA IBTrACS v04r01
2002126N09068,2002,UNNAMED,2002-05-05 21:00:00,8.6,67.5,25,1002,TS,NOAA IBTrACS v04r01
2002126N09068,2002,UNNAMED,2002-05-06 00:00:00,8.7,67.2,25,1002,TS,NOAA IBTrACS v04r01
2002126N09068,2002,UNNAMED,2002-05-06 03:00:00,9.3,66.9,25,1002,TS,NOAA IBTrACS v04r01
2002126N09068,2002,UNNAMED,2002-05-06 06:00:00,10.0,66.5,25,1002,TS,NOAA IBTrACS v04r01
2002126N09068,2002,UNNAMED,2002-05-06 09:00:00,10.6,66.2,30,1001,TS,NOAA IBTrACS v04r01
2002126N09068,2002,UNNAMED,2002-05-06 12:00:00,11.2,66.0,25,1000,TS,NOAA IBTrACS v04r01
2002126N09068,2002,UNNAMED,2002-05-06 15:00:00,11.4,65.8,30,1000,TS,NOAA IBTrACS v04r01
2002126N09068,2002,UNNAMED,2002-05-06 18:00:00,11.8,65.6,25,1000,TS,NOAA IBTrACS v04r01
2002126N09068,2002,UNNAMED,2002-05-06 21:00:00,12.2,65.3,35,997,TS,NOAA IBTrACS v04r01
2002126N09068,2002,UNNAMED,2002-05-07 00:00:00,12.7,64.9,25,1000,TS,NOAA IBTrACS v04r01
2002126N09068,2002,UNNAMED,2002-05-07 03:00:00,13.0,64.4,30,998,TS,NOAA IBTrACS v04r01
2002126N09068,2002,UNNAMED,2002-05-07 06:00:00,13.1,64.0,30,998,TS,NOAA IBTrACS v04r01
2002126N09068,2002,UNNAMED,2002-05-07 09:00:00,13.1,63.6,40,996,TS,NOAA IBTrACS v04r01
2002126N09068,2002,UNNAMED,2002-05-07 12:00:00,13.1,63.2,30,996,TS,NOAA IBTrACS v04r01
2002126N09068,2002,UNNAMED,2002-05-07 15:00:00,13.0,62.8,38,996,TS,NOAA IBTrACS v04r01
2002126N09068,2002,UNNAMED,2002-05-07 18:00:00,13.1,62.6,30,998,TS,NOAA IBTrACS v04r01
2002126N09068,2002,UNNAMED,2002-05-07 21:00:00,13.1,62.5,35,997,TS,NOAA IBTrACS v04r01
2002126N09068,2002,UNNAMED,2002-05-08 00:00:00,13.2,62.3,30,996,TS,NOAA IBTrACS v04r01
2002126N09068,2002,UNNAMED,2002-05-08 03:00:00,13.3,61.8,25,1002,TS,NOAA IBTrACS v04r01
2002126N09068,2002,UNNAMED,2002-05-08 06:00:00,13.4,61.3,25,1002,TS,NOAA IBTrACS v04r01
2002126N09068,2002,UNNAMED,2002-05-08 09:00:00,13.4,61.0,35,997,TS,NOAA IBTrACS v04r01
2002126N09068,2002,UNNAMED,2002-05-08 12:00:00,13.5,60.7,25,1000,TS,NOAA IBTrACS v04r01
2002126N09068,2002,UNNAMED,2002-05-08 15:00:00,13.7,60.4,35,997,TS,NOAA IBTrACS v04r01
2002126N09068,2002,UNNAMED,2002-05-08 18:00:00,13.9,60.1,25,998,TS,NOAA IBTrACS v04r01
2002126N09068,2002,UNNAMED,2002-05-08 21:00:00,14.0,59.6,25,998,TS,NOAA IBTrACS v04r01
2002126N09068,2002,UNNAMED,2002-05-09 00:00:00,14.1,59.4,25,998,TS,NOAA IBTrACS v04r01
2002126N09068,2002,UNNAMED,2002-05-09 03:00:00,14.2,58.9,30,998,TS,NOAA IBTrACS v04r01
2002126N09068,2002,UNNAMED,2002-05-09 06:00:00,14.6,58.1,35,998,TS,NOAA IBTrACS v04r01
2002126N09068,2002,UNNAMED,2002-05-09 09:00:00,14.7,57.6,35,996,TS,NOAA IBTrACS v04r01
2002126N09068,2002,UNNAMED,2002-05-09 12:00:00,15.0,56.8,35,994,TS,NOAA IBTrACS v04r01
2002126N09068,2002,UNNAMED,2002-05-09 15:00:00,15.1,56.2,35,994,TS,NOAA IBTrACS v04r01
2002126N09068,2002,UNNAMED,2002-05-09 18:00:00,15.4,55.7,35,996,TS,NOAA IBTrACS v04r01
2002126N09068,2002,UNNAMED,2002-05-09 21:00:00,15.5,54.9,35,998,TS,NOAA IBTrACS v04r01
2002126N09068,2002,UNNAMED,2002-05-10 00:00:00,15.8,54.4,35,998,TS,NOAA IBTrACS v04r01
2002126N09068,2002,UNNAMED,2002-05-10 03:00:00,15.9,54.0,35,998,TS,NOAA IBTrACS v04r01
2002126N09068,2002,UNNAMED,2002-05-10 06:00:00,16.1,53.8,35,998,TS,NOAA IBTrACS v04r01
2002126N09068,2002,UNNAMED,2002-05-10 09:00:00,16.2,53.5,38,996,TS,NOAA IBTrACS v04r01
2002126N09068,2002,UNNAMED,2002-05-10 12:00:00,16.5,53.3,35,997,TS,NOAA IBTrACS v04r01
2002126N09068,2002,UNNAMED,2002-05-10 15:00:00,16.9,53.2,33,999,TS,NOAA IBTrACS v04r01
2002126N09068,2002,UNNAMED,2002-05-10 18:00:00,17.4,53.1,30,1000,TS,NOAA IBTrACS v04r01
2002129N08096,2002,UNNAMED,2002-05-09 06:00:00,8.4,95.5,25,1002,TS,NOAA IBTrACS v04r01
2002129N08096,2002,UNNAMED,2002-05-09 09:00:00,8.7,95.3,28,1001,TS,NOAA IBTrACS v04r01
2002129N08096,2002,UNNAMED,2002-05-09 12:00:00,8.9,95.1,30,1000,TS,NOAA IBTrACS v04r01
2002129N08096,2002,UNNAMED,2002-05-09 15:00:00,9.1,95.1,30,1000,TS,NOAA IBTrACS v04r01
2002129N08096,2002,UNNAMED,2002-05-09 18:00:00,9.4,95.1,30,1000,TS,NOAA IBTrACS v04r01
2002129N08096,2002,UNNAMED,2002-05-09 21:00:00,9.6,95.1,30,1000,TS,NOAA IBTrACS v04r01
2002129N08096,2002,UNNAMED,2002-05-10 00:00:00,9.9,95.1,30,1000,TS,NOAA IBTrACS v04r01
2002129N08096,2002,UNNAMED,2002-05-10 03:00:00,10.2,95.2,30,1000,TS,NOAA IBTrACS v04r01
2002129N08096,2002,UNNAMED,2002-05-10 06:00:00,10.5,95.3,30,1000,TS,NOAA IBTrACS v04r01
2002129N08096,2002,UNNAMED,2002-05-10 09:00:00,10.8,95.4,33,999,TS,NOAA IBTrACS v04r01
2002129N08096,2002,UNNAMED,2002-05-10 12:00:00,11.0,95.5,35,997,TS,NOAA IBTrACS v04r01
2002129N08096,2002,UNNAMED,2002-05-10 15:00:00,11.2,95.5,35,997,TS,NOAA IBTrACS v04r01
2002129N08096,2002,UNNAMED,2002-05-10 18:00:00,11.5,95.5,35,997,TS,NOAA IBTrACS v04r01
2002129N08096,2002,UNNAMED,2002-05-10 21:00:00,11.8,95.5,35,997,TS,NOAA IBTrACS v04r01
2002129N08096,2002,UNNAMED,2002-05-11 00:00:00,12.1,95.4,35,997,TS,NOAA IBTrACS v04r01
2002129N08096,2002,UNNAMED,2002-05-11 03:00:00,12.4,95.5,25,1006,TS,NOAA IBTrACS v04r01
2002129N08096,2002,UNNAMED,2002-05-11 06:00:00,12.9,95.8,25,1006,TS,NOAA IBTrACS v04r01
2002129N08096,2002,UNNAMED,2002-05-11 09:00:00,13.6,95.9,45,991,TS,NOAA IBTrACS v04r01
2002129N08096,2002,UNNAMED,2002-05-11 12:00:00,14.3,96.0,30,1004,TS,NOAA IBTrACS v04r01
2002129N08096,2002,UNNAMED,2002-05-11 15:00:00,14.8,96.1,45,991,TS,NOAA IBTrACS v04r01
2002129N08096,2002,UNNAMED,2002-05-11 18:00:00,15.4,96.2,30,1004,TS,NOAA IBTrACS v04r01
2002129N08096,2002,UNNAMED,2002-05-11 21:00:00,15.8,96.2,40,994,TS,NOAA IBTrACS v04r01
2002129N08096,2002,UNNAMED,2002-05-12 00:00:00,16.5,96.3,30,1004,TS,NOAA IBTrACS v04r01
2002129N08096,2002,UNNAMED,2002-05-12 03:00:00,17.6,96.5,30,1004,TS,NOAA IBTrACS v04r01
2002129N08096,2002,UNNAMED,2002-05-12 06:00:00,18.3,96.6,25,1002,TS,NOAA IBTrACS v04r01
2002129N08096,2002,UNNAMED,2002-05-12 09:00:00,18.8,97.0,20,1004,TS,NOAA IBTrACS v04r01
2002129N08096,2002,UNNAMED,2002-05-12 12:00:00,19.2,97.4,15,1006,TS,NOAA IBTrACS v04r01
2002295N14082,2002,UNNAMED,2002-10-22 09:00:00,13.5,81.5,25,1002,TS,NOAA IBTrACS v04r01
2002295N14082,2002,UNNAMED,2002-10-22 12:00:00,13.5,81.5,25,1002,TS,NOAA IBTrACS v04r01
2002295N14082,2002,UNNAMED,2002-10-22 15:00:00,13.7,81.5,,,TS,NOAA IBTrACS v04r01
2002295N14082,2002,UNNAMED,2002-10-22 18:00:00,14.0,81.5,25,1004,TS,NOAA IBTrACS v04r01
2002295N14082,2002,UNNAMED,2002-10-22 21:00:00,14.1,81.5,,,TS,NOAA IBTrACS v04r01
2002295N14082,2002,UNNAMED,2002-10-23 00:00:00,14.0,81.5,,,TS,NOAA IBTrACS v04r01
2002295N14082,2002,UNNAMED,2002-10-23 03:00:00,14.0,81.5,25,1004,TS,NOAA IBTrACS v04r01
2002295N14082,2002,UNNAMED,2002-10-23 06:00:00,14.0,81.5,25,1004,TS,NOAA IBTrACS v04r01
2002295N14082,2002,UNNAMED,2002-10-23 09:00:00,14.0,81.5,,,TS,NOAA IBTrACS v04r01
2002295N14082,2002,UNNAMED,2002-10-23 12:00:00,14.0,81.5,25,1002,TS,NOAA IBTrACS v04r01
2002295N14082,2002,UNNAMED,2002-10-23 15:00:00,14.0,81.5,,,TS,NOAA IBTrACS v04r01
2002295N14082,2002,UNNAMED,2002-10-23 18:00:00,14.0,81.5,25,1004,TS,NOAA IBTrACS v04r01
2002314N12083,2002,UNNAMED,2002-11-09 18:00:00,11.7,82.5,25,1002,TS,NOAA IBTrACS v04r01
2002314N12083,2002,UNNAMED,2002-11-09 21:00:00,11.8,82.5,25,1002,TS,NOAA IBTrACS v04r01
2002314N12083,2002,UNNAMED,2002-11-10 00:00:00,11.9,82.5,25,1002,TS,NOAA IBTrACS v04r01
2002314N12083,2002,UNNAMED,2002-11-10 03:00:00,12.0,82.5,25,1004,TS,NOAA IBTrACS v04r01
2002314N12083,2002,UNNAMED,2002-11-10 06:00:00,12.1,82.5,25,1004,TS,NOAA IBTrACS v04r01
2002314N12083,2002,UNNAMED,2002-11-10 09:00:00,12.1,82.5,25,1002,TS,NOAA IBTrACS v04r01
2002314N12083,2002,UNNAMED,2002-11-10 12:00:00,12.3,82.6,30,1002,TS,NOAA IBTrACS v04r01
2002314N12083,2002,UNNAMED,2002-11-10 15:00:00,12.5,82.6,25,1002,TS,NOAA IBTrACS v04r01
2002314N12083,2002,UNNAMED,2002-11-10 18:00:00,12.8,82.7,30,1004,TS,NOAA IBTrACS v04r01
2002314N12083,2002,UNNAMED,2002-11-10 21:00:00,13.2,82.8,28,1001,TS,NOAA IBTrACS v04r01
2002314N12083,2002,UNNAMED,2002-11-11 00:00:00,13.6,83.0,30,1004,TS,NOAA IBTrACS v04r01
2002314N12083,2002,UNNAMED,2002-11-11 03:00:00,14.0,83.4,30,1004,TS,NOAA IBTrACS v04r01
2002314N12083,2002,UNNAMED,2002-11-11 06:00:00,14.4,83.9,30,1004,TS,NOAA IBTrACS v04r01
2002314N12083,2002,UNNAMED,2002-11-11 09:00:00,14.9,84.3,30,998,TS,NOAA IBTrACS v04r01
2002314N12083,2002,UNNAMED,2002-11-11 12:00:00,15.7,84.8,45,996,TS,NOAA IBTrACS v04r01
2002314N12083,2002,UNNAMED,2002-11-11 15:00:00,15.9,84.7,45,996,TS,NOAA IBTrACS v04r01
2002314N12083,2002,UNNAMED,2002-11-11 18:00:00,16.3,84.8,45,996,TS,NOAA IBTrACS v04r01
2002314N12083,2002,UNNAMED,2002-11-11 21:00:00,16.8,85.0,45,996,TS,NOAA IBTrACS v04r01
2002314N12083,2002,UNNAMED,2002-11-12 00:00:00,18.4,86.4,45,996,TS,NOAA IBTrACS v04r01
2002314N12083,2002,UNNAMED,2002-11-12 03:00:00,19.6,86.9,45,996,TS,NOAA IBTrACS v04r01
2002314N12083,2002,UNNAMED,2002-11-12 06:00:00,20.9,87.5,55,990,TS,NOAA IBTrACS v04r01
2002314N12083,2002,UNNAMED,2002-11-12 09:00:00,22.3,88.4,43,992,TS,NOAA IBTrACS v04r01
2002314N12083,2002,UNNAMED,2002-11-12 12:00:00,23.7,89.7,30,1000,TS,NOAA IBTrACS v04r01
2002314N12083,2002,UNNAMED,2002-11-12 15:00:00,25.0,91.5,,,TS,NOAA IBTrACS v04r01
2002327N10089,2002,UNNAMED,2002-11-22 18:00:00,9.5,88.8,25,1002,TS,NOAA IBTrACS v04r01
2002327N10089,2002,UNNAMED,2002-11-22 21:00:00,9.8,88.7,25,1002,TS,NOAA IBTrACS v04r01
2002327N10089,2002,UNNAMED,2002-11-23 00:00:00,10.1,88.7,25,1002,TS,NOAA IBTrACS v04r01
2002327N10089,2002,UNNAMED,2002-11-23 03:00:00,10.3,88.4,25,1004,TS,NOAA IBTrACS v04r01
2002327N10089,2002,UNNAMED,2002-11-23 06:00:00,10.6,88.1,25,1004,TS,NOAA IBTrACS v04r01
2002327N10089,2002,UNNAMED,2002-11-23 09:00:00,11.2,88.0,30,1000,TS,NOAA IBTrACS v04r01
2002327N10089,2002,UNNAMED,2002-11-23 12:00:00,11.8,87.9,25,1002,TS,NOAA IBTrACS v04r01
2002327N10089,2002,UNNAMED,2002-11-23 15:00:00,12.1,87.8,40,994,TS,NOAA IBTrACS v04r01
2002327N10089,2002,UNNAMED,2002-11-23 18:00:00,12.4,87.9,30,1002,TS,NOAA IBTrACS v04r01
2002327N10089,2002,UNNAMED,2002-11-23 21:00:00,12.7,88.1,30,1002,TS,NOAA IBTrACS v04r01
2002327N10089,2002,UNNAMED,2002-11-24 00:00:00,13.2,88.1,30,1002,TS,NOAA IBTrACS v04r01
2002327N10089,2002,UNNAMED,2002-11-24 03:00:00,13.4,88.0,35,1002,TS,NOAA IBTrACS v04r01
2002327N10089,2002,UNNAMED,2002-11-24 06:00:00,13.8,88.0,35,1002,TS,NOAA IBTrACS v04r01
2002327N10089,2002,UNNAMED,2002-11-24 09:00:00,14.1,88.0,35,1000,TS,NOAA IBTrACS v04r01
2002327N10089,2002,UNNAMED,2002-11-24 12:00:00,14.7,88.2,35,1000,TS,NOAA IBTrACS v04r01
2002327N10089,2002,UNNAMED,2002-11-24 15:00:00,14.8,88.2,35,1000,TS,NOAA IBTrACS v04r01
2002327N10089,2002,UNNAMED,2002-11-24 18:00:00,14.8,88.2,35,1000,TS,NOAA IBTrACS v04r01
2002327N10089,2002,UNNAMED,2002-11-24 21:00:00,15.0,88.1,35,997,TS,NOAA IBTrACS v04r01
2002327N10089,2002,UNNAMED,2002-11-25 00:00:00,15.2,88.1,35,1002,TS,NOAA IBTrACS v04r01
2002327N10089,2002,UNNAMED,2002-11-25 03:00:00,15.2,88.0,35,1002,TS,NOAA IBTrACS v04r01
2002327N10089,2002,UNNAMED,2002-11-25 06:00:00,15.3,88.0,35,1002,TS,NOAA IBTrACS v04r01
2002327N10089,2002,UNNAMED,2002-11-25 09:00:00,15.4,87.9,35,1002,TS,NOAA IBTrACS v04r01
2002327N10089,2002,UNNAMED,2002-11-25 12:00:00,15.4,87.9,35,1000,TS,NOAA IBTrACS v04r01
2002327N10089,2002,UNNAMED,2002-11-25 15:00:00,15.5,88.0,35,1002,TS,NOAA IBTrACS v04r01
2002327N10089,2002,UNNAMED,2002-11-25 18:00:00,15.5,88.0,35,1002,TS,NOAA IBTrACS v04r01
2002327N10089,2002,UNNAMED,2002-11-25 21:00:00,15.8,88.0,,,TS,NOAA IBTrACS v04r01
2002327N10089,2002,UNNAMED,2002-11-26 00:00:00,16.0,88.0,35,1002,TS,NOAA IBTrACS v04r01
2002327N10089,2002,UNNAMED,2002-11-26 03:00:00,16.0,88.0,35,1002,TS,NOAA IBTrACS v04r01
2002327N10089,2002,UNNAMED,2002-11-26 06:00:00,16.0,88.0,35,1002,TS,NOAA IBTrACS v04r01
2002327N10089,2002,UNNAMED,2002-11-26 09:00:00,16.0,88.0,35,1000,TS,NOAA IBTrACS v04r01
2002327N10089,2002,UNNAMED,2002-11-26 12:00:00,16.5,88.5,35,1000,TS,NOAA IBTrACS v04r01
2002327N10089,2002,UNNAMED,2002-11-26 15:00:00,16.5,89.0,35,1002,TS,NOAA IBTrACS v04r01
2002327N10089,2002,UNNAMED,2002-11-26 18:00:00,16.5,89.5,35,1002,TS,NOAA IBTrACS v04r01
2002327N10089,2002,UNNAMED,2002-11-26 21:00:00,16.5,89.5,35,1002,TS,NOAA IBTrACS v04r01
2002327N10089,2002,UNNAMED,2002-11-27 00:00:00,16.5,90.0,35,1002,TS,NOAA IBTrACS v04r01
2002327N10089,2002,UNNAMED,2002-11-27 03:00:00,17.0,90.0,35,1004,TS,NOAA IBTrACS v04r01
2002327N10089,2002,UNNAMED,2002-11-27 06:00:00,17.0,90.5,35,1004,TS,NOAA IBTrACS v04r01
2002327N10089,2002,UNNAMED,2002-11-27 09:00:00,17.1,90.8,,,TS,NOAA IBTrACS v04r01
2002327N10089,2002,UNNAMED,2002-11-27 12:00:00,17.2,91.0,30,1006,TS,NOAA IBTrACS v04r01
2002327N10089,2002,UNNAMED,2002-11-27 15:00:00,17.4,91.0,,,TS,NOAA IBTrACS v04r01
2002327N10089,2002,UNNAMED,2002-11-27 18:00:00,17.5,91.0,25,1006,TS,NOAA IBTrACS v04r01
2002327N10089,2002,UNNAMED,2002-11-27 21:00:00,17.5,90.9,,,TS,NOAA IBTrACS v04r01
2002327N10089,2002,UNNAMED,2002-11-28 00:00:00,17.5,91.0,25,1008,TS,NOAA IBTrACS v04r01
2002327N10089,2002,UNNAMED,2002-11-28 03:00:00,17.5,91.5,25,1008,TS,NOAA IBTrACS v04r01
2002327N10089,2002,UNNAMED,2002-11-28 06:00:00,17.5,91.5,25,1008,TS,NOAA IBTrACS v04r01
2002327N10089,2002,UNNAMED,2002-11-28 09:00:00,17.7,91.7,,,TS,NOAA IBTrACS v04r01
2002327N10089,2002,UNNAMED,2002-11-28 12:00:00,18.0,92.0,25,1008,TS,NOAA IBTrACS v04r01
2002355N04077,2002,UNNAMED,2002-12-21 03:00:00,4.0,77.0,25,1006,TS,NOAA IBTrACS v04r01
2002355N04077,2002,UNNAMED,2002-12-21 06:00:00,1.9,78.7,25,1006,TS,NOAA IBTrACS v04r01
2002355N04077,2002,UNNAMED,2002-12-21 09:00:00,2.0,78.8,25,1002,TS,NOAA IBTrACS v04r01
2002355N04077,2002,UNNAMED,2002-12-21 12:00:00,2.2,78.9,25,1006,TS,NOAA IBTrACS v04r01
2002355N04077,2002,UNNAMED,2002-12-21 15:00:00,2.4,79.1,25,1002,TS,NOAA IBTrACS v04r01
2002355N04077,2002,UNNAMED,2002-12-21 18:00:00,2.6,79.4,25,1006,TS,NOAA IBTrACS v04r01
2002355N04077,2002,UNNAMED,2002-12-21 21:00:00,2.8,79.7,25,1002,TS,NOAA IBTrACS v04r01
2002355N04077,2002,UNNAMED,2002-12-22 00:00:00,3.0,79.9,25,1006,TS,NOAA IBTrACS v04r01
2002355N04077,2002,UNNAMED,2002-12-22 03:00:00,3.2,80.2,25,1006,TS,NOAA IBTrACS v04r01
2002355N04077,2002,UNNAMED,2002-12-22 06:00:00,3.4,80.4,25,1006,TS,NOAA IBTrACS v04r01
2002355N04077,2002,UNNAMED,2002-12-22 09:00:00,3.5,80.5,25,1002,TS,NOAA IBTrACS v04r01
2002355N04077,2002,UNNAMED,2002-12-22 12:00:00,3.7,80.4,25,1006,TS,NOAA IBTrACS v04r01
2002355N04077,2002,UNNAMED,2002-12-22 15:00:00,3.9,80.4,28,1001,TS,NOAA IBTrACS v04r01
2002355N04077,2002,UNNAMED,2002-12-22 18:00:00,4.0,80.4,25,1006,TS,NOAA IBTrACS v04r01
2002355N04077,2002,UNNAMED,2002-12-22 21:00:00,4.1,80.5,30,1000,TS,NOAA IBTrACS v04r01
2002355N04077,2002,UNNAMED,2002-12-23 00:00:00,4.2,80.7,25,1006,TS,NOAA IBTrACS v04r01
2002355N04077,2002,UNNAMED,2002-12-23 03:00:00,4.3,80.7,25,1006,TS,NOAA IBTrACS v04r01
2002355N04077,2002,UNNAMED,2002-12-23 06:00:00,4.3,80.8,25,1004,TS,NOAA IBTrACS v04r01
2002355N04077,2002,UNNAMED,2002-12-23 09:00:00,4.6,81.0,30,1000,TS,NOAA IBTrACS v04r01
2002355N04077,2002,UNNAMED,2002-12-23 12:00:00,4.9,81.2,25,1004,TS,NOAA IBTrACS v04r01
2002355N04077,2002,UNNAMED,2002-12-23 15:00:00,5.0,81.4,33,999,TS,NOAA IBTrACS v04r01
2002355N04077,2002,UNNAMED,2002-12-23 18:00:00,5.1,81.5,30,1004,TS,NOAA IBTrACS v04r01
2002355N04077,2002,UNNAMED,2002-12-23 21:00:00,5.1,81.6,35,997,TS,NOAA IBTrACS v04r01
2002355N04077,2002,UNNAMED,2002-12-24 00:00:00,5.3,81.8,30,1004,TS,NOAA IBTrACS v04r01
2002355N04077,2002,UNNAMED,2002-12-24 03:00:00,5.6,82.2,35,1002,TS,NOAA IBTrACS v04r01
2002355N04077,2002,UNNAMED,2002-12-24 06:00:00,5.7,82.4,35,1002,TS,NOAA IBTrACS v04r01
2002355N04077,2002,UNNAMED,2002-12-24 09:00:00,6.0,82.8,35,1002,TS,NOAA IBTrACS v04r01
2002355N04077,2002,UNNAMED,2002-12-24 12:00:00,6.1,83.0,35,1000,TS,NOAA IBTrACS v04r01
2002355N04077,2002,UNNAMED,2002-12-24 15:00:00,6.5,83.4,35,1000,TS,NOAA IBTrACS v04r01
2002355N04077,2002,UNNAMED,2002-12-24 18:00:00,6.6,83.6,35,1002,TS,NOAA IBTrACS v04r01
2002355N04077,2002,UNNAMED,2002-12-24 21:00:00,6.7,83.7,35,1002,TS,NOAA IBTrACS v04r01
2002355N04077,2002,UNNAMED,2002-12-25 00:00:00,7.1,84.3,35,1002,TS,NOAA IBTrACS v04r01
2002355N04077,2002,UNNAMED,2002-12-25 03:00:00,7.2,84.4,30,1004,TS,NOAA IBTrACS v04r01
2002355N04077,2002,UNNAMED,2002-12-25 06:00:00,7.3,85.1,30,1004,TS,NOAA IBTrACS v04r01
2002355N04077,2002,UNNAMED,2002-12-25 09:00:00,7.6,85.7,35,997,TS,NOAA IBTrACS v04r01
2002355N04077,2002,UNNAMED,2002-12-25 12:00:00,7.8,86.1,25,1004,TS,NOAA IBTrACS v04r01
2002355N04077,2002,UNNAMED,2002-12-25 15:00:00,7.9,86.3,25,1004,TS,NOAA IBTrACS v04r01
2002355N04077,2002,UNNAMED,2002-12-25 18:00:00,8.2,86.7,30,1000,TS,NOAA IBTrACS v04r01
2003129N05091,2003,UNNAMED,2003-05-08 12:00:00,5.0,91.3,15,1006,TS,NOAA IBTrACS v04r01
2003129N05091,2003,UNNAMED,2003-05-08 15:00:00,4.9,91.3,18,1005,TS,NOAA IBTrACS v04r01
2003129N05091,2003,UNNAMED,2003-05-08 18:00:00,4.8,91.2,20,1004,TS,NOAA IBTrACS v04r01
2003129N05091,2003,UNNAMED,2003-05-08 21:00:00,4.7,91.2,20,1004,TS,NOAA IBTrACS v04r01
2003129N05091,2003,UNNAMED,2003-05-09 00:00:00,4.5,91.1,20,1004,TS,NOAA IBTrACS v04r01
2003129N05091,2003,UNNAMED,2003-05-09 03:00:00,4.3,91.1,23,1003,TS,NOAA IBTrACS v04r01
2003129N05091,2003,UNNAMED,2003-05-09 06:00:00,4.2,91.0,25,1002,TS,NOAA IBTrACS v04r01
2003129N05091,2003,UNNAMED,2003-05-09 09:00:00,4.2,90.9,25,1002,TS,NOAA IBTrACS v04r01
2003129N05091,2003,UNNAMED,2003-05-09 12:00:00,4.4,90.7,25,1002,TS,NOAA IBTrACS v04r01
2003129N05091,2003,UNNAMED,2003-05-09 15:00:00,4.7,90.5,25,1002,TS,NOAA IBTrACS v04r01
2003129N05091,2003,UNNAMED,2003-05-09 18:00:00,5.1,90.4,25,1002,TS,NOAA IBTrACS v04r01
2003129N05091,2003,UNNAMED,2003-05-09 21:00:00,5.5,90.3,25,1002,TS,NOAA IBTrACS v04r01
2003129N05091,2003,UNNAMED,2003-05-10 00:00:00,6.0,90.2,25,1002,TS,NOAA IBTrACS v04r01
2003129N05091,2003,UNNAMED,2003-05-10 03:00:00,6.4,90.2,25,1002,TS,NOAA IBTrACS v04r01
2003129N05091,2003,UNNAMED,2003-05-10 06:00:00,6.6,90.1,25,1002,TS,NOAA IBTrACS v04r01
2003129N05091,2003,UNNAMED,2003-05-10 09:00:00,7.2,90.1,25,1002,TS,NOAA IBTrACS v04r01
2003129N05091,2003,UNNAMED,2003-05-10 12:00:00,7.9,89.5,30,1002,TS,NOAA IBTrACS v04r01
2003129N05091,2003,UNNAMED,2003-05-10 15:00:00,8.1,89.3,30,1000,TS,NOAA IBTrACS v04r01
2003129N05091,2003,UNNAMED,2003-05-10 18:00:00,8.6,88.9,30,1000,TS,NOAA IBTrACS v04r01
2003129N05091,2003,UNNAMED,2003-05-10 21:00:00,8.8,88.7,30,1000,TS,NOAA IBTrACS v04r01
2003129N05091,2003,UNNAMED,2003-05-11 00:00:00,9.3,88.3,35,1000,TS,NOAA IBTrACS v04r01
2003129N05091,2003,UNNAMED,2003-05-11 03:00:00,9.8,87.6,35,998,TS,NOAA IBTrACS v04r01
2003129N05091,2003,UNNAMED,2003-05-11 06:00:00,10.2,87.2,35,998,TS,NOAA IBTrACS v04r01
2003129N05091,2003,UNNAMED,2003-05-11 09:00:00,10.3,87.0,45,998,TS,NOAA IBTrACS v04r01
2003129N05091,2003,UNNAMED,2003-05-11 12:00:00,10.6,86.7,55,990,TS,NOAA IBTrACS v04r01
2003129N05091,2003,UNNAMED,2003-05-11 15:00:00,10.6,86.5,55,990,TS,NOAA IBTrACS v04r01
2003129N05091,2003,UNNAMED,2003-05-11 18:00:00,10.9,86.2,55,990,TS,NOAA IBTrACS v04r01
2003129N05091,2003,UNNAMED,2003-05-11 21:00:00,10.8,86.2,55,986,TS,NOAA IBTrACS v04r01
2003129N05091,2003,UNNAMED,2003-05-12 00:00:00,10.7,86.2,55,986,TS,NOAA IBTrACS v04r01
2003129N05091,2003,UNNAMED,2003-05-12 03:00:00,10.8,86.2,55,986,TS,NOAA IBTrACS v04r01
2003129N05091,2003,UNNAMED,2003-05-12 06:00:00,11.0,86.2,55,986,TS,NOAA IBTrACS v04r01
2003129N05091,2003,UNNAMED,2003-05-12 09:00:00,11.1,86.3,55,986,TS,NOAA IBTrACS v04r01
2003129N05091,2003,UNNAMED,2003-05-12 12:00:00,11.4,86.1,55,986,TS,NOAA IBTrACS v04r01
2003129N05091,2003,UNNAMED,2003-05-12 15:00:00,11.5,86.2,55,986,TS,NOAA IBTrACS v04r01
2003129N05091,2003,UNNAMED,2003-05-12 18:00:00,11.7,86.2,65,982,TS,NOAA IBTrACS v04r01
2003129N05091,2003,UNNAMED,2003-05-12 21:00:00,11.8,86.1,65,982,TS,NOAA IBTrACS v04r01
2003129N05091,2003,UNNAMED,2003-05-13 00:00:00,11.9,86.0,65,982,TS,NOAA IBTrACS v04r01
2003129N05091,2003,UNNAMED,2003-05-13 03:00:00,12.2,85.6,65,982,TS,NOAA IBTrACS v04r01
2003129N05091,2003,UNNAMED,2003-05-13 06:00:00,12.5,85.6,75,980,TS,NOAA IBTrACS v04r01
2003129N05091,2003,UNNAMED,2003-05-13 09:00:00,12.6,85.5,75,980,TS,NOAA IBTrACS v04r01
2003129N05091,2003,UNNAMED,2003-05-13 12:00:00,12.7,85.5,65,982,TS,NOAA IBTrACS v04r01
2003129N05091,2003,UNNAMED,2003-05-13 15:00:00,12.8,85.5,65,982,TS,NOAA IBTrACS v04r01
2003129N05091,2003,UNNAMED,2003-05-13 18:00:00,13.1,85.5,65,982,TS,NOAA IBTrACS v04r01
2003129N05091,2003,UNNAMED,2003-05-13 21:00:00,13.2,85.4,65,982,TS,NOAA IBTrACS v04r01
2003129N05091,2003,UNNAMED,2003-05-14 00:00:00,13.6,85.5,65,980,TS,NOAA IBTrACS v04r01
2003129N05091,2003,UNNAMED,2003-05-14 03:00:00,14.0,85.5,65,982,TS,NOAA IBTrACS v04r01
2003129N05091,2003,UNNAMED,2003-05-14 06:00:00,14.1,85.5,55,986,TS,NOAA IBTrACS v04r01
2003129N05091,2003,UNNAMED,2003-05-14 09:00:00,14.4,85.8,55,986,TS,NOAA IBTrACS v04r01
2003129N05091,2003,UNNAMED,2003-05-14 12:00:00,14.5,86.0,45,990,TS,NOAA IBTrACS v04r01
2003129N05091,2003,UNNAMED,2003-05-14 15:00:00,14.6,86.1,35,990,TS,NOAA IBTrACS v04r01
2003129N05091,2003,UNNAMED,2003-05-14 18:00:00,14.6,86.1,35,994,TS,NOAA IBTrACS v04r01
2003129N05091,2003,UNNAMED,2003-05-14 21:00:00,14.6,86.3,35,994,TS,NOAA IBTrACS v04r01
2003129N05091,2003,UNNAMED,2003-05-15 00:00:00,14.7,86.2,35,992,TS,NOAA IBTrACS v04r01
2003129N05091,2003,UNNAMED,2003-05-15 03:00:00,14.6,86.1,35,994,TS,NOAA IBTrACS v04r01
2003129N05091,2003,UNNAMED,2003-05-15 06:00:00,14.5,86.1,35,994,TS,NOAA IBTrACS v04r01
2003129N05091,2003,UNNAMED,2003-05-15 09:00:00,14.4,86.2,35,994,TS,NOAA IBTrACS v04r01
2003129N05091,2003,UNNAMED,2003-05-15 12:00:00,14.4,86.3,35,994,TS,NOAA IBTrACS v04r01
2003129N05091,2003,UNNAMED,2003-05-15 15:00:00,14.4,86.3,35,994,TS,NOAA IBTrACS v04r01
2003129N05091,2003,UNNAMED,2003-05-15 18:00:00,14.5,86.4,35,994,TS,NOAA IBTrACS v04r01
2003129N05091,2003,UNNAMED,2003-05-15 21:00:00,14.5,86.5,35,994,TS,NOAA IBTrACS v04r01
2003129N05091,2003,UNNAMED,2003-05-16 00:00:00,14.5,86.6,35,994,TS,NOAA IBTrACS v04r01
2003129N05091,2003,UNNAMED,2003-05-16 03:00:00,14.4,86.8,35,996,TS,NOAA IBTrACS v04r01
2003129N05091,2003,UNNAMED,2003-05-16 06:00:00,14.4,86.8,35,996,TS,NOAA IBTrACS v04r01
2003129N05091,2003,UNNAMED,2003-05-16 09:00:00,14.3,86.7,35,996,TS,NOAA IBTrACS v04r01
2003129N05091,2003,UNNAMED,2003-05-16 12:00:00,14.3,86.9,30,996,TS,NOAA IBTrACS v04r01
2003129N05091,2003,UNNAMED,2003-05-16 15:00:00,14.2,86.9,30,996,TS,NOAA IBTrACS v04r01
2003129N05091,2003,UNNAMED,2003-05-16 18:00:00,14.1,86.9,30,996,TS,NOAA IBTrACS v04r01
2003129N05091,2003,UNNAMED,2003-05-16 21:00:00,14.0,87.0,30,996,TS,NOAA IBTrACS v04r01
2003129N05091,2003,UNNAMED,2003-05-17 00:00:00,13.9,87.2,30,996,TS,NOAA IBTrACS v04r01
2003129N05091,2003,UNNAMED,2003-05-17 03:00:00,13.8,87.7,30,998,TS,NOAA IBTrACS v04r01
2003129N05091,2003,UNNAMED,2003-05-17 06:00:00,13.8,87.9,30,998,TS,NOAA IBTrACS v04r01
2003129N05091,2003,UNNAMED,2003-05-17 09:00:00,13.8,88.1,30,998,TS,NOAA IBTrACS v04r01
2003129N05091,2003,UNNAMED,2003-05-17 12:00:00,13.9,88.7,30,998,TS,NOAA IBTrACS v04r01
2003129N05091,2003,UNNAMED,2003-05-17 15:00:00,14.0,89.1,30,998,TS,NOAA IBTrACS v04r01
2003129N05091,2003,UNNAMED,2003-05-17 18:00:00,14.1,89.6,30,998,TS,NOAA IBTrACS v04r01
2003129N05091,2003,UNNAMED,2003-05-17 21:00:00,14.2,90.1,30,998,TS,NOAA IBTrACS v04r01
2003129N05091,2003,UNNAMED,2003-05-18 00:00:00,14.4,90.5,30,1000,TS,NOAA IBTrACS v04r01
2003129N05091,2003,UNNAMED,2003-05-18 03:00:00,14.6,90.9,30,1000,TS,NOAA IBTrACS v04r01
2003129N05091,2003,UNNAMED,2003-05-18 06:00:00,14.9,91.0,30,1000,TS,NOAA IBTrACS v04r01
2003129N05091,2003,UNNAMED,2003-05-18 09:00:00,15.0,91.2,30,1000,TS,NOAA IBTrACS v04r01
2003129N05091,2003,UNNAMED,2003-05-18 12:00:00,15.2,91.7,30,998,TS,NOAA IBTrACS v04r01
2003129N05091,2003,UNNAMED,2003-05-18 15:00:00,15.4,91.8,30,998,TS,NOAA IBTrACS v04r01
2003129N05091,2003,UNNAMED,2003-05-18 18:00:00,15.9,92.3,30,998,TS,NOAA IBTrACS v04r01
2003129N05091,2003,UNNAMED,2003-05-18 21:00:00,16.3,92.3,30,998,TS,NOAA IBTrACS v04r01
2003129N05091,2003,UNNAMED,2003-05-19 00:00:00,16.8,92.6,30,998,TS,NOAA IBTrACS v04r01
2003129N05091,2003,UNNAMED,2003-05-19 03:00:00,17.2,92.9,30,998,TS,NOAA IBTrACS v04r01
2003129N05091,2003,UNNAMED,2003-05-19 06:00:00,17.9,93.2,35,996,TS,NOAA IBTrACS v04r01
2003129N05091,2003,UNNAMED,2003-05-19 09:00:00,18.3,93.2,35,994,TS,NOAA IBTrACS v04r01
2003129N05091,2003,UNNAMED,2003-05-19 12:00:00,18.7,93.6,35,994,TS,NOAA IBTrACS v04r01
2003129N05091,2003,UNNAMED,2003-05-19 15:00:00,19.2,93.7,35,994,TS,NOAA IBTrACS v04r01
2003129N05091,2003,UNNAMED,2003-05-19 18:00:00,19.6,94.0,45,994,TS,NOAA IBTrACS v04r01
2003129N05091,2003,UNNAMED,2003-05-19 21:00:00,20.0,94.5,,,TS,NOAA IBTrACS v04r01
2003206N21089,2003,UNNAMED,2003-07-25 03:00:00,21.0,89.0,25,992,TS,NOAA IBTrACS v04r01
2003206N21089,2003,UNNAMED,2003-07-25 06:00:00,21.2,88.7,,,TS,NOAA IBTrACS v04r01
2003206N21089,2003,UNNAMED,2003-07-25 09:00:00,21.3,88.3,,,TS,NOAA IBTrACS v04r01
2003206N21089,2003,UNNAMED,2003-07-25 12:00:00,21.5,88.0,30,988,TS,NOAA IBTrACS v04r01
2003206N21089,2003,UNNAMED,2003-07-25 15:00:00,21.6,87.7,,,TS,NOAA IBTrACS v04r01
2003206N21089,2003,UNNAMED,2003-07-25 18:00:00,21.8,87.3,,,TS,NOAA IBTrACS v04r01
2003206N21089,2003,UNNAMED,2003-07-25 21:00:00,21.9,87.0,,,TS,NOAA IBTrACS v04r01
2003206N21089,2003,UNNAMED,2003-07-26 00:00:00,21.9,86.5,,,TS,NOAA IBTrACS v04r01
2003206N21089,2003,UNNAMED,2003-07-26 03:00:00,22.0,86.0,30,990,TS,NOAA IBTrACS v04r01
2003206N21089,2003,UNNAMED,2003-07-26 06:00:00,22.0,85.4,,,TS,NOAA IBTrACS v04r01
2003206N21089,2003,UNNAMED,2003-07-26 09:00:00,22.0,84.7,,,TS,NOAA IBTrACS v04r01
2003206N21089,2003,UNNAMED,2003-07-26 12:00:00,22.0,84.0,30,988,TS,NOAA IBTrACS v04r01
2003206N21089,2003,UNNAMED,2003-07-26 15:00:00,22.0,83.3,,,TS,NOAA IBTrACS v04r01
2003206N21089,2003,UNNAMED,2003-07-26 18:00:00,22.1,82.5,,,TS,NOAA IBTrACS v04r01
2003206N21089,2003,UNNAMED,2003-07-26 21:00:00,22.2,81.7,,,TS,NOAA IBTrACS v04r01
2003206N21089,2003,UNNAMED,2003-07-27 00:00:00,22.4,80.8,,,TS,NOAA IBTrACS v04r01
2003206N21089,2003,UNNAMED,2003-07-27 03:00:00,22.5,80.0,25,992,TS,NOAA IBTrACS v04r01
2003206N21089,2003,UNNAMED,2003-07-27 06:00:00,22.7,79.1,,,TS,NOAA IBTrACS v04r01
2003206N21089,2003,UNNAMED,2003-07-27 09:00:00,22.8,78.2,,,TS,NOAA IBTrACS v04r01
2003206N21089,2003,UNNAMED,2003-07-27 12:00:00,23.0,77.5,25,992,TS,NOAA IBTrACS v04r01
2003206N21089,2003,UNNAMED,2003-07-27 15:00:00,23.2,77.0,,,TS,NOAA IBTrACS v04r01
2003206N21089,2003,UNNAMED,2003-07-27 18:00:00,23.4,76.7,,,TS,NOAA IBTrACS v04r01
2003206N21089,2003,UNNAMED,2003-07-27 21:00:00,23.6,76.6,,,TS,NOAA IBTrACS v04r01
2003206N21089,2003,UNNAMED,2003-07-28 00:00:00,23.8,76.5,,,TS,NOAA IBTrACS v04r01
2003206N21089,2003,UNNAMED,2003-07-28 03:00:00,24.0,76.5,25,994,TS,NOAA IBTrACS v04r01
2003240N21089,2003,UNNAMED,2003-08-27 12:00:00,20.5,88.5,25,996,TS,NOAA IBTrACS v04r01
2003240N21089,2003,UNNAMED,2003-08-27 15:00:00,20.6,87.9,,,TS,NOAA IBTrACS v04r01
2003240N21089,2003,UNNAMED,2003-08-27 18:00:00,20.7,87.3,,,TS,NOAA IBTrACS v04r01
2003240N21089,2003,UNNAMED,2003-08-27 21:00:00,20.8,86.7,,,TS,NOAA IBTrACS v04r01
2003240N21089,2003,UNNAMED,2003-08-28 00:00:00,20.9,86.1,,,TS,NOAA IBTrACS v04r01
2003240N21089,2003,UNNAMED,2003-08-28 03:00:00,21.0,85.5,25,996,TS,NOAA IBTrACS v04r01
2003240N21089,2003,UNNAMED,2003-08-28 06:00:00,21.0,85.5,,,TS,NOAA IBTrACS v04r01
2003240N21089,2003,UNNAMED,2003-08-28 09:00:00,21.0,85.5,,,TS,NOAA IBTrACS v04r01
2003240N21089,2003,UNNAMED,2003-08-28 12:00:00,21.0,85.5,25,996,TS,NOAA IBTrACS v04r01
2003279N17084,2003,UNNAMED,2003-10-06 03:00:00,16.5,84.0,25,998,TS,NOAA IBTrACS v04r01
2003279N17084,2003,UNNAMED,2003-10-06 06:00:00,16.7,84.0,,,TS,NOAA IBTrACS v04r01
2003279N17084,2003,UNNAMED,2003-10-06 09:00:00,17.0,84.0,25,998,TS,NOAA IBTrACS v04r01
2003279N17084,2003,UNNAMED,2003-10-06 12:00:00,17.5,84.0,25,998,TS,NOAA IBTrACS v04r01
2003279N17084,2003,UNNAMED,2003-10-06 15:00:00,17.9,83.9,,,TS,NOAA IBTrACS v04r01
2003279N17084,2003,UNNAMED,2003-10-06 18:00:00,18.3,83.7,,,TS,NOAA IBTrACS v04r01
2003279N17084,2003,UNNAMED,2003-10-06 21:00:00,18.6,83.4,,,TS,NOAA IBTrACS v04r01
2003279N17084,2003,UNNAMED,2003-10-07 00:00:00,18.9,83.2,,,TS,NOAA IBTrACS v04r01
2003279N17084,2003,UNNAMED,2003-10-07 03:00:00,19.0,83.0,25,998,TS,NOAA IBTrACS v04r01
2003279N17084,2003,UNNAMED,2003-10-07 06:00:00,19.0,83.0,,,TS,NOAA IBTrACS v04r01
2003279N17084,2003,UNNAMED,2003-10-07 09:00:00,19.0,83.0,,,TS,NOAA IBTrACS v04r01
2003279N17084,2003,UNNAMED,2003-10-07 12:00:00,19.0,83.0,25,998,TS,NOAA IBTrACS v04r01
2003279N17084,2003,UNNAMED,2003-10-07 15:00:00,19.3,82.8,,,TS,NOAA IBTrACS v04r01
2003279N17084,2003,UNNAMED,2003-10-07 18:00:00,19.7,82.6,,,TS,NOAA IBTrACS v04r01
2003279N17084,2003,UNNAMED,2003-10-07 21:00:00,20.2,82.4,,,TS,NOAA IBTrACS v04r01
2003279N17084,2003,UNNAMED,2003-10-08 00:00:00,20.6,82.3,,,TS,NOAA IBTrACS v04r01
2003279N17084,2003,UNNAMED,2003-10-08 03:00:00,21.0,82.5,25,998,TS,NOAA IBTrACS v04r01
2003279N17084,2003,UNNAMED,2003-10-08 06:00:00,21.2,83.1,,,TS,NOAA IBTrACS v04r01
2003279N17084,2003,UNNAMED,2003-10-08 09:00:00,21.3,83.8,,,TS,NOAA IBTrACS v04r01
2003279N17084,2003,UNNAMED,2003-10-08 12:00:00,21.5,84.5,25,1000,TS,NOAA IBTrACS v04r01
2003279N17084,2003,UNNAMED,2003-10-08 15:00:00,21.8,84.9,,,TS,NOAA IBTrACS v04r01
2003279N17084,2003,UNNAMED,2003-10-08 18:00:00,22.1,85.3,,,TS,NOAA IBTrACS v04r01
2003279N17084,2003,UNNAMED,2003-10-08 21:00:00,22.6,85.5,,,TS,NOAA IBTrACS v04r01
2003279N17084,2003,UNNAMED,2003-10-09 00:00:00,23.0,85.8,,,TS,NOAA IBTrACS v04r01
2003279N17084,2003,UNNAMED,2003-10-09 03:00:00,23.5,86.0,25,1000,TS,NOAA IBTrACS v04r01
2003279N17084,2003,UNNAMED,2003-10-09 06:00:00,24.0,86.3,,,TS,NOAA IBTrACS v04r01
2003279N17084,2003,UNNAMED,2003-10-09 09:00:00,24.5,86.6,,,TS,NOAA IBTrACS v04r01
2003279N17084,2003,UNNAMED,2003-10-09 12:00:00,25.0,87.0,25,1000,TS,NOAA IBTrACS v04r01
2003295N09101,2003,UNNAMED,2003-10-21 12:00:00,9.1,101.4,25,1002,TS,NOAA IBTrACS v04r01
2003295N09101,2003,UNNAMED,2003-10-21 15:00:00,9.3,101.4,25,1002,TS,NOAA IBTrACS v04r01
2003295N09101,2003,UNNAMED,2003-10-21 18:00:00,9.4,101.4,25,1002,TS,NOAA IBTrACS v04r01
2003295N09101,2003,UNNAMED,2003-10-21 21:00:00,9.5,101.4,25,1002,TS,NOAA IBTrACS v04r01
2003295N09101,2003,UNNAMED,2003-10-22 00:00:00,9.5,101.4,25,1002,TS,NOAA IBTrACS v04r01
2003295N09101,2003,UNNAMED,2003-10-22 03:00:00,9.5,101.4,25,1002,TS,NOAA IBTrACS v04r01
2003295N09101,2003,UNNAMED,2003-10-22 06:00:00,9.6,101.4,25,1002,TS,NOAA IBTrACS v04r01
2003295N09101,2003,UNNAMED,2003-10-22 09:00:00,9.6,101.4,28,1001,TS,NOAA IBTrACS v04r01
2003295N09101,2003,UNNAMED,2003-10-22 12:00:00,9.7,101.3,30,1000,TS,NOAA IBTrACS v04r01
2003295N09101,2003,UNNAMED,2003-10-22 15:00:00,9.8,101.3,28,1001,TS,NOAA IBTrACS v04r01
2003295N09101,2003,UNNAMED,2003-10-22 18:00:00,9.9,101.3,25,1002,TS,NOAA IBTrACS v04r01
2003295N09101,2003,UNNAMED,2003-10-22 21:00:00,10.0,101.2,25,1002,TS,NOAA IBTrACS v04r01
2003295N09101,2003,UNNAMED,2003-10-23 00:00:00,10.1,101.1,25,1002,TS,NOAA IBTrACS v04r01
2003295N09101,2003,UNNAMED,2003-10-23 03:00:00,10.2,101.0,25,1002,TS,NOAA IBTrACS v04r01
2003295N09101,2003,UNNAMED,2003-10-23 06:00:00,10.4,101.0,25,1002,TS,NOAA IBTrACS v04r01
2003295N09101,2003,UNNAMED,2003-10-23 09:00:00,10.5,101.0,25,1002,TS,NOAA IBTrACS v04r01
2003295N09101,2003,UNNAMED,2003-10-23 12:00:00,10.7,101.0,25,1002,TS,NOAA IBTrACS v04r01
2003295N09101,2003,UNNAMED,2003-10-23 15:00:00,10.8,101.1,25,1002,TS,NOAA IBTrACS v04r01
2003295N09101,2003,UNNAMED,2003-10-23 18:00:00,11.0,101.1,25,1002,TS,NOAA IBTrACS v04r01
2003295N09101,2003,UNNAMED,2003-10-23 21:00:00,11.2,101.1,25,1002,TS,NOAA IBTrACS v04r01
2003295N09101,2003,UNNAMED,2003-10-24 00:00:00,11.4,101.0,25,1002,TS,NOAA IBTrACS v04r01
2003295N09101,2003,UNNAMED,2003-10-24 03:00:00,11.5,100.9,25,1002,TS,NOAA IBTrACS v04r01
2003295N09101,2003,UNNAMED,2003-10-24 06:00:00,11.7,100.8,25,1002,TS,NOAA IBTrACS v04r01
2003295N09101,2003,UNNAMED,2003-10-24 09:00:00,11.9,100.6,25,1002,TS,NOAA IBTrACS v04r01
2003295N09101,2003,UNNAMED,2003-10-24 12:00:00,12.1,100.3,25,1002,TS,NOAA IBTrACS v04r01
2003295N09101,2003,UNNAMED,2003-10-24 15:00:00,12.3,100.0,25,1002,TS,NOAA IBTrACS v04r01
2003295N09101,2003,UNNAMED,2003-10-24 18:00:00,12.5,99.6,25,1002,TS,NOAA IBTrACS v04r01
2003295N09101,2003,UNNAMED,2003-10-24 21:00:00,12.5,99.1,25,1002,TS,NOAA IBTrACS v04r01
2003295N09101,2003,UNNAMED,2003-10-25 00:00:00,12.4,98.6,25,1002,TS,NOAA IBTrACS v04r01
2003295N09101,2003,UNNAMED,2003-10-25 03:00:00,12.4,98.0,25,1002,TS,NOAA IBTrACS v04r01
2003295N09101,2003,UNNAMED,2003-10-25 06:00:00,12.5,97.4,25,1002,TS,NOAA IBTrACS v04r01
2003295N09101,2003,UNNAMED,2003-10-25 09:00:00,12.8,96.8,25,1002,TS,NOAA IBTrACS v04r01
2003295N09101,2003,UNNAMED,2003-10-25 12:00:00,13.1,96.2,25,1002,TS,NOAA IBTrACS v04r01
2003295N09101,2003,UNNAMED,2003-10-25 15:00:00,13.2,95.6,25,1002,TS,NOAA IBTrACS v04r01
2003295N09101,2003,UNNAMED,2003-10-25 18:00:00,13.2,95.1,25,1002,TS,NOAA IBTrACS v04r01
2003295N09101,2003,UNNAMED,2003-10-25 21:00:00,13.2,94.6,25,1002,TS,NOAA IBTrACS v04r01
2003295N09101,2003,UNNAMED,2003-10-26 00:00:00,13.2,94.1,25,1002,TS,NOAA IBTrACS v04r01
2003295N09101,2003,UNNAMED,2003-10-26 03:00:00,13.2,93.7,25,1002,TS,NOAA IBTrACS v04r01
2003295N09101,2003,UNNAMED,2003-10-26 06:00:00,13.3,93.3,25,1004,TS,NOAA IBTrACS v04r01
2003295N09101,2003,UNNAMED,2003-10-26 09:00:00,13.4,92.9,25,1002,TS,NOAA IBTrACS v04r01
2003295N09101,2003,UNNAMED,2003-10-26 12:00:00,13.5,92.3,25,1002,TS,NOAA IBTrACS v04r01
2003295N09101,2003,UNNAMED,2003-10-26 15:00:00,13.6,91.8,28,1001,TS,NOAA IBTrACS v04r01
2003295N09101,2003,UNNAMED,2003-10-26 18:00:00,13.7,91.2,30,1000,TS,NOAA IBTrACS v04r01
2003295N09101,2003,UNNAMED,2003-10-26 21:00:00,13.9,90.7,30,1004,TS,NOAA IBTrACS v04r01
2003295N09101,2003,UNNAMED,2003-10-27 00:00:00,14.1,90.1,35,997,TS,NOAA IBTrACS v04r01
2003295N09101,2003,UNNAMED,2003-10-27 03:00:00,14.3,89.6,35,997,TS,NOAA IBTrACS v04r01
2003295N09101,2003,UNNAMED,2003-10-27 06:00:00,14.6,89.0,30,1006,TS,NOAA IBTrACS v04r01
2003295N09101,2003,UNNAMED,2003-10-27 09:00:00,14.8,88.2,35,997,TS,NOAA IBTrACS v04r01
2003295N09101,2003,UNNAMED,2003-10-27 12:00:00,15.2,87.3,35,997,TS,NOAA IBTrACS v04r01
2003295N09101,2003,UNNAMED,2003-10-27 15:00:00,15.6,86.4,35,997,TS,NOAA IBTrACS v04r01
2003295N09101,2003,UNNAMED,2003-10-27 18:00:00,16.1,85.6,35,997,TS,NOAA IBTrACS v04r01
2003295N09101,2003,UNNAMED,2003-10-27 21:00:00,16.7,85.0,30,1004,TS,NOAA IBTrACS v04r01
2003295N09101,2003,UNNAMED,2003-10-28 00:00:00,17.4,84.6,35,997,TS,NOAA IBTrACS v04r01
2003295N09101,2003,UNNAMED,2003-10-28 03:00:00,17.9,84.2,25,1006,TS,NOAA IBTrACS v04r01
2003295N09101,2003,UNNAMED,2003-10-28 06:00:00,18.2,84.0,30,1000,TS,NOAA IBTrACS v04r01
2003295N09101,2003,UNNAMED,2003-10-28 09:00:00,18.5,83.7,30,1000,TS,NOAA IBTrACS v04r01
2003295N09101,2003,UNNAMED,2003-10-28 12:00:00,18.7,83.4,30,1000,TS,NOAA IBTrACS v04r01
2003315N09067,2003,UNNAMED,2003-11-10 12:00:00,8.7,67.1,15,1006,TS,NOAA IBTrACS v04r01
2003315N09067,2003,UNNAMED,2003-11-10 15:00:00,8.6,66.8,15,1006,TS,NOAA IBTrACS v04r01
2003315N09067,2003,UNNAMED,2003-11-10 18:00:00,8.5,66.4,15,1006,TS,NOAA IBTrACS v04r01
2003315N09067,2003,UNNAMED,2003-11-10 21:00:00,8.4,66.0,15,1006,TS,NOAA IBTrACS v04r01
2003315N09067,2003,UNNAMED,2003-11-11 00:00:00,8.3,65.7,15,1006,TS,NOAA IBTrACS v04r01
2003315N09067,2003,UNNAMED,2003-11-11 03:00:00,8.2,65.4,15,1006,TS,NOAA IBTrACS v04r01
2003315N09067,2003,UNNAMED,2003-11-11 06:00:00,8.0,65.1,15,1006,TS,NOAA IBTrACS v04r01
2003315N09067,2003,UNNAMED,2003-11-11 09:00:00,7.8,64.7,15,1006,TS,NOAA IBTrACS v04r01
2003315N09067,2003,UNNAMED,2003-11-11 12:00:00,7.6,64.2,15,1006,TS,NOAA IBTrACS v04r01
2003315N09067,2003,UNNAMED,2003-11-11 15:00:00,7.4,63.6,15,1006,TS,NOAA IBTrACS v04r01
2003315N09067,2003,UNNAMED,2003-11-11 18:00:00,7.1,63.0,15,1006,TS,NOAA IBTrACS v04r01
2003315N09067,2003,UNNAMED,2003-11-11 21:00:00,6.8,62.3,18,1005,TS,NOAA IBTrACS v04r01
2003315N09067,2003,UNNAMED,2003-11-12 00:00:00,6.5,61.6,20,1004,TS,NOAA IBTrACS v04r01
2003315N09067,2003,UNNAMED,2003-11-12 03:00:00,6.3,61.1,25,1002,TS,NOAA IBTrACS v04r01
2003315N09067,2003,UNNAMED,2003-11-12 06:00:00,6.3,60.6,25,1002,TS,NOAA IBTrACS v04r01
2003315N09067,2003,UNNAMED,2003-11-12 09:00:00,6.3,60.2,28,1001,TS,NOAA IBTrACS v04r01
2003315N09067,2003,UNNAMED,2003-11-12 12:00:00,6.3,59.8,30,1000,TS,NOAA IBTrACS v04r01
2003315N09067,2003,UNNAMED,2003-11-12 15:00:00,6.3,59.5,38,996,TS,NOAA IBTrACS v04r01
2003315N09067,2003,UNNAMED,2003-11-12 18:00:00,6.3,59.2,35,998,TS,NOAA IBTrACS v04r01
2003315N09067,2003,UNNAMED,2003-11-12 21:00:00,6.4,58.8,50,988,TS,NOAA IBTrACS v04r01
2003315N09067,2003,UNNAMED,2003-11-13 00:00:00,6.4,58.4,35,998,TS,NOAA IBTrACS v04r01
2003315N09067,2003,UNNAMED,2003-11-13 03:00:00,6.4,58.3,35,998,TS,NOAA IBTrACS v04r01
2003315N09067,2003,UNNAMED,2003-11-13 06:00:00,6.4,58.1,55,994,TS,NOAA IBTrACS v04r01
2003315N09067,2003,UNNAMED,2003-11-13 09:00:00,6.2,57.8,55,990,TS,NOAA IBTrACS v04r01
2003315N09067,2003,UNNAMED,2003-11-13 12:00:00,6.1,57.6,55,990,TS,NOAA IBTrACS v04r01
2003315N09067,2003,UNNAMED,2003-11-13 15:00:00,6.1,57.2,55,990,TS,NOAA IBTrACS v04r01
2003315N09067,2003,UNNAMED,2003-11-13 18:00:00,6.1,57.0,55,990,TS,NOAA IBTrACS v04r01
2003315N09067,2003,UNNAMED,2003-11-13 21:00:00,6.0,56.8,55,990,TS,NOAA IBTrACS v04r01
2003315N09067,2003,UNNAMED,2003-11-14 00:00:00,6.0,56.4,55,990,TS,NOAA IBTrACS v04r01
2003315N09067,2003,UNNAMED,2003-11-14 03:00:00,5.9,56.2,55,990,TS,NOAA IBTrACS v04r01
2003315N09067,2003,UNNAMED,2003-11-14 06:00:00,5.6,55.6,55,990,TS,NOAA IBTrACS v04r01
2003315N09067,2003,UNNAMED,2003-11-14 09:00:00,5.7,55.4,55,990,TS,NOAA IBTrACS v04r01
2003315N09067,2003,UNNAMED,2003-11-14 12:00:00,5.8,55.2,45,994,TS,NOAA IBTrACS v04r01
2003315N09067,2003,UNNAMED,2003-11-14 15:00:00,5.8,55.0,35,994,TS,NOAA IBTrACS v04r01
2003315N09067,2003,UNNAMED,2003-11-14 18:00:00,5.9,54.8,30,996,TS,NOAA IBTrACS v04r01
2003315N09067,2003,UNNAMED,2003-11-14 21:00:00,6.0,54.7,30,996,TS,NOAA IBTrACS v04r01
2003315N09067,2003,UNNAMED,2003-11-15 00:00:00,6.0,54.6,30,998,TS,NOAA IBTrACS v04r01
2003315N09067,2003,UNNAMED,2003-11-15 03:00:00,6.0,54.5,25,1000,TS,NOAA IBTrACS v04r01
2003315N09067,2003,UNNAMED,2003-11-15 06:00:00,6.0,54.4,30,1000,TS,NOAA IBTrACS v04r01
2003315N09067,2003,UNNAMED,2003-11-15 09:00:00,6.0,54.3,30,1000,TS,NOAA IBTrACS v04r01
2003315N09067,2003,UNNAMED,2003-11-15 12:00:00,6.0,54.1,25,1000,TS,NOAA IBTrACS v04r01
2003315N09067,2003,UNNAMED,2003-11-15 15:00:00,6.0,54.0,30,1000,TS,NOAA IBTrACS v04r01
2003315N09067,2003,UNNAMED,2003-11-15 18:00:00,6.0,53.8,30,1000,TS,NOAA IBTrACS v04r01
2003315N09067,2003,UNNAMED,2003-11-15 21:00:00,6.0,53.7,30,1000,TS,NOAA IBTrACS v04r01
2003315N09067,2003,UNNAMED,2003-11-16 00:00:00,5.9,53.5,30,1000,TS,NOAA IBTrACS v04r01
2003315N09067,2003,UNNAMED,2003-11-16 03:00:00,5.9,53.4,30,1000,TS,NOAA IBTrACS v04r01
2003315N09067,2003,UNNAMED,2003-11-16 06:00:00,5.8,53.2,30,1000,TS,NOAA IBTrACS v04r01
2003315N09067,2003,UNNAMED,2003-11-16 09:00:00,5.7,53.0,30,1000,TS,NOAA IBTrACS v04r01
2003315N09067,2003,UNNAMED,2003-11-16 12:00:00,5.6,52.8,30,1000,TS,NOAA IBTrACS v04r01
2003315N09067,2003,UNNAMED,2003-11-16 15:00:00,5.3,52.6,30,1000,TS,NOAA IBTrACS v04r01
2003315N09067,2003,UNNAMED,2003-11-16 18:00:00,5.0,52.3,30,1000,TS,NOAA IBTrACS v04r01
2003315N09067,2003,UNNAMED,2003-11-16 21:00:00,4.7,52.0,30,1000,TS,NOAA IBTrACS v04r01
2003315N09067,2003,UNNAMED,2003-11-17 00:00:00,4.4,51.7,30,1000,TS,NOAA IBTrACS v04r01
2003315N09067,2003,UNNAMED,2003-11-17 03:00:00,4.0,51.6,30,1000,TS,NOAA IBTrACS v04r01
2003315N09067,2003,UNNAMED,2003-11-17 06:00:00,3.7,51.5,30,1000,TS,NOAA IBTrACS v04r01
2003315N09067,2003,UNNAMED,2003-11-17 09:00:00,3.4,51.5,30,1000,TS,NOAA IBTrACS v04r01
2003315N09067,2003,UNNAMED,2003-11-17 12:00:00,3.2,51.5,30,1000,TS,NOAA IBTrACS v04r01
2003315N09067,2003,UNNAMED,2003-11-17 15:00:00,2.9,51.5,30,1000,TS,NOAA IBTrACS v04r01
2003315N09067,2003,UNNAMED,2003-11-17 18:00:00,2.7,51.6,30,1000,TS,NOAA IBTrACS v04r01
2003315N09067,2003,UNNAMED,2003-11-17 21:00:00,2.6,51.7,28,1001,TS,NOAA IBTrACS v04r01
2003315N09067,2003,UNNAMED,2003-11-18 00:00:00,2.5,51.8,25,1002,TS,NOAA IBTrACS v04r01
2003315N09067,2003,UNNAMED,2003-11-18 03:00:00,2.4,51.9,25,1002,TS,NOAA IBTrACS v04r01
2003315N09067,2003,UNNAMED,2003-11-18 06:00:00,2.4,52.0,25,1002,TS,NOAA IBTrACS v04r01
2003345N05092,2003,UNNAMED,2003-12-11 06:00:00,4.5,91.7,25,1002,TS,NOAA IBTrACS v04r01
2003345N05092,2003,UNNAMED,2003-12-11 09:00:00,4.7,91.2,25,1002,TS,NOAA IBTrACS v04r01
2003345N05092,2003,UNNAMED,2003-12-11 12:00:00,4.9,90.7,25,1004,TS,NOAA IBTrACS v04r01
2003345N05092,2003,UNNAMED,2003-12-11 15:00:00,5.1,90.2,25,1002,TS,NOAA IBTrACS v04r01
2003345N05092,2003,UNNAMED,2003-12-11 18:00:00,5.3,89.9,25,1002,TS,NOAA IBTrACS v04r01
2003345N05092,2003,UNNAMED,2003-12-11 21:00:00,5.6,89.5,25,1002,TS,NOAA IBTrACS v04r01
2003345N05092,2003,UNNAMED,2003-12-12 00:00:00,6.0,89.2,25,1002,TS,NOAA IBTrACS v04r01
2003345N05092,2003,UNNAMED,2003-12-12 03:00:00,6.4,89.0,25,1006,TS,NOAA IBTrACS v04r01
2003345N05092,2003,UNNAMED,2003-12-12 06:00:00,6.9,88.8,25,1002,TS,NOAA IBTrACS v04r01
2003345N05092,2003,UNNAMED,2003-12-12 09:00:00,7.3,88.6,25,1002,TS,NOAA IBTrACS v04r01
2003345N05092,2003,UNNAMED,2003-12-12 12:00:00,7.6,88.4,25,1004,TS,NOAA IBTrACS v04r01
2003345N05092,2003,UNNAMED,2003-12-12 15:00:00,7.9,88.2,28,1001,TS,NOAA IBTrACS v04r01
2003345N05092,2003,UNNAMED,2003-12-12 18:00:00,8.1,88.1,30,1000,TS,NOAA IBTrACS v04r01
2003345N05092,2003,UNNAMED,2003-12-12 21:00:00,8.3,88.0,30,1000,TS,NOAA IBTrACS v04r01
2003345N05092,2003,UNNAMED,2003-12-13 00:00:00,8.4,87.8,30,1000,TS,NOAA IBTrACS v04r01
2003345N05092,2003,UNNAMED,2003-12-13 03:00:00,8.6,87.7,30,1004,TS,NOAA IBTrACS v04r01
2003345N05092,2003,UNNAMED,2003-12-13 06:00:00,8.7,87.4,30,1000,TS,NOAA IBTrACS v04r01
2003345N05092,2003,UNNAMED,2003-12-13 09:00:00,8.9,87.1,33,999,TS,NOAA IBTrACS v04r01
2003345N05092,2003,UNNAMED,2003-12-13 12:00:00,9.2,86.9,35,1002,TS,NOAA IBTrACS v04r01
2003345N05092,2003,UNNAMED,2003-12-13 15:00:00,9.5,86.7,35,1002,TS,NOAA IBTrACS v04r01
2003345N05092,2003,UNNAMED,2003-12-13 18:00:00,9.7,86.6,35,1002,TS,NOAA IBTrACS v04r01
2003345N05092,2003,UNNAMED,2003-12-13 21:00:00,10.1,86.2,35,1000,TS,NOAA IBTrACS v04r01
2003345N05092,2003,UNNAMED,2003-12-14 00:00:00,10.3,85.8,35,998,TS,NOAA IBTrACS v04r01
2003345N05092,2003,UNNAMED,2003-12-14 03:00:00,10.7,85.1,45,998,TS,NOAA IBTrACS v04r01
2003345N05092,2003,UNNAMED,2003-12-14 06:00:00,10.9,84.9,45,996,TS,NOAA IBTrACS v04r01
2003345N05092,2003,UNNAMED,2003-12-14 09:00:00,11.3,84.4,45,994,TS,NOAA IBTrACS v04r01
2003345N05092,2003,UNNAMED,2003-12-14 12:00:00,11.7,83.8,55,992,TS,NOAA IBTrACS v04r01
2003345N05092,2003,UNNAMED,2003-12-14 15:00:00,12.2,83.3,55,992,TS,NOAA IBTrACS v04r01
2003345N05092,2003,UNNAMED,2003-12-14 18:00:00,12.6,82.9,55,992,TS,NOAA IBTrACS v04r01
2003345N05092,2003,UNNAMED,2003-12-14 21:00:00,13.2,82.5,55,992,TS,NOAA IBTrACS v04r01
2003345N05092,2003,UNNAMED,2003-12-15 00:00:00,13.7,82.0,55,992,TS,NOAA IBTrACS v04r01
2003345N05092,2003,UNNAMED,2003-12-15 03:00:00,14.1,81.7,55,992,TS,NOAA IBTrACS v04r01
2003345N05092,2003,UNNAMED,2003-12-15 06:00:00,14.5,81.5,55,992,TS,NOAA IBTrACS v04r01
2003345N05092,2003,UNNAMED,2003-12-15 09:00:00,15.1,81.1,55,992,TS,NOAA IBTrACS v04r01
2003345N05092,2003,UNNAMED,2003-12-15 12:00:00,15.6,81.1,55,990,TS,NOAA IBTrACS v04r01
2003345N05092,2003,UNNAMED,2003-12-15 15:00:00,15.9,81.0,55,992,TS,NOAA IBTrACS v04r01
2003345N05092,2003,UNNAMED,2003-12-15 18:00:00,16.3,81.1,55,992,TS,NOAA IBTrACS v04r01
2003345N05092,2003,UNNAMED,2003-12-15 21:00:00,16.8,81.1,43,992,TS,NOAA IBTrACS v04r01
2003345N05092,2003,UNNAMED,2003-12-16 00:00:00,17.3,81.1,35,997,TS,NOAA IBTrACS v04r01
2003345N05092,2003,UNNAMED,2003-12-16 03:00:00,17.4,81.1,33,999,TS,NOAA IBTrACS v04r01
2003345N05092,2003,UNNAMED,2003-12-16 06:00:00,17.7,81.5,30,1000,TS,NOAA IBTrACS v04r01
2003345N05092,2003,UNNAMED,2003-12-16 09:00:00,17.7,81.7,,,TS,NOAA IBTrACS v04r01
2003345N05092,2003,UNNAMED,2003-12-16 12:00:00,17.5,81.5,,,TS,NOAA IBTrACS v04r01
2004125N11074,2004,UNNAMED,2004-05-04 00:00:00,11.1,74.3,20,1004,DS,NOAA IBTrACS v04r01
2004125N11074,2004,UNNAMED,2004-05-04 03:00:00,11.1,74.1,23,1003,DS,NOAA IBTrACS v04r01
2004125N11074,2004,UNNAMED,2004-05-04 06:00:00,11.2,73.9,25,1002,TS,NOAA IBTrACS v04r01
2004125N11074,2004,UNNAMED,2004-05-04 09:00:00,11.3,73.7,28,1001,TS,NOAA IBTrACS v04r01
2004125N11074,2004,UNNAMED,2004-05-04 12:00:00,11.4,73.6,30,1000,TS,NOAA IBTrACS v04r01
2004125N11074,2004,UNNAMED,2004-05-04 15:00:00,11.5,73.5,30,1000,TS,NOAA IBTrACS v04r01
2004125N11074,2004,UNNAMED,2004-05-04 18:00:00,11.6,73.3,30,1000,TS,NOAA IBTrACS v04r01
2004125N11074,2004,UNNAMED,2004-05-04 21:00:00,11.6,73.1,30,1000,TS,NOAA IBTrACS v04r01
2004125N11074,2004,UNNAMED,2004-05-05 00:00:00,11.6,72.9,30,1000,TS,NOAA IBTrACS v04r01
2004125N11074,2004,UNNAMED,2004-05-05 03:00:00,11.5,72.9,25,1002,TS,NOAA IBTrACS v04r01
2004125N11074,2004,UNNAMED,2004-05-05 06:00:00,11.4,73.0,30,1000,TS,NOAA IBTrACS v04r01
2004125N11074,2004,UNNAMED,2004-05-05 09:00:00,11.4,72.9,30,1000,TS,NOAA IBTrACS v04r01
2004125N11074,2004,UNNAMED,2004-05-05 12:00:00,11.3,73.0,35,994,TS,NOAA IBTrACS v04r01
2004125N11074,2004,UNNAMED,2004-05-05 15:00:00,11.2,72.9,35,994,TS,NOAA IBTrACS v04r01
2004125N11074,2004,UNNAMED,2004-05-05 18:00:00,11.2,73.1,35,994,TS,NOAA IBTrACS v04r01
2004125N11074,2004,UNNAMED,2004-05-05 21:00:00,11.2,73.2,35,992,TS,NOAA IBTrACS v04r01
2004125N11074,2004,UNNAMED,2004-05-06 00:00:00,11.3,73.2,35,992,TS,NOAA IBTrACS v04r01
2004125N11074,2004,UNNAMED,2004-05-06 03:00:00,11.4,73.2,45,992,TS,NOAA IBTrACS v04r01
2004125N11074,2004,UNNAMED,2004-05-06 06:00:00,11.4,73.2,45,992,TS,NOAA IBTrACS v04r01
2004125N11074,2004,UNNAMED,2004-05-06 09:00:00,11.4,73.2,45,990,TS,NOAA IBTrACS v04r01
2004125N11074,2004,UNNAMED,2004-05-06 12:00:00,11.5,73.2,45,988,TS,NOAA IBTrACS v04r01
2004125N11074,2004,UNNAMED,2004-05-06 15:00:00,11.6,73.1,45,990,TS,NOAA IBTrACS v04r01
2004125N11074,2004,UNNAMED,2004-05-06 18:00:00,11.7,73.1,45,990,TS,NOAA IBTrACS v04r01
2004125N11074,2004,UNNAMED,2004-05-06 21:00:00,11.8,73.0,45,990,TS,NOAA IBTrACS v04r01
2004125N11074,2004,UNNAMED,2004-05-07 00:00:00,11.9,72.9,45,990,TS,NOAA IBTrACS v04r01
2004125N11074,2004,UNNAMED,2004-05-07 03:00:00,12.4,72.3,55,988,TS,NOAA IBTrACS v04r01
2004125N11074,2004,UNNAMED,2004-05-07 06:00:00,12.7,72.1,55,986,TS,NOAA IBTrACS v04r01
2004125N11074,2004,UNNAMED,2004-05-07 09:00:00,12.8,72.3,55,986,TS,NOAA IBTrACS v04r01
2004125N11074,2004,UNNAMED,2004-05-07 12:00:00,12.8,72.6,55,984,TS,NOAA IBTrACS v04r01
2004125N11074,2004,UNNAMED,2004-05-07 15:00:00,12.5,73.0,55,986,TS,NOAA IBTrACS v04r01
2004125N11074,2004,UNNAMED,2004-05-07 18:00:00,12.4,73.1,55,986,TS,NOAA IBTrACS v04r01
2004125N11074,2004,UNNAMED,2004-05-07 21:00:00,12.5,73.3,55,986,TS,NOAA IBTrACS v04r01
2004125N11074,2004,UNNAMED,2004-05-08 00:00:00,12.7,73.5,55,986,TS,NOAA IBTrACS v04r01
2004125N11074,2004,UNNAMED,2004-05-08 03:00:00,12.9,73.6,55,986,TS,NOAA IBTrACS v04r01
2004125N11074,2004,UNNAMED,2004-05-08 06:00:00,13.2,73.5,55,986,TS,NOAA IBTrACS v04r01
2004125N11074,2004,UNNAMED,2004-05-08 09:00:00,13.5,73.4,55,986,TS,NOAA IBTrACS v04r01
2004125N11074,2004,UNNAMED,2004-05-08 12:00:00,13.7,73.2,45,988,TS,NOAA IBTrACS v04r01
2004125N11074,2004,UNNAMED,2004-05-08 15:00:00,13.9,73.1,45,990,TS,NOAA IBTrACS v04r01
2004125N11074,2004,UNNAMED,2004-05-08 18:00:00,14.1,72.9,45,990,TS,NOAA IBTrACS v04r01
2004125N11074,2004,UNNAMED,2004-05-08 21:00:00,14.3,72.7,45,992,TS,NOAA IBTrACS v04r01
2004125N11074,2004,UNNAMED,2004-05-09 00:00:00,14.5,72.5,45,992,TS,NOAA IBTrACS v04r01
2004125N11074,2004,UNNAMED,2004-05-09 03:00:00,14.8,71.9,45,992,TS,NOAA IBTrACS v04r01
2004125N11074,2004,UNNAMED,2004-05-09 06:00:00,15.3,71.1,45,992,TS,NOAA IBTrACS v04r01
2004125N11074,2004,UNNAMED,2004-05-09 09:00:00,15.9,70.5,45,990,TS,NOAA IBTrACS v04r01
2004125N11074,2004,UNNAMED,2004-05-09 12:00:00,16.5,70.1,45,990,TS,NOAA IBTrACS v04r01
2004125N11074,2004,UNNAMED,2004-05-09 15:00:00,17.0,70.0,45,990,TS,NOAA IBTrACS v04r01
2004125N11074,2004,UNNAMED,2004-05-09 18:00:00,17.5,70.0,45,990,TS,NOAA IBTrACS v04r01
2004125N11074,2004,UNNAMED,2004-05-09 21:00:00,18.0,70.0,45,992,TS,NOAA IBTrACS v04r01
2004125N11074,2004,UNNAMED,2004-05-10 00:00:00,18.5,70.0,35,996,TS,NOAA IBTrACS v04r01
2004125N11074,2004,UNNAMED,2004-05-10 03:00:00,19.0,70.0,35,998,TS,NOAA IBTrACS v04r01
2004125N11074,2004,UNNAMED,2004-05-10 06:00:00,19.0,70.0,30,1000,TS,NOAA IBTrACS v04r01
2004125N11074,2004,UNNAMED,2004-05-10 09:00:00,19.5,70.0,25,1002,TS,NOAA IBTrACS v04r01
2004136N15090,2004,UNNAMED,2004-05-14 18:00:00,14.8,89.7,15,1006,TS,NOAA IBTrACS v04r01
2004136N15090,2004,UNNAMED,2004-05-14 21:00:00,14.9,90.0,15,1006,TS,NOAA IBTrACS v04r01
2004136N15090,2004,UNNAMED,2004-05-15 00:00:00,14.9,90.4,15,1006,TS,NOAA IBTrACS v04r01
2004136N15090,2004,UNNAMED,2004-05-15 03:00:00,14.9,90.8,15,1006,TS,NOAA IBTrACS v04r01
2004136N15090,2004,UNNAMED,2004-05-15 06:00:00,14.9,91.3,15,1006,TS,NOAA IBTrACS v04r01
2004136N15090,2004,UNNAMED,2004-05-15 09:00:00,15.1,91.8,18,1005,TS,NOAA IBTrACS v04r01
2004136N15090,2004,UNNAMED,2004-05-15 12:00:00,15.4,92.1,20,1004,DS,NOAA IBTrACS v04r01
2004136N15090,2004,UNNAMED,2004-05-15 15:00:00,15.7,92.1,23,1003,DS,NOAA IBTrACS v04r01
2004136N15090,2004,UNNAMED,2004-05-15 18:00:00,16.1,92.0,25,1002,TS,NOAA IBTrACS v04r01
2004136N15090,2004,UNNAMED,2004-05-15 21:00:00,16.5,92.1,25,1002,TS,NOAA IBTrACS v04r01
2004136N15090,2004,UNNAMED,2004-05-16 00:00:00,16.8,92.2,25,1002,TS,NOAA IBTrACS v04r01
2004136N15090,2004,UNNAMED,2004-05-16 03:00:00,17.2,92.1,25,1002,TS,NOAA IBTrACS v04r01
2004136N15090,2004,UNNAMED,2004-05-16 06:00:00,17.5,91.8,25,1002,TS,NOAA IBTrACS v04r01
2004136N15090,2004,UNNAMED,2004-05-16 09:00:00,17.6,91.5,25,1000,TS,NOAA IBTrACS v04r01
2004136N15090,2004,UNNAMED,2004-05-16 12:00:00,17.8,91.1,25,1000,MX,NOAA IBTrACS v04r01
2004136N15090,2004,UNNAMED,2004-05-16 15:00:00,17.8,90.8,28,1001,MX,NOAA IBTrACS v04r01
2004136N15090,2004,UNNAMED,2004-05-16 18:00:00,17.8,90.7,30,998,TS,NOAA IBTrACS v04r01
2004136N15090,2004,UNNAMED,2004-05-16 21:00:00,18.0,90.3,30,998,TS,NOAA IBTrACS v04r01
2004136N15090,2004,UNNAMED,2004-05-17 00:00:00,18.3,90.2,30,998,TS,NOAA IBTrACS v04r01
2004136N15090,2004,UNNAMED,2004-05-17 03:00:00,18.3,89.8,35,998,TS,NOAA IBTrACS v04r01
2004136N15090,2004,UNNAMED,2004-05-17 06:00:00,18.3,89.7,35,998,TS,NOAA IBTrACS v04r01
2004136N15090,2004,UNNAMED,2004-05-17 09:00:00,18.4,89.3,45,988,TS,NOAA IBTrACS v04r01
2004136N15090,2004,UNNAMED,2004-05-17 12:00:00,18.5,88.9,45,988,TS,NOAA IBTrACS v04r01
2004136N15090,2004,UNNAMED,2004-05-17 15:00:00,18.5,88.7,45,988,TS,NOAA IBTrACS v04r01
2004136N15090,2004,UNNAMED,2004-05-17 18:00:00,18.6,88.6,45,986,TS,NOAA IBTrACS v04r01
2004136N15090,2004,UNNAMED,2004-05-17 21:00:00,18.6,88.4,45,986,TS,NOAA IBTrACS v04r01
2004136N15090,2004,UNNAMED,2004-05-18 00:00:00,18.5,88.6,45,986,TS,NOAA IBTrACS v04r01
2004136N15090,2004,UNNAMED,2004-05-18 03:00:00,18.6,88.7,45,986,TS,NOAA IBTrACS v04r01
2004136N15090,2004,UNNAMED,2004-05-18 06:00:00,18.9,88.9,55,982,TS,NOAA IBTrACS v04r01
2004136N15090,2004,UNNAMED,2004-05-18 09:00:00,18.9,89.6,55,980,TS,NOAA IBTrACS v04r01
2004136N15090,2004,UNNAMED,2004-05-18 12:00:00,18.9,90.1,55,980,TS,NOAA IBTrACS v04r01
2004136N15090,2004,UNNAMED,2004-05-18 15:00:00,19.1,90.3,65,974,TS,NOAA IBTrACS v04r01
2004136N15090,2004,UNNAMED,2004-05-18 18:00:00,19.5,90.8,65,974,TS,NOAA IBTrACS v04r01
2004136N15090,2004,UNNAMED,2004-05-18 21:00:00,19.4,91.3,65,972,TS,NOAA IBTrACS v04r01
2004136N15090,2004,UNNAMED,2004-05-19 00:00:00,19.9,91.8,77,962,TS,NOAA IBTrACS v04r01
2004136N15090,2004,UNNAMED,2004-05-19 03:00:00,20.0,92.4,90,952,TS,NOAA IBTrACS v04r01
2004136N15090,2004,UNNAMED,2004-05-19 06:00:00,20.1,93.1,65,976,TS,NOAA IBTrACS v04r01
2004136N15090,2004,UNNAMED,2004-05-19 09:00:00,20.5,93.9,60,980,TS,NOAA IBTrACS v04r01
2004136N15090,2004,UNNAMED,2004-05-19 12:00:00,20.9,94.7,55,984,TS,NOAA IBTrACS v04r01
2004136N15090,2004,UNNAMED,2004-05-19 15:00:00,21.4,95.5,43,992,TS,NOAA IBTrACS v04r01
2004136N15090,2004,UNNAMED,2004-05-19 18:00:00,21.8,96.3,30,1000,TS,NOAA IBTrACS v04r01
2004162N18068,2004,UNNAMED,2004-06-10 03:00:00,17.5,67.5,25,996,TS,NOAA IBTrACS v04r01
2004162N18068,2004,UNNAMED,2004-06-10 06:00:00,17.5,67.5,25,996,TS,NOAA IBTrACS v04r01
2004162N18068,2004,UNNAMED,2004-06-10 09:00:00,17.5,66.5,30,996,TS,NOAA IBTrACS v04r01
2004162N18068,2004,UNNAMED,2004-06-10 12:00:00,17.5,66.5,30,996,TS,NOAA IBTrACS v04r01
2004162N18068,2004,UNNAMED,2004-06-10 15:00:00,17.5,66.5,30,996,TS,NOAA IBTrACS v04r01
2004162N18068,2004,UNNAMED,2004-06-10 18:00:00,17.5,66.5,30,996,TS,NOAA IBTrACS v04r01
2004162N18068,2004,UNNAMED,2004-06-10 21:00:00,17.5,66.0,30,996,TS,NOAA IBTrACS v04r01
2004162N18068,2004,UNNAMED,2004-06-11 00:00:00,18.0,66.0,30,996,TS,NOAA IBTrACS v04r01
2004162N18068,2004,UNNAMED,2004-06-11 03:00:00,18.0,66.0,30,996,TS,NOAA IBTrACS v04r01
2004162N18068,2004,UNNAMED,2004-06-11 06:00:00,18.0,66.0,30,994,TS,NOAA IBTrACS v04r01
2004162N18068,2004,UNNAMED,2004-06-11 09:00:00,18.0,66.0,30,994,TS,NOAA IBTrACS v04r01
2004162N18068,2004,UNNAMED,2004-06-11 12:00:00,18.0,66.0,30,992,TS,NOAA IBTrACS v04r01
2004162N18068,2004,UNNAMED,2004-06-11 15:00:00,18.0,66.0,30,992,TS,NOAA IBTrACS v04r01
2004162N18068,2004,UNNAMED,2004-06-11 18:00:00,18.0,66.0,30,994,TS,NOAA IBTrACS v04r01
2004162N18068,2004,UNNAMED,2004-06-11 21:00:00,18.0,66.0,30,994,TS,NOAA IBTrACS v04r01
2004162N18068,2004,UNNAMED,2004-06-12 00:00:00,18.0,66.0,30,994,TS,NOAA IBTrACS v04r01
2004162N18068,2004,UNNAMED,2004-06-12 03:00:00,18.0,66.0,30,996,TS,NOAA IBTrACS v04r01
2004162N18068,2004,UNNAMED,2004-06-12 06:00:00,18.0,66.0,30,996,TS,NOAA IBTrACS v04r01
2004162N18068,2004,UNNAMED,2004-06-12 09:00:00,18.0,66.0,30,996,TS,NOAA IBTrACS v04r01
2004162N18068,2004,UNNAMED,2004-06-12 12:00:00,18.0,65.5,25,996,TS,NOAA IBTrACS v04r01
2004162N18068,2004,UNNAMED,2004-06-12 15:00:00,18.0,65.1,,,TS,NOAA IBTrACS v04r01
2004162N18068,2004,UNNAMED,2004-06-12 18:00:00,18.0,64.9,,,TS,NOAA IBTrACS v04r01
2004162N18068,2004,UNNAMED,2004-06-12 21:00:00,18.0,64.8,,,TS,NOAA IBTrACS v04r01
2004162N18068,2004,UNNAMED,2004-06-13 00:00:00,18.0,64.9,,,TS,NOAA IBTrACS v04r01
2004162N18068,2004,UNNAMED,2004-06-13 03:00:00,18.0,65.0,25,996,TS,NOAA IBTrACS v04r01
2004163N15090,2004,UNNAMED,2004-06-11 03:00:00,15.5,90.0,25,998,TS,NOAA IBTrACS v04r01
2004163N15090,2004,UNNAMED,2004-06-11 06:00:00,15.5,90.0,25,998,TS,NOAA IBTrACS v04r01
2004163N15090,2004,UNNAMED,2004-06-11 09:00:00,15.5,89.5,25,998,TS,NOAA IBTrACS v04r01
2004163N15090,2004,UNNAMED,2004-06-11 12:00:00,15.5,89.0,25,998,TS,NOAA IBTrACS v04r01
2004163N15090,2004,UNNAMED,2004-06-11 15:00:00,15.5,89.0,25,998,TS,NOAA IBTrACS v04r01
2004163N15090,2004,UNNAMED,2004-06-11 18:00:00,15.5,89.0,25,998,TS,NOAA IBTrACS v04r01
2004163N15090,2004,UNNAMED,2004-06-11 21:00:00,15.5,89.0,25,998,TS,NOAA IBTrACS v04r01
2004163N15090,2004,UNNAMED,2004-06-12 00:00:00,16.0,88.0,25,998,TS,NOAA IBTrACS v04r01
2004163N15090,2004,UNNAMED,2004-06-12 03:00:00,17.5,87.0,30,996,TS,NOAA IBTrACS v04r01
2004163N15090,2004,UNNAMED,2004-06-12 06:00:00,17.5,87.0,30,996,TS,NOAA IBTrACS v04r01
2004163N15090,2004,UNNAMED,2004-06-12 09:00:00,17.5,86.5,30,996,TS,NOAA IBTrACS v04r01
2004163N15090,2004,UNNAMED,2004-06-12 12:00:00,18.0,86.0,30,994,TS,NOAA IBTrACS v04r01
2004163N15090,2004,UNNAMED,2004-06-12 15:00:00,18.0,86.0,30,994,TS,NOAA IBTrACS v04r01
2004163N15090,2004,UNNAMED,2004-06-12 18:00:00,18.5,85.5,30,994,TS,NOAA IBTrACS v04r01
2004163N15090,2004,UNNAMED,2004-06-12 21:00:00,19.0,85.5,30,994,TS,NOAA IBTrACS v04r01
2004163N15090,2004,UNNAMED,2004-06-13 00:00:00,19.5,85.5,30,992,TS,NOAA IBTrACS v04r01
2004163N15090,2004,UNNAMED,2004-06-13 03:00:00,19.5,85.5,30,992,TS,NOAA IBTrACS v04r01
2004163N15090,2004,UNNAMED,2004-06-13 06:00:00,19.5,85.5,30,992,TS,NOAA IBTrACS v04r01
2004163N15090,2004,UNNAMED,2004-06-13 09:00:00,20.0,85.5,30,992,TS,NOAA IBTrACS v04r01
2004163N15090,2004,UNNAMED,2004-06-13 12:00:00,20.5,85.5,30,992,TS,NOAA IBTrACS v04r01
2004163N15090,2004,UNNAMED,2004-06-13 15:00:00,20.9,85.4,,,TS,NOAA IBTrACS v04r01
2004163N15090,2004,UNNAMED,2004-06-13 18:00:00,21.1,85.2,,,TS,NOAA IBTrACS v04r01
2004163N15090,2004,UNNAMED,2004-06-13 21:00:00,21.2,84.8,,,TS,NOAA IBTrACS v04r01
2004163N15090,2004,UNNAMED,2004-06-14 00:00:00,21.3,84.5,,,TS,NOAA IBTrACS v04r01
2004163N15090,2004,UNNAMED,2004-06-14 03:00:00,21.5,84.0,30,992,TS,NOAA IBTrACS v04r01
2004163N15090,2004,UNNAMED,2004-06-14 06:00:00,21.7,83.5,,,TS,NOAA IBTrACS v04r01
2004163N15090,2004,UNNAMED,2004-06-14 09:00:00,22.0,83.0,25,990,TS,NOAA IBTrACS v04r01
2004256N23089,2004,UNNAMED,2004-09-12 03:00:00,22.5,88.5,25,996,TS,NOAA IBTrACS v04r01
2004256N23089,2004,UNNAMED,2004-09-12 06:00:00,22.7,88.5,,,TS,NOAA IBTrACS v04r01
2004256N23089,2004,UNNAMED,2004-09-12 09:00:00,22.9,88.5,,,TS,NOAA IBTrACS v04r01
2004256N23089,2004,UNNAMED,2004-09-12 12:00:00,23.0,88.5,25,998,TS,NOAA IBTrACS v04r01
2004256N23089,2004,UNNAMED,2004-09-12 15:00:00,23.1,88.4,,,TS,NOAA IBTrACS v04r01
2004256N23089,2004,UNNAMED,2004-09-12 18:00:00,23.1,88.3,,,TS,NOAA IBTrACS v04r01
2004256N23089,2004,UNNAMED,2004-09-12 21:00:00,23.1,88.2,,,TS,NOAA IBTrACS v04r01
2004256N23089,2004,UNNAMED,2004-09-13 00:00:00,23.0,88.1,,,TS,NOAA IBTrACS v04r01
2004256N23089,2004,UNNAMED,2004-09-13 03:00:00,23.0,88.0,25,1000,TS,NOAA IBTrACS v04r01
2004256N23089,2004,UNNAMED,2004-09-13 06:00:00,23.0,88.0,,,TS,NOAA IBTrACS v04r01
2004256N23089,2004,UNNAMED,2004-09-13 09:00:00,23.0,88.0,,,TS,NOAA IBTrACS v04r01
2004256N23089,2004,UNNAMED,2004-09-13 12:00:00,23.0,88.0,25,998,TS,NOAA IBTrACS v04r01
2004256N23089,2004,UNNAMED,2004-09-13 15:00:00,22.9,88.0,,,TS,NOAA IBTrACS v04r01
2004256N23089,2004,UNNAMED,2004-09-13 18:00:00,22.8,88.0,,,TS,NOAA IBTrACS v04r01
2004256N23089,2004,UNNAMED,2004-09-13 21:00:00,22.7,88.0,,,TS,NOAA IBTrACS v04r01
2004256N23089,2004,UNNAMED,2004-09-14 00:00:00,22.6,88.0,,,TS,NOAA IBTrACS v04r01
2004256N23089,2004,UNNAMED,2004-09-14 03:00:00,22.5,88.0,25,998,TS,NOAA IBTrACS v04r01
2004256N23089,2004,UNNAMED,2004-09-14 06:00:00,22.5,88.0,,,TS,NOAA IBTrACS v04r01
2004256N23089,2004,UNNAMED,2004-09-14 09:00:00,22.5,88.0,,,TS,NOAA IBTrACS v04r01
2004256N23089,2004,UNNAMED,2004-09-14 12:00:00,22.5,88.0,25,1000,TS,NOAA IBTrACS v04r01
2004256N23089,2004,UNNAMED,2004-09-14 15:00:00,22.5,88.0,,,TS,NOAA IBTrACS v04r01
2004256N23089,2004,UNNAMED,2004-09-14 18:00:00,22.5,88.0,,,TS,NOAA IBTrACS v04r01
2004256N23089,2004,UNNAMED,2004-09-14 21:00:00,22.5,88.0,,,TS,NOAA IBTrACS v04r01
2004256N23089,2004,UNNAMED,2004-09-15 00:00:00,22.5,88.0,,,TS,NOAA IBTrACS v04r01
2004256N23089,2004,UNNAMED,2004-09-15 03:00:00,22.5,88.0,25,1002,TS,NOAA IBTrACS v04r01
2004256N23089,2004,UNNAMED,2004-09-15 06:00:00,22.5,88.0,,,TS,NOAA IBTrACS v04r01
2004256N23089,2004,UNNAMED,2004-09-15 09:00:00,22.5,88.0,,,TS,NOAA IBTrACS v04r01
2004256N23089,2004,UNNAMED,2004-09-15 12:00:00,22.5,88.0,25,998,TS,NOAA IBTrACS v04r01
2004274N16069,2004,UNNAMED,2004-09-30 06:00:00,16.3,69.0,20,1004,DS,NOAA IBTrACS v04r01
2004274N16069,2004,UNNAMED,2004-09-30 09:00:00,16.5,68.8,25,1006,MX,NOAA IBTrACS v04r01
2004274N16069,2004,UNNAMED,2004-09-30 12:00:00,16.9,68.3,30,1004,MX,NOAA IBTrACS v04r01
2004274N16069,2004,UNNAMED,2004-09-30 15:00:00,17.3,67.8,30,1004,MX,NOAA IBTrACS v04r01
2004274N16069,2004,UNNAMED,2004-09-30 18:00:00,17.7,67.7,30,1006,TS,NOAA IBTrACS v04r01
2004274N16069,2004,UNNAMED,2004-09-30 21:00:00,18.1,67.3,30,1006,TS,NOAA IBTrACS v04r01
2004274N16069,2004,UNNAMED,2004-10-01 00:00:00,18.5,67.0,30,1006,TS,NOAA IBTrACS v04r01
2004274N16069,2004,UNNAMED,2004-10-01 03:00:00,18.9,66.9,30,1006,TS,NOAA IBTrACS v04r01
2004274N16069,2004,UNNAMED,2004-10-01 06:00:00,19.1,66.8,30,1006,TS,NOAA IBTrACS v04r01
2004274N16069,2004,UNNAMED,2004-10-01 09:00:00,19.5,66.5,35,1002,TS,NOAA IBTrACS v04r01
2004274N16069,2004,UNNAMED,2004-10-01 12:00:00,19.9,66.5,35,1000,TS,NOAA IBTrACS v04r01
2004274N16069,2004,UNNAMED,2004-10-01 15:00:00,20.1,66.5,35,1000,TS,NOAA IBTrACS v04r01
2004274N16069,2004,UNNAMED,2004-10-01 18:00:00,20.3,66.6,35,1002,TS,NOAA IBTrACS v04r01
2004274N16069,2004,UNNAMED,2004-10-01 21:00:00,20.4,66.6,35,1002,TS,NOAA IBTrACS v04r01
2004274N16069,2004,UNNAMED,2004-10-02 00:00:00,21.0,66.7,35,1002,TS,NOAA IBTrACS v04r01
2004274N16069,2004,UNNAMED,2004-10-02 03:00:00,21.1,66.8,35,1000,TS,NOAA IBTrACS v04r01
2004274N16069,2004,UNNAMED,2004-10-02 06:00:00,21.5,67.1,45,996,TS,NOAA IBTrACS v04r01
2004274N16069,2004,UNNAMED,2004-10-02 09:00:00,21.6,67.2,55,990,TS,NOAA IBTrACS v04r01
2004274N16069,2004,UNNAMED,2004-10-02 12:00:00,22.1,67.6,55,990,TS,NOAA IBTrACS v04r01
2004274N16069,2004,UNNAMED,2004-10-02 15:00:00,22.2,67.7,55,990,TS,NOAA IBTrACS v04r01
2004274N16069,2004,UNNAMED,2004-10-02 18:00:00,22.6,68.1,55,992,TS,NOAA IBTrACS v04r01
2004274N16069,2004,UNNAMED,2004-10-02 21:00:00,22.6,68.4,55,992,TS,NOAA IBTrACS v04r01
2004274N16069,2004,UNNAMED,2004-10-03 00:00:00,23.0,68.5,35,998,TS,NOAA IBTrACS v04r01
2004274N16069,2004,UNNAMED,2004-10-03 03:00:00,23.1,68.5,30,1002,TS,NOAA IBTrACS v04r01
2004274N16069,2004,UNNAMED,2004-10-03 06:00:00,23.2,68.4,30,1004,TS,NOAA IBTrACS v04r01
2004274N16069,2004,UNNAMED,2004-10-03 09:00:00,23.2,68.3,30,1002,TS,NOAA IBTrACS v04r01
2004274N16069,2004,UNNAMED,2004-10-03 12:00:00,23.2,68.2,25,1000,TS,NOAA IBTrACS v04r01
2004274N16069,2004,UNNAMED,2004-10-03 15:00:00,23.2,68.0,25,1002,TS,NOAA IBTrACS v04r01
2004274N16069,2004,UNNAMED,2004-10-03 18:00:00,23.1,67.7,25,1002,TS,NOAA IBTrACS v04r01
2004274N16069,2004,UNNAMED,2004-10-03 21:00:00,22.8,67.4,28,1001,TS,NOAA IBTrACS v04r01
2004274N16069,2004,UNNAMED,2004-10-04 00:00:00,22.5,67.4,25,1002,DS,NOAA IBTrACS v04r01
2004274N16069,2004,UNNAMED,2004-10-04 03:00:00,22.2,67.4,25,1002,DS,NOAA IBTrACS v04r01
2004274N16069,2004,UNNAMED,2004-10-04 06:00:00,21.9,67.3,25,1002,DS,NOAA IBTrACS v04r01
2004274N16069,2004,UNNAMED,2004-10-04 09:00:00,21.6,67.2,25,1002,DS,NOAA IBTrACS v04r01
2004274N16069,2004,UNNAMED,2004-10-04 12:00:00,21.3,67.2,25,1002,DS,NOAA IBTrACS v04r01
2004274N16069,2004,UNNAMED,2004-10-04 15:00:00,21.0,67.2,25,1002,DS,NOAA IBTrACS v04r01
2004274N16069,2004,UNNAMED,2004-10-04 18:00:00,20.8,67.2,25,1002,DS,NOAA IBTrACS v04r01
2004274N16069,2004,UNNAMED,2004-10-04 21:00:00,20.6,67.4,25,1002,DS,NOAA IBTrACS v04r01
2004274N16069,2004,UNNAMED,2004-10-05 00:00:00,20.4,67.7,25,1002,DS,NOAA IBTrACS v04r01
2004274N16069,2004,UNNAMED,2004-10-05 03:00:00,20.2,67.8,25,1002,DS,NOAA IBTrACS v04r01
2004274N16069,2004,UNNAMED,2004-10-05 06:00:00,19.9,67.8,25,1002,DS,NOAA IBTrACS v04r01
2004274N16069,2004,UNNAMED,2004-10-05 09:00:00,19.6,67.8,25,1002,DS,NOAA IBTrACS v04r01
2004274N16069,2004,UNNAMED,2004-10-05 12:00:00,19.4,67.8,25,1002,DS,NOAA IBTrACS v04r01
2004274N16069,2004,UNNAMED,2004-10-05 15:00:00,19.2,67.8,23,1003,DS,NOAA IBTrACS v04r01
2004274N16069,2004,UNNAMED,2004-10-05 18:00:00,19.1,67.9,20,1004,DS,NOAA IBTrACS v04r01
2004274N16069,2004,UNNAMED,2004-10-05 21:00:00,18.9,68.0,20,1004,DS,NOAA IBTrACS v04r01
2004274N16069,2004,UNNAMED,2004-10-06 00:00:00,18.8,68.0,20,1004,DS,NOAA IBTrACS v04r01
2004274N16069,2004,UNNAMED,2004-10-06 03:00:00,18.7,68.0,20,1004,DS,NOAA IBTrACS v04r01
2004274N16069,2004,UNNAMED,2004-10-06 06:00:00,18.6,68.0,20,1004,DS,NOAA IBTrACS v04r01
2004274N16069,2004,UNNAMED,2004-10-06 09:00:00,18.5,68.0,20,1004,DS,NOAA IBTrACS v04r01
2004274N16069,2004,UNNAMED,2004-10-06 12:00:00,18.4,68.1,20,1004,DS,NOAA IBTrACS v04r01
2004274N16069,2004,UNNAMED,2004-10-06 15:00:00,18.3,68.1,23,1003,DS,NOAA IBTrACS v04r01
2004274N16069,2004,UNNAMED,2004-10-06 18:00:00,18.2,68.2,25,1002,TS,NOAA IBTrACS v04r01
2004274N16069,2004,UNNAMED,2004-10-06 21:00:00,18.1,68.2,25,1002,TS,NOAA IBTrACS v04r01
2004274N16069,2004,UNNAMED,2004-10-07 00:00:00,18.0,68.3,25,1002,TS,NOAA IBTrACS v04r01
2004274N16069,2004,UNNAMED,2004-10-07 03:00:00,17.9,68.4,25,1002,TS,NOAA IBTrACS v04r01
2004274N16069,2004,UNNAMED,2004-10-07 06:00:00,17.9,68.5,25,1002,TS,NOAA IBTrACS v04r01
2004274N16069,2004,UNNAMED,2004-10-07 09:00:00,18.0,68.7,25,1002,TS,NOAA IBTrACS v04r01
2004274N16069,2004,UNNAMED,2004-10-07 12:00:00,18.1,68.8,25,1002,TS,NOAA IBTrACS v04r01
2004274N16069,2004,UNNAMED,2004-10-07 15:00:00,18.2,68.7,25,1002,TS,NOAA IBTrACS v04r01
2004274N16069,2004,UNNAMED,2004-10-07 18:00:00,18.3,68.6,25,1002,TS,NOAA IBTrACS v04r01
2004274N16069,2004,UNNAMED,2004-10-07 21:00:00,18.4,68.6,25,1002,TS,NOAA IBTrACS v04r01
2004274N16069,2004,UNNAMED,2004-10-08 00:00:00,18.6,68.6,25,1002,TS,NOAA IBTrACS v04r01
2004274N16069,2004,UNNAMED,2004-10-08 03:00:00,18.8,68.6,25,1002,TS,NOAA IBTrACS v04r01
2004274N16069,2004,UNNAMED,2004-10-08 06:00:00,18.9,68.6,25,1002,TS,NOAA IBTrACS v04r01
2004274N16069,2004,UNNAMED,2004-10-08 09:00:00,19.0,68.7,25,1002,TS,NOAA IBTrACS v04r01
2004274N16069,2004,UNNAMED,2004-10-08 12:00:00,19.1,68.8,25,1002,TS,NOAA IBTrACS v04r01
2004274N16069,2004,UNNAMED,2004-10-08 15:00:00,19.2,68.9,25,1002,TS,NOAA IBTrACS v04r01
2004274N16069,2004,UNNAMED,2004-10-08 18:00:00,19.4,68.9,25,1002,TS,NOAA IBTrACS v04r01
2004274N16069,2004,UNNAMED,2004-10-08 21:00:00,19.5,69.0,25,1002,TS,NOAA IBTrACS v04r01
2004274N16069,2004,UNNAMED,2004-10-09 00:00:00,19.6,69.1,25,1002,TS,NOAA IBTrACS v04r01
2004274N16069,2004,UNNAMED,2004-10-09 03:00:00,19.7,69.2,25,1002,TS,NOAA IBTrACS v04r01
2004274N16069,2004,UNNAMED,2004-10-09 06:00:00,19.9,69.3,25,1002,TS,NOAA IBTrACS v04r01
2004274N16069,2004,UNNAMED,2004-10-09 09:00:00,20.1,69.4,25,1002,TS,NOAA IBTrACS v04r01
2004274N16069,2004,UNNAMED,2004-10-09 12:00:00,20.4,69.6,25,1002,TS,NOAA IBTrACS v04r01
2004274N16069,2004,UNNAMED,2004-10-09 15:00:00,20.7,69.9,25,1002,TS,NOAA IBTrACS v04r01
2004274N16069,2004,UNNAMED,2004-10-09 18:00:00,20.9,70.2,25,1002,TS,NOAA IBTrACS v04r01
2004274N16069,2004,UNNAMED,2004-10-09 21:00:00,21.0,70.5,25,1002,TS,NOAA IBTrACS v04r01
2004274N16069,2004,UNNAMED,2004-10-10 00:00:00,21.0,70.7,25,1002,TS,NOAA IBTrACS v04r01
2004276N12087,2004,UNNAMED,2004-10-02 03:00:00,11.5,87.0,25,1006,TS,NOAA IBTrACS v04r01
2004276N12087,2004,UNNAMED,2004-10-02 06:00:00,12.0,86.5,25,1006,TS,NOAA IBTrACS v04r01
2004276N12087,2004,UNNAMED,2004-10-02 09:00:00,12.5,86.0,25,1004,TS,NOAA IBTrACS v04r01
2004276N12087,2004,UNNAMED,2004-10-02 12:00:00,12.5,86.0,25,1002,TS,NOAA IBTrACS v04r01
2004276N12087,2004,UNNAMED,2004-10-02 15:00:00,13.0,85.5,25,1004,TS,NOAA IBTrACS v04r01
2004276N12087,2004,UNNAMED,2004-10-02 18:00:00,13.0,85.5,25,1006,TS,NOAA IBTrACS v04r01
2004276N12087,2004,UNNAMED,2004-10-02 21:00:00,13.0,85.5,25,1006,TS,NOAA IBTrACS v04r01
2004276N12087,2004,UNNAMED,2004-10-03 00:00:00,13.5,85.0,25,1006,TS,NOAA IBTrACS v04r01
2004276N12087,2004,UNNAMED,2004-10-03 03:00:00,14.5,84.5,25,1006,TS,NOAA IBTrACS v04r01
2004276N12087,2004,UNNAMED,2004-10-03 06:00:00,14.5,84.5,25,1006,TS,NOAA IBTrACS v04r01
2004276N12087,2004,UNNAMED,2004-10-03 09:00:00,15.0,84.0,25,1006,TS,NOAA IBTrACS v04r01
2004276N12087,2004,UNNAMED,2004-10-03 12:00:00,15.5,83.5,25,1006,TS,NOAA IBTrACS v04r01
2004276N12087,2004,UNNAMED,2004-10-03 15:00:00,15.5,83.5,25,1006,TS,NOAA IBTrACS v04r01
2004276N12087,2004,UNNAMED,2004-10-03 18:00:00,16.5,83.0,25,1006,TS,NOAA IBTrACS v04r01
2004276N12087,2004,UNNAMED,2004-10-03 21:00:00,17.0,83.0,25,1006,TS,NOAA IBTrACS v04r01
2004276N12087,2004,UNNAMED,2004-10-04 00:00:00,17.5,82.5,25,1006,TS,NOAA IBTrACS v04r01
2004276N12087,2004,UNNAMED,2004-10-04 03:00:00,18.0,84.0,25,1006,TS,NOAA IBTrACS v04r01
2004281N23087,2004,UNNAMED,2004-10-07 03:00:00,22.5,87.0,25,1006,TS,NOAA IBTrACS v04r01
2004281N23087,2004,UNNAMED,2004-10-07 06:00:00,22.8,87.3,,,TS,NOAA IBTrACS v04r01
2004281N23087,2004,UNNAMED,2004-10-07 09:00:00,23.2,87.7,,,TS,NOAA IBTrACS v04r01
2004281N23087,2004,UNNAMED,2004-10-07 12:00:00,23.5,88.0,25,1004,TS,NOAA IBTrACS v04r01
2004281N23087,2004,UNNAMED,2004-10-07 15:00:00,23.6,88.4,,,TS,NOAA IBTrACS v04r01
2004281N23087,2004,UNNAMED,2004-10-07 18:00:00,23.7,88.8,,,TS,NOAA IBTrACS v04r01
2004281N23087,2004,UNNAMED,2004-10-07 21:00:00,23.8,89.2,,,TS,NOAA IBTrACS v04r01
2004281N23087,2004,UNNAMED,2004-10-08 00:00:00,23.9,89.6,,,TS,NOAA IBTrACS v04r01
2004281N23087,2004,UNNAMED,2004-10-08 03:00:00,24.0,90.0,25,1004,TS,NOAA IBTrACS v04r01
2004307N09068,2004,UNNAMED,2004-11-01 12:00:00,9.4,67.8,20,1004,DS,NOAA IBTrACS v04r01
2004307N09068,2004,UNNAMED,2004-11-01 15:00:00,9.7,67.5,20,1004,DS,NOAA IBTrACS v04r01
2004307N09068,2004,UNNAMED,2004-11-01 18:00:00,10.0,67.1,20,1004,DS,NOAA IBTrACS v04r01
2004307N09068,2004,UNNAMED,2004-11-01 21:00:00,10.2,66.6,20,1004,DS,NOAA IBTrACS v04r01
2004307N09068,2004,UNNAMED,2004-11-02 00:00:00,10.4,66.3,20,1004,DS,NOAA IBTrACS v04r01
2004307N09068,2004,UNNAMED,2004-11-02 03:00:00,10.8,66.3,23,1003,DS,NOAA IBTrACS v04r01
2004307N09068,2004,UNNAMED,2004-11-02 06:00:00,11.3,66.4,25,1002,TS,NOAA IBTrACS v04r01
2004307N09068,2004,UNNAMED,2004-11-02 09:00:00,11.7,66.5,25,1002,TS,NOAA IBTrACS v04r01
2004307N09068,2004,UNNAMED,2004-11-02 12:00:00,12.1,66.7,25,1006,TS,NOAA IBTrACS v04r01
2004307N09068,2004,UNNAMED,2004-11-02 15:00:00,12.3,66.9,25,1002,TS,NOAA IBTrACS v04r01
2004307N09068,2004,UNNAMED,2004-11-02 18:00:00,12.6,67.0,25,1002,TS,NOAA IBTrACS v04r01
2004307N09068,2004,UNNAMED,2004-11-02 21:00:00,12.8,67.1,25,1002,TS,NOAA IBTrACS v04r01
2004307N09068,2004,UNNAMED,2004-11-03 00:00:00,13.1,67.1,25,1002,TS,NOAA IBTrACS v04r01
2004307N09068,2004,UNNAMED,2004-11-03 03:00:00,13.3,67.0,25,1006,TS,NOAA IBTrACS v04r01
2004307N09068,2004,UNNAMED,2004-11-03 06:00:00,13.5,67.0,25,1002,TS,NOAA IBTrACS v04r01
2004307N09068,2004,UNNAMED,2004-11-03 09:00:00,13.7,66.9,25,1002,TS,NOAA IBTrACS v04r01
2004307N09068,2004,UNNAMED,2004-11-03 12:00:00,13.9,66.9,25,1006,TS,NOAA IBTrACS v04r01
2004307N09068,2004,UNNAMED,2004-11-03 15:00:00,14.1,66.8,25,1002,TS,NOAA IBTrACS v04r01
2004307N09068,2004,UNNAMED,2004-11-03 18:00:00,14.2,66.8,25,1002,TS,NOAA IBTrACS v04r01
2004307N09068,2004,UNNAMED,2004-11-03 21:00:00,14.2,66.7,28,1001,TS,NOAA IBTrACS v04r01
2004307N09068,2004,UNNAMED,2004-11-04 00:00:00,14.1,66.7,30,1000,TS,NOAA IBTrACS v04r01
2004307N09068,2004,UNNAMED,2004-11-04 03:00:00,14.1,66.6,25,1006,TS,NOAA IBTrACS v04r01
2004307N09068,2004,UNNAMED,2004-11-04 06:00:00,14.2,66.5,35,997,TS,NOAA IBTrACS v04r01
2004307N09068,2004,UNNAMED,2004-11-04 09:00:00,14.2,66.4,35,997,TS,NOAA IBTrACS v04r01
2004307N09068,2004,UNNAMED,2004-11-04 12:00:00,14.3,66.4,25,1006,TS,NOAA IBTrACS v04r01
2004307N09068,2004,UNNAMED,2004-11-04 15:00:00,14.2,66.4,35,997,TS,NOAA IBTrACS v04r01
2004307N09068,2004,UNNAMED,2004-11-04 18:00:00,14.1,66.4,35,997,TS,NOAA IBTrACS v04r01
2004307N09068,2004,UNNAMED,2004-11-04 21:00:00,14.0,66.4,35,997,TS,NOAA IBTrACS v04r01
2004307N09068,2004,UNNAMED,2004-11-05 00:00:00,13.9,66.3,35,997,TS,NOAA IBTrACS v04r01
2004307N09068,2004,UNNAMED,2004-11-05 03:00:00,14.0,66.1,30,1004,TS,NOAA IBTrACS v04r01
2004307N09068,2004,UNNAMED,2004-11-05 06:00:00,14.1,65.8,40,994,TS,NOAA IBTrACS v04r01
2004307N09068,2004,UNNAMED,2004-11-05 09:00:00,14.4,65.5,40,994,TS,NOAA IBTrACS v04r01
2004307N09068,2004,UNNAMED,2004-11-05 12:00:00,14.6,65.1,30,1004,TS,NOAA IBTrACS v04r01
2004307N09068,2004,UNNAMED,2004-11-05 15:00:00,14.7,64.7,40,994,TS,NOAA IBTrACS v04r01
2004307N09068,2004,UNNAMED,2004-11-05 18:00:00,14.7,64.2,40,994,TS,NOAA IBTrACS v04r01
2004307N09068,2004,UNNAMED,2004-11-05 21:00:00,14.8,63.7,38,996,TS,NOAA IBTrACS v04r01
2004307N09068,2004,UNNAMED,2004-11-06 00:00:00,14.8,63.1,35,997,TS,NOAA IBTrACS v04r01
2004307N09068,2004,UNNAMED,2004-11-06 03:00:00,14.8,62.5,30,1006,TS,NOAA IBTrACS v04r01
2004307N09068,2004,UNNAMED,2004-11-06 06:00:00,14.9,61.9,35,997,TS,NOAA IBTrACS v04r01
2004307N09068,2004,UNNAMED,2004-11-06 09:00:00,14.9,61.3,25,1006,TS,NOAA IBTrACS v04r01
2004307N09068,2004,UNNAMED,2004-11-06 12:00:00,15.0,60.8,25,1006,TS,NOAA IBTrACS v04r01
2004307N09068,2004,UNNAMED,2004-11-06 15:00:00,15.0,60.3,35,997,TS,NOAA IBTrACS v04r01
2004307N09068,2004,UNNAMED,2004-11-06 18:00:00,15.0,59.8,35,997,TS,NOAA IBTrACS v04r01
2004307N09068,2004,UNNAMED,2004-11-06 21:00:00,14.9,59.3,35,997,TS,NOAA IBTrACS v04r01
2004307N09068,2004,UNNAMED,2004-11-07 00:00:00,14.8,58.8,35,997,TS,NOAA IBTrACS v04r01
2004307N09068,2004,UNNAMED,2004-11-07 03:00:00,14.6,58.2,25,1006,TS,NOAA IBTrACS v04r01
2004307N09068,2004,UNNAMED,2004-11-07 06:00:00,14.3,57.6,35,997,TS,NOAA IBTrACS v04r01
2004307N09068,2004,UNNAMED,2004-11-07 09:00:00,13.9,57.1,25,1008,TS,NOAA IBTrACS v04r01
2004307N09068,2004,UNNAMED,2004-11-07 12:00:00,13.4,56.7,25,1010,TS,NOAA IBTrACS v04r01
2004307N09068,2004,UNNAMED,2004-11-07 15:00:00,13.1,56.4,25,1002,TS,NOAA IBTrACS v04r01
2004307N09068,2004,UNNAMED,2004-11-07 18:00:00,12.8,55.9,25,1002,TS,NOAA IBTrACS v04r01
2004307N09068,2004,UNNAMED,2004-11-07 21:00:00,12.6,55.4,25,1002,TS,NOAA IBTrACS v04r01
2004307N09068,2004,UNNAMED,2004-11-08 00:00:00,12.4,54.9,25,1002,TS,NOAA IBTrACS v04r01
2004307N09068,2004,UNNAMED,2004-11-08 03:00:00,12.3,54.4,25,1002,TS,NOAA IBTrACS v04r01
2004307N09068,2004,UNNAMED,2004-11-08 06:00:00,12.2,53.8,25,1002,TS,NOAA IBTrACS v04r01
2004307N09068,2004,UNNAMED,2004-11-08 09:00:00,12.1,53.2,25,1002,TS,NOAA IBTrACS v04r01
2004307N09068,2004,UNNAMED,2004-11-08 12:00:00,11.9,52.7,25,1002,TS,NOAA IBTrACS v04r01
2004319N10134,2004,MUIFA,2004-11-13 18:00:00,9.6,134.2,20,1004,MX,NOAA IBTrACS v04r01
2004319N10134,2004,MUIFA,2004-11-13 21:00:00,10.1,133.2,25,1002,MX,NOAA IBTrACS v04r01
2004319N10134,2004,MUIFA,2004-11-14 00:00:00,10.4,132.3,30,1004,TS,NOAA IBTrACS v04r01
2004319N10134,2004,MUIFA,2004-11-14 03:00:00,10.8,131.5,30,1000,TS,NOAA IBTrACS v04r01
2004319N10134,2004,MUIFA,2004-11-14 06:00:00,11.1,130.7,30,1000,TS,NOAA IBTrACS v04r01
2004319N10134,2004,MUIFA,2004-11-14 09:00:00,11.6,129.8,33,999,TS,NOAA IBTrACS v04r01
2004319N10134,2004,MUIFA,2004-11-14 12:00:00,12.0,129.0,35,1000,TS,NOAA IBTrACS v04r01
2004319N10134,2004,MUIFA,2004-11-14 15:00:00,12.3,128.1,35,997,TS,NOAA IBTrACS v04r01
2004319N10134,2004,MUIFA,2004-11-14 18:00:00,12.4,127.3,35,996,TS,NOAA IBTrACS v04r01
2004319N10134,2004,MUIFA,2004-11-14 21:00:00,12.3,126.7,35,997,TS,NOAA IBTrACS v04r01
2004319N10134,2004,MUIFA,2004-11-15 00:00:00,12.3,126.4,35,996,TS,NOAA IBTrACS v04r01
2004319N10134,2004,MUIFA,2004-11-15 03:00:00,12.7,126.2,35,997,TS,NOAA IBTrACS v04r01
2004319N10134,2004,MUIFA,2004-11-15 06:00:00,13.1,126.2,35,996,TS,NOAA IBTrACS v04r01
2004319N10134,2004,MUIFA,2004-11-15 09:00:00,13.4,126.0,35,997,TS,NOAA IBTrACS v04r01
2004319N10134,2004,MUIFA,2004-11-15 12:00:00,13.7,125.7,35,996,TS,NOAA IBTrACS v04r01
2004319N10134,2004,MUIFA,2004-11-15 15:00:00,13.8,125.5,35,997,TS,NOAA IBTrACS v04r01
2004319N10134,2004,MUIFA,2004-11-15 18:00:00,13.9,125.4,35,996,TS,NOAA IBTrACS v04r01
2004319N10134,2004,MUIFA,2004-11-15 21:00:00,14.0,125.4,38,996,TS,NOAA IBTrACS v04r01
2004319N10134,2004,MUIFA,2004-11-16 00:00:00,14.2,125.4,35,994,TS,NOAA IBTrACS v04r01
2004319N10134,2004,MUIFA,2004-11-16 03:00:00,14.4,125.1,43,993,TS,NOAA IBTrACS v04r01
2004319N10134,2004,MUIFA,2004-11-16 06:00:00,14.6,124.7,45,990,TS,NOAA IBTrACS v04r01
2004319N10134,2004,MUIFA,2004-11-16 09:00:00,14.5,124.3,50,988,TS,NOAA IBTrACS v04r01
2004319N10134,2004,MUIFA,2004-11-16 12:00:00,14.4,124.0,50,990,TS,NOAA IBTrACS v04r01
2004319N10134,2004,MUIFA,2004-11-16 15:00:00,14.4,123.8,55,984,TS,NOAA IBTrACS v04r01
2004319N10134,2004,MUIFA,2004-11-16 18:00:00,14.4,123.7,50,990,TS,NOAA IBTrACS v04r01
2004319N10134,2004,MUIFA,2004-11-16 21:00:00,14.4,123.7,58,982,TS,NOAA IBTrACS v04r01
2004319N10134,2004,MUIFA,2004-11-17 00:00:00,14.5,123.6,50,985,TS,NOAA IBTrACS v04r01
2004319N10134,2004,MUIFA,2004-11-17 03:00:00,14.6,123.6,63,978,TS,NOAA IBTrACS v04r01
2004319N10134,2004,MUIFA,2004-11-17 06:00:00,14.7,123.6,50,985,TS,NOAA IBTrACS v04r01
2004319N10134,2004,MUIFA,2004-11-17 09:00:00,14.8,123.7,70,972,TS,NOAA IBTrACS v04r01
2004319N10134,2004,MUIFA,2004-11-17 12:00:00,15.0,123.7,55,975,TS,NOAA IBTrACS v04r01
2004319N10134,2004,MUIFA,2004-11-17 15:00:00,15.2,123.7,83,961,TS,NOAA IBTrACS v04r01
2004319N10134,2004,MUIFA,2004-11-17 18:00:00,15.4,123.7,65,960,TS,NOAA IBTrACS v04r01
2004319N10134,2004,MUIFA,2004-11-17 21:00:00,15.5,123.7,98,946,TS,NOAA IBTrACS v04r01
2004319N10134,2004,MUIFA,2004-11-18 00:00:00,15.6,123.7,75,960,TS,NOAA IBTrACS v04r01
2004319N10134,2004,MUIFA,2004-11-18 03:00:00,15.7,123.8,110,933,TS,NOAA IBTrACS v04r01
2004319N10134,2004,MUIFA,2004-11-18 06:00:00,15.8,123.9,80,950,TS,NOAA IBTrACS v04r01
2004319N10134,2004,MUIFA,2004-11-18 09:00:00,15.8,124.0,115,927,TS,NOAA IBTrACS v04r01
2004319N10134,2004,MUIFA,2004-11-18 12:00:00,15.9,124.1,80,950,TS,NOAA IBTrACS v04r01
2004319N10134,2004,MUIFA,2004-11-18 15:00:00,15.8,124.2,110,933,TS,NOAA IBTrACS v04r01
2004319N10134,2004,MUIFA,2004-11-18 18:00:00,15.8,124.3,75,955,TS,NOAA IBTrACS v04r01
2004319N10134,2004,MUIFA,2004-11-18 21:00:00,15.6,124.3,105,938,TS,NOAA IBTrACS v04r01
2004319N10134,2004,MUIFA,2004-11-19 00:00:00,15.4,124.3,70,960,TS,NOAA IBTrACS v04r01
2004319N10134,2004,MUIFA,2004-11-19 03:00:00,15.1,124.2,98,946,TS,NOAA IBTrACS v04r01
2004319N10134,2004,MUIFA,2004-11-19 06:00:00,14.8,124.1,70,960,TS,NOAA IBTrACS v04r01
2004319N10134,2004,MUIFA,2004-11-19 09:00:00,14.5,124.0,88,956,TS,NOAA IBTrACS v04r01
2004319N10134,2004,MUIFA,2004-11-19 12:00:00,14.3,123.7,65,965,TS,NOAA IBTrACS v04r01
2004319N10134,2004,MUIFA,2004-11-19 15:00:00,14.0,123.2,83,961,TS,NOAA IBTrACS v04r01
2004319N10134,2004,MUIFA,2004-11-19 18:00:00,13.6,122.7,50,985,TS,NOAA IBTrACS v04r01
2004319N10134,2004,MUIFA,2004-11-19 21:00:00,13.2,122.1,78,965,TS,NOAA IBTrACS v04r01
2004319N10134,2004,MUIFA,2004-11-20 00:00:00,12.8,121.6,45,990,TS,NOAA IBTrACS v04r01
2004319N10134,2004,MUIFA,2004-11-20 03:00:00,12.6,120.9,70,972,TS,NOAA IBTrACS v04r01
2004319N10134,2004,MUIFA,2004-11-20 06:00:00,12.4,120.3,55,980,TS,NOAA IBTrACS v04r01
2004319N10134,2004,MUIFA,2004-11-20 09:00:00,12.4,119.8,63,978,TS,NOAA IBTrACS v04r01
2004319N10134,2004,MUIFA,2004-11-20 12:00:00,12.3,119.4,55,980,TS,NOAA IBTrACS v04r01
2004319N10134,2004,MUIFA,2004-11-20 15:00:00,12.3,118.9,63,978,TS,NOAA IBTrACS v04r01
2004319N10134,2004,MUIFA,2004-11-20 18:00:00,12.3,118.4,55,980,TS,NOAA IBTrACS v04r01
2004319N10134,2004,MUIFA,2004-11-20 21:00:00,12.2,117.8,65,976,TS,NOAA IBTrACS v04r01
2004319N10134,2004,MUIFA,2004-11-21 00:00:00,12.0,117.2,55,980,TS,NOAA IBTrACS v04r01
2004319N10134,2004,MUIFA,2004-11-21 03:00:00,12.0,116.6,68,974,TS,NOAA IBTrACS v04r01
2004319N10134,2004,MUIFA,2004-11-21 06:00:00,11.9,116.1,60,975,TS,NOAA IBTrACS v04r01
2004319N10134,2004,MUIFA,2004-11-21 09:00:00,11.9,115.6,75,968,TS,NOAA IBTrACS v04r01
2004319N10134,2004,MUIFA,2004-11-21 12:00:00,11.8,115.2,65,965,TS,NOAA IBTrACS v04r01
2004319N10134,2004,MUIFA,2004-11-21 15:00:00,11.8,114.8,85,959,TS,NOAA IBTrACS v04r01
2004319N10134,2004,MUIFA,2004-11-21 18:00:00,11.7,114.4,65,965,TS,NOAA IBTrACS v04r01
2004319N10134,2004,MUIFA,2004-11-21 21:00:00,11.6,114.0,88,956,TS,NOAA IBTrACS v04r01
2004319N10134,2004,MUIFA,2004-11-22 00:00:00,11.5,113.7,65,965,TS,NOAA IBTrACS v04r01
2004319N10134,2004,MUIFA,2004-11-22 03:00:00,11.3,113.3,85,958,TS,NOAA IBTrACS v04r01
2004319N10134,2004,MUIFA,2004-11-22 06:00:00,11.1,113.0,60,975,TS,NOAA IBTrACS v04r01
2004319N10134,2004,MUIFA,2004-11-22 09:00:00,10.9,112.8,80,963,TS,NOAA IBTrACS v04r01
2004319N10134,2004,MUIFA,2004-11-22 12:00:00,10.8,112.6,60,975,TS,NOAA IBTrACS v04r01
2004319N10134,2004,MUIFA,2004-11-22 15:00:00,10.7,112.4,70,972,TS,NOAA IBTrACS v04r01
2004319N10134,2004,MUIFA,2004-11-22 18:00:00,10.6,112.2,60,975,TS,NOAA IBTrACS v04r01
2004319N10134,2004,MUIFA,2004-11-22 21:00:00,10.4,112.0,65,976,TS,NOAA IBTrACS v04r01
2004319N10134,2004,MUIFA,2004-11-23 00:00:00,10.3,111.8,55,980,TS,NOAA IBTrACS v04r01
2004319N10134,2004,MUIFA,2004-11-23 03:00:00,10.1,111.5,65,976,TS,NOAA IBTrACS v04r01
2004319N10134,2004,MUIFA,2004-11-23 06:00:00,10.0,111.3,55,985,TS,NOAA IBTrACS v04r01
2004319N10134,2004,MUIFA,2004-11-23 09:00:00,9.9,111.0,63,978,TS,NOAA IBTrACS v04r01
2004319N10134,2004,MUIFA,2004-11-23 12:00:00,9.8,110.7,55,985,TS,NOAA IBTrACS v04r01
2004319N10134,2004,MUIFA,2004-11-23 15:00:00,9.7,110.5,58,982,TS,NOAA IBTrACS v04r01
2004319N10134,2004,MUIFA,2004-11-23 18:00:00,9.6,110.2,50,990,TS,NOAA IBTrACS v04r01
2004319N10134,2004,MUIFA,2004-11-23 21:00:00,9.4,109.9,55,984,TS,NOAA IBTrACS v04r01
2004319N10134,2004,MUIFA,2004-11-24 00:00:00,9.2,109.5,50,990,TS,NOAA IBTrACS v04r01
2004319N10134,2004,MUIFA,2004-11-24 03:00:00,9.1,109.1,53,986,TS,NOAA IBTrACS v04r01
2004319N10134,2004,MUIFA,2004-11-24 06:00:00,8.9,108.6,45,994,TS,NOAA IBTrACS v04r01
2004319N10134,2004,MUIFA,2004-11-24 09:00:00,8.7,107.9,45,991,TS,NOAA IBTrACS v04r01
2004319N10134,2004,MUIFA,2004-11-24 12:00:00,8.5,107.2,35,998,TS,NOAA IBTrACS v04r01
2004319N10134,2004,MUIFA,2004-11-24 15:00:00,8.4,106.4,40,994,TS,NOAA IBTrACS v04r01
2004319N10134,2004,MUIFA,2004-11-24 18:00:00,8.4,105.5,35,998,TS,NOAA IBTrACS v04r01
2004319N10134,2004,MUIFA,2004-11-24 21:00:00,8.5,104.5,40,994,TS,NOAA IBTrACS v04r01
2004319N10134,2004,MUIFA,2004-11-25 00:00:00,8.6,103.7,35,998,TS,NOAA IBTrACS v04r01
2004319N10134,2004,MUIFA,2004-11-25 03:00:00,8.6,102.7,38,996,TS,NOAA IBTrACS v04r01
2004319N10134,2004,MUIFA,2004-11-25 06:00:00,8.6,101.9,35,1000,TS,NOAA IBTrACS v04r01
2004319N10134,2004,MUIFA,2004-11-25 09:00:00,8.7,101.1,33,999,TS,NOAA IBTrACS v04r01
2004319N10134,2004,MUIFA,2004-11-25 12:00:00,8.9,100.5,30,1004,TS,NOAA IBTrACS v04r01
2004319N10134,2004,MUIFA,2004-11-25 15:00:00,9.4,99.9,30,1000,TS,NOAA IBTrACS v04r01
2004319N10134,2004,MUIFA,2004-11-25 18:00:00,10.0,99.6,30,1000,TS,NOAA IBTrACS v04r01
2004319N10134,2004,MUIFA,2004-11-25 21:00:00,10.6,99.6,28,1001,TS,NOAA IBTrACS v04r01
2004319N10134,2004,MUIFA,2004-11-26 00:00:00,11.3,99.9,25,1002,TS,NOAA IBTrACS v04r01
2004332N02072,2004,UNNAMED,2004-11-27 00:00:00,1.6,72.4,20,1004,TS,NOAA IBTrACS v04r01
2004332N02072,2004,UNNAMED,2004-11-27 03:00:00,1.6,71.9,20,1004,TS,NOAA IBTrACS v04r01
2004332N02072,2004,UNNAMED,2004-11-27 06:00:00,1.5,71.5,20,1004,TS,NOAA IBTrACS v04r01
2004332N02072,2004,UNNAMED,2004-11-27 09:00:00,1.4,71.1,20,1004,TS,NOAA IBTrACS v04r01
2004332N02072,2004,UNNAMED,2004-11-27 12:00:00,1.2,70.7,20,1004,TS,NOAA IBTrACS v04r01
2004332N02072,2004,UNNAMED,2004-11-27 15:00:00,1.0,70.3,25,1002,TS,NOAA IBTrACS v04r01
2004332N02072,2004,UNNAMED,2004-11-27 18:00:00,0.9,69.9,30,1000,TS,NOAA IBTrACS v04r01
2004332N02072,2004,UNNAMED,2004-11-27 21:00:00,0.8,69.4,33,999,TS,NOAA IBTrACS v04r01
2004332N02072,2004,UNNAMED,2004-11-28 00:00:00,0.7,69.0,35,997,TS,NOAA IBTrACS v04r01
2004332N02072,2004,UNNAMED,2004-11-28 03:00:00,0.7,68.6,38,996,TS,NOAA IBTrACS v04r01
2004332N02072,2004,UNNAMED,2004-11-28 06:00:00,0.8,68.3,40,994,TS,NOAA IBTrACS v04r01
2004332N02072,2004,UNNAMED,2004-11-28 09:00:00,0.9,67.9,43,993,TS,NOAA IBTrACS v04r01
2004332N02072,2004,UNNAMED,2004-11-28 12:00:00,1.1,67.5,45,991,TS,NOAA IBTrACS v04r01
2004332N02072,2004,UNNAMED,2004-11-28 15:00:00,1.3,67.1,48,989,TS,NOAA IBTrACS v04r01
2004332N02072,2004,UNNAMED,2004-11-28 18:00:00,1.5,66.7,50,987,TS,NOAA IBTrACS v04r01
2004332N02072,2004,UNNAMED,2004-11-28 21:00:00,1.7,66.3,55,984,TS,NOAA IBTrACS v04r01
2004332N02072,2004,UNNAMED,2004-11-29 00:00:00,2.0,65.9,60,980,TS,NOAA IBTrACS v04r01
2004332N02072,2004,UNNAMED,2004-11-29 03:00:00,2.3,65.4,63,978,TS,NOAA IBTrACS v04r01
2004332N02072,2004,UNNAMED,2004-11-29 06:00:00,2.7,65.0,65,976,TS,NOAA IBTrACS v04r01
2004332N02072,2004,UNNAMED,2004-11-29 09:00:00,3.1,64.6,65,976,TS,NOAA IBTrACS v04r01
2004332N02072,2004,UNNAMED,2004-11-29 12:00:00,3.5,64.3,65,976,TS,NOAA IBTrACS v04r01
2004332N02072,2004,UNNAMED,2004-11-29 15:00:00,3.8,64.0,35,1004,TS,NOAA IBTrACS v04r01
2004332N02072,2004,UNNAMED,2004-11-29 18:00:00,4.0,63.7,35,1004,TS,NOAA IBTrACS v04r01
2004332N02072,2004,UNNAMED,2004-11-29 21:00:00,4.2,63.4,35,1004,TS,NOAA IBTrACS v04r01
2004332N02072,2004,UNNAMED,2004-11-30 00:00:00,4.8,63.0,35,1004,TS,NOAA IBTrACS v04r01
2004332N02072,2004,UNNAMED,2004-11-30 03:00:00,5.2,62.4,45,998,TS,NOAA IBTrACS v04r01
2004332N02072,2004,UNNAMED,2004-11-30 06:00:00,5.6,61.7,55,994,TS,NOAA IBTrACS v04r01
2004332N02072,2004,UNNAMED,2004-11-30 09:00:00,6.0,61.1,55,994,TS,NOAA IBTrACS v04r01
2004332N02072,2004,UNNAMED,2004-11-30 12:00:00,6.1,60.7,55,994,TS,NOAA IBTrACS v04r01
2004332N02072,2004,UNNAMED,2004-11-30 15:00:00,6.1,60.4,55,994,TS,NOAA IBTrACS v04r01
2004332N02072,2004,UNNAMED,2004-11-30 18:00:00,6.3,60.0,45,998,TS,NOAA IBTrACS v04r01
2004332N02072,2004,UNNAMED,2004-11-30 21:00:00,6.6,59.8,45,1000,TS,NOAA IBTrACS v04r01
2004332N02072,2004,UNNAMED,2004-12-01 00:00:00,7.0,59.5,35,1002,TS,NOAA IBTrACS v04r01
2004332N02072,2004,UNNAMED,2004-12-01 03:00:00,7.1,59.3,35,1002,TS,NOAA IBTrACS v04r01
2004332N02072,2004,UNNAMED,2004-12-01 06:00:00,7.3,59.2,35,1002,TS,NOAA IBTrACS v04r01
2004332N02072,2004,UNNAMED,2004-12-01 09:00:00,7.6,58.5,30,1004,TS,NOAA IBTrACS v04r01
2004332N02072,2004,UNNAMED,2004-12-01 12:00:00,7.7,58.4,25,1006,TS,NOAA IBTrACS v04r01
2004332N02072,2004,UNNAMED,2004-12-01 15:00:00,7.7,58.1,48,989,TS,NOAA IBTrACS v04r01
2004332N02072,2004,UNNAMED,2004-12-01 18:00:00,7.7,57.7,45,991,TS,NOAA IBTrACS v04r01
2004332N02072,2004,UNNAMED,2004-12-01 21:00:00,7.8,57.3,45,991,TS,NOAA IBTrACS v04r01
2004332N02072,2004,UNNAMED,2004-12-02 00:00:00,7.9,56.8,45,991,TS,NOAA IBTrACS v04r01
2004332N02072,2004,UNNAMED,2004-12-02 03:00:00,8.0,56.3,25,1006,TS,NOAA IBTrACS v04r01
2004332N02072,2004,UNNAMED,2004-12-02 06:00:00,8.1,55.8,45,991,TS,NOAA IBTrACS v04r01
2004332N02072,2004,UNNAMED,2004-12-02 09:00:00,8.2,55.3,43,993,TS,NOAA IBTrACS v04r01
2004332N02072,2004,UNNAMED,2004-12-02 12:00:00,8.2,55.0,25,1006,TS,NOAA IBTrACS v04r01
2004332N02072,2004,UNNAMED,2004-12-02 15:00:00,8.2,54.7,40,994,TS,NOAA IBTrACS v04r01
2004332N02072,2004,UNNAMED,2004-12-02 18:00:00,8.2,54.4,40,994,TS,NOAA IBTrACS v04r01
2004332N02072,2004,UNNAMED,2004-12-02 21:00:00,8.2,54.1,40,994,TS,NOAA IBTrACS v04r01
2004332N02072,2004,UNNAMED,2004-12-03 00:00:00,8.3,53.9,40,994,TS,NOAA IBTrACS v04r01
2004332N02072,2004,UNNAMED,2004-12-03 03:00:00,8.3,53.7,40,994,TS,NOAA IBTrACS v04r01
2004332N02072,2004,UNNAMED,2004-12-03 06:00:00,8.3,53.4,40,994,TS,NOAA IBTrACS v04r01
2004332N02072,2004,UNNAMED,2004-12-03 09:00:00,8.3,53.2,38,996,TS,NOAA IBTrACS v04r01
2004332N02072,2004,UNNAMED,2004-12-03 12:00:00,8.2,52.9,35,997,TS,NOAA IBTrACS v04r01
2004332N02072,2004,UNNAMED,2004-12-03 15:00:00,8.1,52.5,33,999,TS,NOAA IBTrACS v04r01
2004332N02072,2004,UNNAMED,2004-12-03 18:00:00,7.9,52.1,30,1000,TS,NOAA IBTrACS v04r01
2004332N02072,2004,UNNAMED,2004-12-03 21:00:00,7.7,51.7,30,1000,TS,NOAA IBTrACS v04r01
2004332N02072,2004,UNNAMED,2004-12-04 00:00:00,7.5,51.3,30,1000,TS,NOAA IBTrACS v04r01
2004332N02072,2004,UNNAMED,2004-12-04 03:00:00,7.2,50.8,30,1000,TS,NOAA IBTrACS v04r01
2004332N02072,2004,UNNAMED,2004-12-04 06:00:00,6.9,50.3,30,1000,TS,NOAA IBTrACS v04r01
2004332N02072,2004,UNNAMED,2004-12-04 09:00:00,6.6,49.8,28,1001,TS,NOAA IBTrACS v04r01
2004332N02072,2004,UNNAMED,2004-12-04 12:00:00,6.1,49.2,25,1002,DS,NOAA IBTrACS v04r01
2004332N02072,2004,UNNAMED,2004-12-04 15:00:00,5.4,48.6,25,1002,DS,NOAA IBTrACS v04r01
2004332N02072,2004,UNNAMED,2004-12-04 18:00:00,4.6,47.9,25,1002,DS,NOAA IBTrACS v04r01
2004332N02072,2004,UNNAMED,2004-12-04 21:00:00,4.0,47.0,25,1002,DS,NOAA IBTrACS v04r01
2004332N02072,2004,UNNAMED,2004-12-05 00:00:00,3.4,46.4,25,1002,DS,NOAA IBTrACS v04r01
2004332N02072,2004,UNNAMED,2004-12-05 03:00:00,2.7,46.3,23,1003,DS,NOAA IBTrACS v04r01
2004332N02072,2004,UNNAMED,2004-12-05 06:00:00,1.9,46.5,20,1004,DS,NOAA IBTrACS v04r01
2005007N04085,2005,UNNAMED,2005-01-07 00:00:00,3.5,85.1,15,1006,TS,NOAA IBTrACS v04r01
2005007N04085,2005,UNNAMED,2005-01-07 03:00:00,3.5,85.0,15,1006,TS,NOAA IBTrACS v04r01
2005007N04085,2005,UNNAMED,2005-01-07 06:00:00,3.5,84.8,15,1006,TS,NOAA IBTrACS v04r01
2005007N04085,2005,UNNAMED,2005-01-07 09:00:00,3.6,84.7,15,1006,TS,NOAA IBTrACS v04r01
2005007N04085,2005,UNNAMED,2005-01-07 12:00:00,3.6,84.6,15,1006,TS,NOAA IBTrACS v04r01
2005007N04085,2005,UNNAMED,2005-01-07 15:00:00,3.6,84.5,18,1005,TS,NOAA IBTrACS v04r01
2005007N04085,2005,UNNAMED,2005-01-07 18:00:00,3.7,84.4,20,1004,TS,NOAA IBTrACS v04r01
2005007N04085,2005,UNNAMED,2005-01-07 21:00:00,3.7,84.3,20,1004,TS,NOAA IBTrACS v04r01
2005007N04085,2005,UNNAMED,2005-01-08 00:00:00,3.8,84.2,20,1004,TS,NOAA IBTrACS v04r01
2005007N04085,2005,UNNAMED,2005-01-08 03:00:00,3.8,84.0,23,1003,TS,NOAA IBTrACS v04r01
2005007N04085,2005,UNNAMED,2005-01-08 06:00:00,3.9,83.9,25,1002,TS,NOAA IBTrACS v04r01
2005007N04085,2005,UNNAMED,2005-01-08 09:00:00,4.0,83.8,28,1001,TS,NOAA IBTrACS v04r01
2005007N04085,2005,UNNAMED,2005-01-08 12:00:00,4.2,83.7,30,1000,TS,NOAA IBTrACS v04r01
2005007N04085,2005,UNNAMED,2005-01-08 15:00:00,4.4,83.6,30,1000,TS,NOAA IBTrACS v04r01
2005007N04085,2005,UNNAMED,2005-01-08 18:00:00,4.7,83.5,30,1000,TS,NOAA IBTrACS v04r01
2005007N04085,2005,UNNAMED,2005-01-08 21:00:00,5.0,83.4,28,1001,TS,NOAA IBTrACS v04r01
2005007N04085,2005,UNNAMED,2005-01-09 00:00:00,5.2,83.4,25,1002,TS,NOAA IBTrACS v04r01
2005007N04085,2005,UNNAMED,2005-01-09 03:00:00,5.4,83.4,25,1002,TS,NOAA IBTrACS v04r01
2005007N04085,2005,UNNAMED,2005-01-09 06:00:00,5.5,83.3,25,1002,TS,NOAA IBTrACS v04r01
2005007N04085,2005,UNNAMED,2005-01-09 09:00:00,5.7,83.2,25,1002,TS,NOAA IBTrACS v04r01
2005007N04085,2005,UNNAMED,2005-01-09 12:00:00,5.8,83.2,25,1002,TS,NOAA IBTrACS v04r01
2005007N04085,2005,UNNAMED,2005-01-09 15:00:00,5.9,83.2,25,1002,TS,NOAA IBTrACS v04r01
2005007N04085,2005,UNNAMED,2005-01-09 18:00:00,6.1,83.2,25,1002,TS,NOAA IBTrACS v04r01
2005007N04085,2005,UNNAMED,2005-01-09 21:00:00,6.2,83.2,25,1002,TS,NOAA IBTrACS v04r01
2005007N04085,2005,UNNAMED,2005-01-10 00:00:00,6.4,83.2,25,1002,TS,NOAA IBTrACS v04r01
2005007N04085,2005,UNNAMED,2005-01-10 03:00:00,6.6,83.2,23,1003,TS,NOAA IBTrACS v04r01
2005007N04085,2005,UNNAMED,2005-01-10 06:00:00,6.7,83.1,20,1004,TS,NOAA IBTrACS v04r01
2005007N04085,2005,UNNAMED,2005-01-10 09:00:00,6.9,83.0,20,1004,TS,NOAA IBTrACS v04r01
2005007N04085,2005,UNNAMED,2005-01-10 12:00:00,7.0,83.0,20,1004,TS,NOAA IBTrACS v04r01
2005012N04090,2005,UNNAMED,2005-01-11 18:00:00,4.0,89.8,20,1004,DS,NOAA IBTrACS v04r01
2005012N04090,2005,UNNAMED,2005-01-11 21:00:00,4.2,89.9,20,1004,DS,NOAA IBTrACS v04r01
2005012N04090,2005,UNNAMED,2005-01-12 00:00:00,4.4,89.9,20,1004,DS,NOAA IBTrACS v04r01
2005012N04090,2005,UNNAMED,2005-01-12 03:00:00,4.6,89.8,20,1004,DS,NOAA IBTrACS v04r01
2005012N04090,2005,UNNAMED,2005-01-12 06:00:00,4.7,89.7,20,1004,DS,NOAA IBTrACS v04r01
2005012N04090,2005,UNNAMED,2005-01-12 09:00:00,4.8,89.6,20,1004,DS,NOAA IBTrACS v04r01
2005012N04090,2005,UNNAMED,2005-01-12 12:00:00,5.0,89.4,20,1004,DS,NOAA IBTrACS v04r01
2005012N04090,2005,UNNAMED,2005-01-12 15:00:00,5.2,89.2,20,1004,DS,NOAA IBTrACS v04r01
2005012N04090,2005,UNNAMED,2005-01-12 18:00:00,5.3,88.9,20,1004,DS,NOAA IBTrACS v04r01
2005012N04090,2005,UNNAMED,2005-01-12 21:00:00,5.3,88.5,23,1003,DS,NOAA IBTrACS v04r01
2005012N04090,2005,UNNAMED,2005-01-13 00:00:00,5.2,88.1,25,1002,TS,NOAA IBTrACS v04r01
2005012N04090,2005,UNNAMED,2005-01-13 03:00:00,5.3,87.8,28,1001,TS,NOAA IBTrACS v04r01
2005012N04090,2005,UNNAMED,2005-01-13 06:00:00,5.4,87.5,30,1000,TS,NOAA IBTrACS v04r01
2005012N04090,2005,UNNAMED,2005-01-13 09:00:00,5.5,87.3,30,1000,TS,NOAA IBTrACS v04r01
2005012N04090,2005,UNNAMED,2005-01-13 12:00:00,5.6,87.2,25,1006,TS,NOAA IBTrACS v04r01
2005012N04090,2005,UNNAMED,2005-01-13 15:00:00,5.7,87.1,30,1001,TS,NOAA IBTrACS v04r01
2005012N04090,2005,UNNAMED,2005-01-13 18:00:00,5.7,87.2,30,1002,TS,NOAA IBTrACS v04r01
2005012N04090,2005,UNNAMED,2005-01-13 21:00:00,5.7,87.2,30,1001,TS,NOAA IBTrACS v04r01
2005012N04090,2005,UNNAMED,2005-01-14 00:00:00,5.7,87.3,30,1000,TS,NOAA IBTrACS v04r01
2005012N04090,2005,UNNAMED,2005-01-14 03:00:00,5.6,87.3,30,1004,TS,NOAA IBTrACS v04r01
2005012N04090,2005,UNNAMED,2005-01-14 06:00:00,5.5,87.3,30,1000,TS,NOAA IBTrACS v04r01
2005012N04090,2005,UNNAMED,2005-01-14 09:00:00,5.4,87.3,33,999,TS,NOAA IBTrACS v04r01
2005012N04090,2005,UNNAMED,2005-01-14 12:00:00,5.3,87.2,30,1004,TS,NOAA IBTrACS v04r01
2005012N04090,2005,UNNAMED,2005-01-14 15:00:00,5.3,87.1,35,997,TS,NOAA IBTrACS v04r01
2005012N04090,2005,UNNAMED,2005-01-14 18:00:00,5.3,87.1,35,997,TS,NOAA IBTrACS v04r01
2005012N04090,2005,UNNAMED,2005-01-14 21:00:00,5.3,87.0,35,997,TS,NOAA IBTrACS v04r01
2005012N04090,2005,UNNAMED,2005-01-15 00:00:00,5.3,87.0,35,997,TS,NOAA IBTrACS v04r01
2005012N04090,2005,UNNAMED,2005-01-15 03:00:00,5.3,86.9,35,1002,TS,NOAA IBTrACS v04r01
2005012N04090,2005,UNNAMED,2005-01-15 06:00:00,5.3,86.8,35,1000,TS,NOAA IBTrACS v04r01
2005012N04090,2005,UNNAMED,2005-01-15 09:00:00,5.2,86.7,35,1000,TS,NOAA IBTrACS v04r01
2005012N04090,2005,UNNAMED,2005-01-15 12:00:00,5.2,86.7,35,1000,TS,NOAA IBTrACS v04r01
2005012N04090,2005,UNNAMED,2005-01-15 15:00:00,5.1,86.7,35,1002,TS,NOAA IBTrACS v04r01
2005012N04090,2005,UNNAMED,2005-01-15 18:00:00,5.0,86.7,35,1002,TS,NOAA IBTrACS v04r01
2005012N04090,2005,UNNAMED,2005-01-15 21:00:00,4.9,86.7,35,1002,TS,NOAA IBTrACS v04r01
2005012N04090,2005,UNNAMED,2005-01-16 00:00:00,4.9,86.7,35,1004,TS,NOAA IBTrACS v04r01
2005012N04090,2005,UNNAMED,2005-01-16 03:00:00,4.9,86.4,35,1004,TS,NOAA IBTrACS v04r01
2005012N04090,2005,UNNAMED,2005-01-16 06:00:00,5.0,86.4,35,1004,TS,NOAA IBTrACS v04r01
2005012N04090,2005,UNNAMED,2005-01-16 09:00:00,5.0,86.3,35,1002,TS,NOAA IBTrACS v04r01
2005012N04090,2005,UNNAMED,2005-01-16 12:00:00,5.1,86.2,35,1002,TS,NOAA IBTrACS v04r01
2005012N04090,2005,UNNAMED,2005-01-16 15:00:00,5.1,86.1,35,1002,TS,NOAA IBTrACS v04r01
2005012N04090,2005,UNNAMED,2005-01-16 18:00:00,5.2,86.1,35,1004,TS,NOAA IBTrACS v04r01
2005012N04090,2005,UNNAMED,2005-01-16 21:00:00,5.2,85.9,35,1004,TS,NOAA IBTrACS v04r01
2005012N04090,2005,UNNAMED,2005-01-17 00:00:00,5.2,85.7,30,1004,TS,NOAA IBTrACS v04r01
2005012N04090,2005,UNNAMED,2005-01-17 03:00:00,4.8,85.7,30,1004,TS,NOAA IBTrACS v04r01
2005012N04090,2005,UNNAMED,2005-01-17 06:00:00,4.8,85.8,30,1004,TS,NOAA IBTrACS v04r01
2005012N04090,2005,UNNAMED,2005-01-17 09:00:00,5.0,86.0,25,1004,TS,NOAA IBTrACS v04r01
2005012N04090,2005,UNNAMED,2005-01-17 12:00:00,5.0,86.0,25,1006,TS,NOAA IBTrACS v04r01
2005172N22069,2005,UNNAMED,2005-06-21 03:00:00,21.5,68.5,25,992,TS,NOAA IBTrACS v04r01
2005172N22069,2005,UNNAMED,2005-06-21 06:00:00,21.7,68.3,,,TS,NOAA IBTrACS v04r01
2005172N22069,2005,UNNAMED,2005-06-21 09:00:00,21.9,68.1,,,TS,NOAA IBTrACS v04r01
2005172N22069,2005,UNNAMED,2005-06-21 12:00:00,22.0,68.0,25,994,TS,NOAA IBTrACS v04r01
2005172N22069,2005,UNNAMED,2005-06-21 15:00:00,22.1,68.0,,,TS,NOAA IBTrACS v04r01
2005172N22069,2005,UNNAMED,2005-06-21 18:00:00,22.1,68.0,,,TS,NOAA IBTrACS v04r01
2005172N22069,2005,UNNAMED,2005-06-21 21:00:00,22.1,68.1,,,TS,NOAA IBTrACS v04r01
2005172N22069,2005,UNNAMED,2005-06-22 00:00:00,22.0,68.1,,,TS,NOAA IBTrACS v04r01
2005172N22069,2005,UNNAMED,2005-06-22 03:00:00,22.0,68.0,25,994,TS,NOAA IBTrACS v04r01
2005172N22069,2005,UNNAMED,2005-06-22 06:00:00,22.0,67.8,,,TS,NOAA IBTrACS v04r01
2005172N22069,2005,UNNAMED,2005-06-22 09:00:00,22.0,67.4,,,TS,NOAA IBTrACS v04r01
2005172N22069,2005,UNNAMED,2005-06-22 12:00:00,22.0,67.0,25,992,TS,NOAA IBTrACS v04r01
2005179N22088,2005,UNNAMED,2005-06-27 12:00:00,21.5,88.0,25,990,TS,NOAA IBTrACS v04r01
2005179N22088,2005,UNNAMED,2005-06-27 15:00:00,21.9,87.5,,,TS,NOAA IBTrACS v04r01
2005179N22088,2005,UNNAMED,2005-06-27 18:00:00,22.3,87.0,,,TS,NOAA IBTrACS v04r01
2005179N22088,2005,UNNAMED,2005-06-27 21:00:00,22.6,86.6,,,TS,NOAA IBTrACS v04r01
2005179N22088,2005,UNNAMED,2005-06-28 00:00:00,22.8,86.2,,,TS,NOAA IBTrACS v04r01
2005179N22088,2005,UNNAMED,2005-06-28 03:00:00,23.0,86.0,25,990,TS,NOAA IBTrACS v04r01
2005179N22088,2005,UNNAMED,2005-06-28 06:00:00,23.1,85.9,,,TS,NOAA IBTrACS v04r01
2005179N22088,2005,UNNAMED,2005-06-28 09:00:00,23.0,85.9,,,TS,NOAA IBTrACS v04r01
2005179N22088,2005,UNNAMED,2005-06-28 12:00:00,23.0,86.0,25,990,TS,NOAA IBTrACS v04r01
2005179N22088,2005,UNNAMED,2005-06-28 15:00:00,23.0,86.0,,,TS,NOAA IBTrACS v04r01
2005179N22088,2005,UNNAMED,2005-06-28 18:00:00,22.9,86.1,,,TS,NOAA IBTrACS v04r01
2005179N22088,2005,UNNAMED,2005-06-28 21:00:00,22.9,86.1,,,TS,NOAA IBTrACS v04r01
2005179N22088,2005,UNNAMED,2005-06-29 00:00:00,22.9,86.1,,,TS,NOAA IBTrACS v04r01
2005179N22088,2005,UNNAMED,2005-06-29 03:00:00,23.0,86.0,25,990,TS,NOAA IBTrACS v04r01
2005179N22088,2005,UNNAMED,2005-06-29 06:00:00,23.1,85.9,,,TS,NOAA IBTrACS v04r01
2005179N22088,2005,UNNAMED,2005-06-29 09:00:00,23.3,85.7,,,TS,NOAA IBTrACS v04r01
2005179N22088,2005,UNNAMED,2005-06-29 12:00:00,23.5,85.5,25,990,TS,NOAA IBTrACS v04r01
2005179N22088,2005,UNNAMED,2005-06-29 15:00:00,23.6,85.3,,,TS,NOAA IBTrACS v04r01
2005179N22088,2005,UNNAMED,2005-06-29 18:00:00,23.8,85.1,,,TS,NOAA IBTrACS v04r01
2005179N22088,2005,UNNAMED,2005-06-29 21:00:00,23.9,84.8,,,TS,NOAA IBTrACS v04r01
2005179N22088,2005,UNNAMED,2005-06-30 00:00:00,23.9,84.5,,,TS,NOAA IBTrACS v04r01
2005179N22088,2005,UNNAMED,2005-06-30 03:00:00,24.0,84.0,25,990,TS,NOAA IBTrACS v04r01
2005179N22088,2005,UNNAMED,2005-06-30 06:00:00,24.0,83.4,,,TS,NOAA IBTrACS v04r01
2005179N22088,2005,UNNAMED,2005-06-30 09:00:00,24.0,82.6,,,TS,NOAA IBTrACS v04r01
2005179N22088,2005,UNNAMED,2005-06-30 12:00:00,24.0,82.0,25,990,TS,NOAA IBTrACS v04r01
2005179N22088,2005,UNNAMED,2005-06-30 15:00:00,24.1,81.5,,,TS,NOAA IBTrACS v04r01
2005179N22088,2005,UNNAMED,2005-06-30 18:00:00,24.2,81.1,,,TS,NOAA IBTrACS v04r01
2005179N22088,2005,UNNAMED,2005-06-30 21:00:00,24.3,80.8,,,TS,NOAA IBTrACS v04r01
2005179N22088,2005,UNNAMED,2005-07-01 00:00:00,24.4,80.6,,,TS,NOAA IBTrACS v04r01
2005179N22088,2005,UNNAMED,2005-07-01 03:00:00,24.5,80.5,25,990,TS,NOAA IBTrACS v04r01
2005179N22088,2005,UNNAMED,2005-07-01 06:00:00,24.5,80.4,,,TS,NOAA IBTrACS v04r01
2005179N22088,2005,UNNAMED,2005-07-01 09:00:00,24.5,80.5,,,TS,NOAA IBTrACS v04r01
2005179N22088,2005,UNNAMED,2005-07-01 12:00:00,24.5,80.5,25,990,TS,NOAA IBTrACS v04r01
2005179N22088,2005,UNNAMED,2005-07-01 15:00:00,24.5,80.5,,,TS,NOAA IBTrACS v04r01
2005179N22088,2005,UNNAMED,2005-07-01 18:00:00,24.5,80.5,,,TS,NOAA IBTrACS v04r01
2005179N22088,2005,UNNAMED,2005-07-01 21:00:00,24.5,80.5,,,TS,NOAA IBTrACS v04r01
2005179N22088,2005,UNNAMED,2005-07-02 00:00:00,24.5,80.5,,,TS,NOAA IBTrACS v04r01
2005179N22088,2005,UNNAMED,2005-07-02 03:00:00,24.5,80.5,25,990,TS,NOAA IBTrACS v04r01
2005179N22088,2005,UNNAMED,2005-07-02 06:00:00,24.5,80.5,,,TS,NOAA IBTrACS v04r01
2005179N22088,2005,UNNAMED,2005-07-02 09:00:00,24.5,80.5,,,TS,NOAA IBTrACS v04r01
2005179N22088,2005,UNNAMED,2005-07-02 12:00:00,24.5,80.5,25,990,TS,NOAA IBTrACS v04r01
2005179N22088,2005,UNNAMED,2005-07-02 15:00:00,24.5,80.5,,,TS,NOAA IBTrACS v04r01
2005179N22088,2005,UNNAMED,2005-07-02 18:00:00,24.5,80.5,,,TS,NOAA IBTrACS v04r01
2005179N22088,2005,UNNAMED,2005-07-02 21:00:00,24.5,80.5,,,TS,NOAA IBTrACS v04r01
2005179N22088,2005,UNNAMED,2005-07-03 00:00:00,24.5,80.5,,,TS,NOAA IBTrACS v04r01
2005179N22088,2005,UNNAMED,2005-07-03 03:00:00,24.5,80.5,25,990,TS,NOAA IBTrACS v04r01
2005179N22088,2005,UNNAMED,2005-07-03 06:00:00,24.5,80.5,,,TS,NOAA IBTrACS v04r01
2005179N22088,2005,UNNAMED,2005-07-03 09:00:00,24.5,80.5,,,TS,NOAA IBTrACS v04r01
2005179N22088,2005,UNNAMED,2005-07-03 12:00:00,24.5,80.5,25,990,TS,NOAA IBTrACS v04r01
2005179N22088,2005,UNNAMED,2005-07-03 15:00:00,24.6,80.3,,,TS,NOAA IBTrACS v04r01
2005179N22088,2005,UNNAMED,2005-07-03 18:00:00,24.7,80.1,,,TS,NOAA IBTrACS v04r01
2005179N22088,2005,UNNAMED,2005-07-03 21:00:00,24.8,79.9,,,TS,NOAA IBTrACS v04r01
2005179N22088,2005,UNNAMED,2005-07-04 00:00:00,24.9,79.7,,,TS,NOAA IBTrACS v04r01
2005179N22088,2005,UNNAMED,2005-07-04 03:00:00,25.0,79.5,25,990,TS,NOAA IBTrACS v04r01
2005179N22088,2005,UNNAMED,2005-07-04 06:00:00,25.0,79.5,,,TS,NOAA IBTrACS v04r01
2005179N22088,2005,UNNAMED,2005-07-04 09:00:00,25.0,79.5,,,TS,NOAA IBTrACS v04r01
2005179N22088,2005,UNNAMED,2005-07-04 12:00:00,25.0,79.5,25,990,TS,NOAA IBTrACS v04r01
2005179N22088,2005,UNNAMED,2005-07-04 15:00:00,25.2,79.6,,,TS,NOAA IBTrACS v04r01
2005179N22088,2005,UNNAMED,2005-07-04 18:00:00,25.4,79.7,,,TS,NOAA IBTrACS v04r01
2005179N22088,2005,UNNAMED,2005-07-04 21:00:00,25.6,79.8,,,TS,NOAA IBTrACS v04r01
2005179N22088,2005,UNNAMED,2005-07-05 00:00:00,25.8,79.9,,,TS,NOAA IBTrACS v04r01
2005179N22088,2005,UNNAMED,2005-07-05 03:00:00,26.0,80.0,25,990,TS,NOAA IBTrACS v04r01
2005179N22088,2005,UNNAMED,2005-07-05 06:00:00,26.1,80.0,,,TS,NOAA IBTrACS v04r01
2005179N22088,2005,UNNAMED,2005-07-05 09:00:00,26.0,80.0,,,TS,NOAA IBTrACS v04r01
2005179N22088,2005,UNNAMED,2005-07-05 12:00:00,26.0,80.0,25,990,TS,NOAA IBTrACS v04r01
2005210N21088,2005,UNNAMED,2005-07-29 03:00:00,21.5,87.5,25,992,TS,NOAA IBTrACS v04r01
2005210N21088,2005,UNNAMED,2005-07-29 06:00:00,21.5,87.5,,,TS,NOAA IBTrACS v04r01
2005210N21088,2005,UNNAMED,2005-07-29 09:00:00,21.5,87.5,,,TS,NOAA IBTrACS v04r01
2005210N21088,2005,UNNAMED,2005-07-29 12:00:00,21.5,87.5,25,990,TS,NOAA IBTrACS v04r01
2005210N21088,2005,UNNAMED,2005-07-29 15:00:00,21.5,87.6,,,TS,NOAA IBTrACS v04r01
2005210N21088,2005,UNNAMED,2005-07-29 18:00:00,21.5,87.7,,,TS,NOAA IBTrACS v04r01
2005210N21088,2005,UNNAMED,2005-07-29 21:00:00,21.5,87.8,,,TS,NOAA IBTrACS v04r01
2005210N21088,2005,UNNAMED,2005-07-30 00:00:00,21.5,87.8,,,TS,NOAA IBTrACS v04r01
2005210N21088,2005,UNNAMED,2005-07-30 03:00:00,21.5,87.5,30,990,TS,NOAA IBTrACS v04r01
2005210N21088,2005,UNNAMED,2005-07-30 06:00:00,21.5,86.9,,,TS,NOAA IBTrACS v04r01
2005210N21088,2005,UNNAMED,2005-07-30 09:00:00,21.5,86.1,,,TS,NOAA IBTrACS v04r01
2005210N21088,2005,UNNAMED,2005-07-30 12:00:00,21.5,85.5,30,988,TS,NOAA IBTrACS v04r01
2005210N21088,2005,UNNAMED,2005-07-30 15:00:00,21.5,85.4,,,TS,NOAA IBTrACS v04r01
2005210N21088,2005,UNNAMED,2005-07-30 18:00:00,21.4,85.6,,,TS,NOAA IBTrACS v04r01
2005210N21088,2005,UNNAMED,2005-07-30 21:00:00,21.4,85.7,,,TS,NOAA IBTrACS v04r01
2005210N21088,2005,UNNAMED,2005-07-31 00:00:00,21.4,85.8,,,TS,NOAA IBTrACS v04r01
2005210N21088,2005,UNNAMED,2005-07-31 03:00:00,21.5,85.5,30,990,TS,NOAA IBTrACS v04r01
2005210N21088,2005,UNNAMED,2005-07-31 06:00:00,21.6,84.8,,,TS,NOAA IBTrACS v04r01
2005210N21088,2005,UNNAMED,2005-07-31 09:00:00,21.8,83.7,,,TS,NOAA IBTrACS v04r01
2005210N21088,2005,UNNAMED,2005-07-31 12:00:00,22.0,82.5,30,990,TS,NOAA IBTrACS v04r01
2005255N20088,2005,UNNAMED,2005-09-12 03:00:00,20.0,88.0,25,992,TS,NOAA IBTrACS v04r01
2005255N20088,2005,UNNAMED,2005-09-12 06:00:00,20.4,86.8,,,TS,NOAA IBTrACS v04r01
2005255N20088,2005,UNNAMED,2005-09-12 09:00:00,20.7,85.8,,,TS,NOAA IBTrACS v04r01
2005255N20088,2005,UNNAMED,2005-09-12 12:00:00,21.0,85.0,25,992,TS,NOAA IBTrACS v04r01
2005255N20088,2005,UNNAMED,2005-09-12 15:00:00,21.2,84.5,,,TS,NOAA IBTrACS v04r01
2005255N20088,2005,UNNAMED,2005-09-12 18:00:00,21.3,84.3,,,TS,NOAA IBTrACS v04r01
2005255N20088,2005,UNNAMED,2005-09-12 21:00:00,21.3,84.2,,,TS,NOAA IBTrACS v04r01
2005255N20088,2005,UNNAMED,2005-09-13 00:00:00,21.4,84.2,,,TS,NOAA IBTrACS v04r01
2005255N20088,2005,UNNAMED,2005-09-13 03:00:00,21.5,84.0,25,992,TS,NOAA IBTrACS v04r01
2005255N20088,2005,UNNAMED,2005-09-13 06:00:00,21.7,83.6,,,TS,NOAA IBTrACS v04r01
2005255N20088,2005,UNNAMED,2005-09-13 09:00:00,21.8,83.0,,,TS,NOAA IBTrACS v04r01
2005255N20088,2005,UNNAMED,2005-09-13 12:00:00,22.0,82.5,25,992,TS,NOAA IBTrACS v04r01
2005255N20088,2005,UNNAMED,2005-09-13 15:00:00,22.2,81.9,,,TS,NOAA IBTrACS v04r01
2005255N20088,2005,UNNAMED,2005-09-13 18:00:00,22.5,81.3,,,TS,NOAA IBTrACS v04r01
2005255N20088,2005,UNNAMED,2005-09-13 21:00:00,22.7,80.8,,,TS,NOAA IBTrACS v04r01
2005255N20088,2005,UNNAMED,2005-09-14 00:00:00,22.9,80.3,,,TS,NOAA IBTrACS v04r01
2005255N20088,2005,UNNAMED,2005-09-14 03:00:00,23.0,80.0,25,996,TS,NOAA IBTrACS v04r01
2005255N20088,2005,UNNAMED,2005-09-14 06:00:00,23.0,79.9,,,TS,NOAA IBTrACS v04r01
2005255N20088,2005,UNNAMED,2005-09-14 09:00:00,23.0,80.0,,,TS,NOAA IBTrACS v04r01
2005255N20088,2005,UNNAMED,2005-09-14 12:00:00,23.0,80.0,25,998,TS,NOAA IBTrACS v04r01
2005255N20088,2005,UNNAMED,2005-09-14 15:00:00,23.2,79.8,,,TS,NOAA IBTrACS v04r01
2005255N20088,2005,UNNAMED,2005-09-14 18:00:00,23.4,79.5,,,TS,NOAA IBTrACS v04r01
2005255N20088,2005,UNNAMED,2005-09-14 21:00:00,23.8,79.1,,,TS,NOAA IBTrACS v04r01
2005255N20088,2005,UNNAMED,2005-09-15 00:00:00,24.1,78.8,,,TS,NOAA IBTrACS v04r01
2005255N20088,2005,UNNAMED,2005-09-15 03:00:00,24.5,78.5,25,1000,TS,NOAA IBTrACS v04r01
2005255N20088,2005,UNNAMED,2005-09-15 06:00:00,24.8,78.3,,,TS,NOAA IBTrACS v04r01
2005255N20088,2005,UNNAMED,2005-09-15 09:00:00,25.2,78.1,,,TS,NOAA IBTrACS v04r01
2005255N20088,2005,UNNAMED,2005-09-15 12:00:00,25.5,78.0,25,996,TS,NOAA IBTrACS v04r01
2005255N20088,2005,UNNAMED,2005-09-15 15:00:00,25.8,77.9,,,TS,NOAA IBTrACS v04r01
2005255N20088,2005,UNNAMED,2005-09-15 18:00:00,26.1,77.9,,,TS,NOAA IBTrACS v04r01
2005255N20088,2005,UNNAMED,2005-09-15 21:00:00,26.4,77.9,,,TS,NOAA IBTrACS v04r01
2005255N20088,2005,UNNAMED,2005-09-16 00:00:00,26.7,78.0,,,TS,NOAA IBTrACS v04r01
2005255N20088,2005,UNNAMED,2005-09-16 03:00:00,27.0,78.0,25,996,TS,NOAA IBTrACS v04r01
2005255N20088,2005,UNNAMED,2005-09-16 06:00:00,27.3,78.0,,,TS,NOAA IBTrACS v04r01
2005255N20088,2005,UNNAMED,2005-09-16 09:00:00,27.7,78.0,,,TS,NOAA IBTrACS v04r01
2005255N20088,2005,UNNAMED,2005-09-16 12:00:00,28.0,78.0,25,996,TS,NOAA IBTrACS v04r01
2005257N15120,2005,VICENTE,2005-09-14 06:00:00,14.7,119.6,15,1006,DS,NOAA IBTrACS v04r01
2005257N15120,2005,VICENTE,2005-09-14 09:00:00,14.9,119.0,15,1006,DS,NOAA IBTrACS v04r01
2005257N15120,2005,VICENTE,2005-09-14 12:00:00,15.0,118.5,15,1006,DS,NOAA IBTrACS v04r01
2005257N15120,2005,VICENTE,2005-09-14 15:00:00,15.0,118.0,15,1006,DS,NOAA IBTrACS v04r01
2005257N15120,2005,VICENTE,2005-09-14 18:00:00,14.9,117.4,15,1006,DS,NOAA IBTrACS v04r01
2005257N15120,2005,VICENTE,2005-09-14 21:00:00,14.8,116.7,15,1006,DS,NOAA IBTrACS v04r01
2005257N15120,2005,VICENTE,2005-09-15 00:00:00,14.7,116.1,15,1006,DS,NOAA IBTrACS v04r01
2005257N15120,2005,VICENTE,2005-09-15 03:00:00,14.4,115.6,18,1005,DS,NOAA IBTrACS v04r01
2005257N15120,2005,VICENTE,2005-09-15 06:00:00,14.1,115.3,20,1004,MX,NOAA IBTrACS v04r01
2005257N15120,2005,VICENTE,2005-09-15 09:00:00,13.9,114.9,20,1004,MX,NOAA IBTrACS v04r01
2005257N15120,2005,VICENTE,2005-09-15 12:00:00,13.6,114.4,20,1004,MX,NOAA IBTrACS v04r01
2005257N15120,2005,VICENTE,2005-09-15 15:00:00,13.3,113.9,20,1004,MX,NOAA IBTrACS v04r01
2005257N15120,2005,VICENTE,2005-09-15 18:00:00,12.9,113.5,20,1002,MX,NOAA IBTrACS v04r01
2005257N15120,2005,VICENTE,2005-09-15 21:00:00,12.4,113.1,25,1002,MX,NOAA IBTrACS v04r01
2005257N15120,2005,VICENTE,2005-09-16 00:00:00,11.9,112.9,30,1000,MX,NOAA IBTrACS v04r01
2005257N15120,2005,VICENTE,2005-09-16 03:00:00,11.3,113.1,33,999,MX,NOAA IBTrACS v04r01
2005257N15120,2005,VICENTE,2005-09-16 06:00:00,10.9,113.5,35,998,TS,NOAA IBTrACS v04r01
2005257N15120,2005,VICENTE,2005-09-16 09:00:00,11.0,113.9,33,999,TS,NOAA IBTrACS v04r01
2005257N15120,2005,VICENTE,2005-09-16 12:00:00,11.4,114.3,35,992,TS,NOAA IBTrACS v04r01
2005257N15120,2005,VICENTE,2005-09-16 15:00:00,11.8,114.4,33,999,TS,NOAA IBTrACS v04r01
2005257N15120,2005,VICENTE,2005-09-16 18:00:00,12.3,114.4,40,990,TS,NOAA IBTrACS v04r01
2005257N15120,2005,VICENTE,2005-09-16 21:00:00,12.9,114.5,35,997,TS,NOAA IBTrACS v04r01
2005257N15120,2005,VICENTE,2005-09-17 00:00:00,13.6,114.5,40,990,TS,NOAA IBTrACS v04r01
2005257N15120,2005,VICENTE,2005-09-17 03:00:00,14.5,114.2,35,997,TS,NOAA IBTrACS v04r01
2005257N15120,2005,VICENTE,2005-09-17 06:00:00,15.3,113.7,40,990,TS,NOAA IBTrACS v04r01
2005257N15120,2005,VICENTE,2005-09-17 09:00:00,16.0,112.7,35,997,TS,NOAA IBTrACS v04r01
2005257N15120,2005,VICENTE,2005-09-17 12:00:00,16.5,111.7,40,990,TS,NOAA IBTrACS v04r01
2005257N15120,2005,VICENTE,2005-09-17 15:00:00,16.8,110.7,40,994,TS,NOAA IBTrACS v04r01
2005257N15120,2005,VICENTE,2005-09-17 18:00:00,17.0,109.9,45,990,TS,NOAA IBTrACS v04r01
2005257N15120,2005,VICENTE,2005-09-17 21:00:00,17.1,109.2,48,989,TS,NOAA IBTrACS v04r01
2005257N15120,2005,VICENTE,2005-09-18 00:00:00,17.2,108.5,45,985,TS,NOAA IBTrACS v04r01
2005257N15120,2005,VICENTE,2005-09-18 03:00:00,17.3,107.7,50,987,TS,NOAA IBTrACS v04r01
2005257N15120,2005,VICENTE,2005-09-18 06:00:00,17.6,106.9,40,992,TS,NOAA IBTrACS v04r01
2005257N15120,2005,VICENTE,2005-09-18 09:00:00,18.1,106.0,48,989,TS,NOAA IBTrACS v04r01
2005257N15120,2005,VICENTE,2005-09-18 12:00:00,18.7,104.9,35,994,TS,NOAA IBTrACS v04r01
2005257N15120,2005,VICENTE,2005-09-18 15:00:00,19.0,103.6,,997,TS,NOAA IBTrACS v04r01
2005257N15120,2005,VICENTE,2005-09-18 18:00:00,19.2,102.3,,1000,TS,NOAA IBTrACS v04r01
2005257N15120,2005,VICENTE,2005-09-18 21:00:00,19.6,101.0,,1002,TS,NOAA IBTrACS v04r01
2005257N15120,2005,VICENTE,2005-09-19 00:00:00,20.0,99.8,,1004,TS,NOAA IBTrACS v04r01
2005257N20069,2005,UNNAMED,2005-09-14 03:00:00,20.0,68.5,25,996,TS,NOAA IBTrACS v04r01
2005257N20069,2005,UNNAMED,2005-09-14 06:00:00,20.2,68.3,,,TS,NOAA IBTrACS v04r01
2005257N20069,2005,UNNAMED,2005-09-14 09:00:00,20.4,68.1,,,TS,NOAA IBTrACS v04r01
2005257N20069,2005,UNNAMED,2005-09-14 12:00:00,20.5,68.0,25,996,TS,NOAA IBTrACS v04r01
2005257N20069,2005,UNNAMED,2005-09-14 15:00:00,20.6,67.9,,,TS,NOAA IBTrACS v04r01
2005257N20069,2005,UNNAMED,2005-09-14 18:00:00,20.6,67.9,,,TS,NOAA IBTrACS v04r01
2005257N20069,2005,UNNAMED,2005-09-14 21:00:00,20.6,67.9,,,TS,NOAA IBTrACS v04r01
2005257N20069,2005,UNNAMED,2005-09-15 00:00:00,20.5,68.0,,,TS,NOAA IBTrACS v04r01
2005257N20069,2005,UNNAMED,2005-09-15 03:00:00,20.5,68.0,25,996,TS,NOAA IBTrACS v04r01
2005257N20069,2005,UNNAMED,2005-09-15 06:00:00,20.5,68.0,,,TS,NOAA IBTrACS v04r01
2005257N20069,2005,UNNAMED,2005-09-15 09:00:00,20.5,68.0,,,TS,NOAA IBTrACS v04r01
2005257N20069,2005,UNNAMED,2005-09-15 12:00:00,20.5,68.0,25,996,TS,NOAA IBTrACS v04r01
2005257N20069,2005,UNNAMED,2005-09-15 15:00:00,20.7,67.8,,,TS,NOAA IBTrACS v04r01
2005257N20069,2005,UNNAMED,2005-09-15 18:00:00,20.9,67.6,,,TS,NOAA IBTrACS v04r01
2005257N20069,2005,UNNAMED,2005-09-15 21:00:00,21.1,67.4,,,TS,NOAA IBTrACS v04r01
2005257N20069,2005,UNNAMED,2005-09-16 00:00:00,21.3,67.4,,,TS,NOAA IBTrACS v04r01
2005257N20069,2005,UNNAMED,2005-09-16 03:00:00,21.5,67.5,25,996,TS,NOAA IBTrACS v04r01
2005257N20069,2005,UNNAMED,2005-09-16 06:00:00,21.6,67.9,,,TS,NOAA IBTrACS v04r01
2005257N20069,2005,UNNAMED,2005-09-16 09:00:00,21.6,68.4,,,TS,NOAA IBTrACS v04r01
2005257N20069,2005,UNNAMED,2005-09-16 12:00:00,21.5,69.0,25,996,TS,NOAA IBTrACS v04r01
2005260N20091,2005,UNNAMED,2005-09-17 03:00:00,20.0,90.5,25,1000,TS,NOAA IBTrACS v04r01
2005260N20091,2005,UNNAMED,2005-09-17 06:00:00,20.2,90.4,,,TS,NOAA IBTrACS v04r01
2005260N20091,2005,UNNAMED,2005-09-17 09:00:00,20.3,90.3,,,TS,NOAA IBTrACS v04r01
2005260N20091,2005,UNNAMED,2005-09-17 12:00:00,20.5,90.0,25,998,TS,NOAA IBTrACS v04r01
2005260N20091,2005,UNNAMED,2005-09-17 15:00:00,20.7,89.5,,,TS,NOAA IBTrACS v04r01
2005260N20091,2005,UNNAMED,2005-09-17 18:00:00,20.8,88.9,,,TS,NOAA IBTrACS v04r01
2005260N20091,2005,UNNAMED,2005-09-17 21:00:00,20.9,88.3,,,TS,NOAA IBTrACS v04r01
2005260N20091,2005,UNNAMED,2005-09-18 00:00:00,20.8,87.8,,,TS,NOAA IBTrACS v04r01
2005260N20091,2005,UNNAMED,2005-09-18 03:00:00,20.5,87.5,30,996,TS,NOAA IBTrACS v04r01
2005260N20091,2005,UNNAMED,2005-09-18 06:00:00,20.0,87.5,30,996,TS,NOAA IBTrACS v04r01
2005260N20091,2005,UNNAMED,2005-09-18 09:00:00,19.5,87.0,30,996,TS,NOAA IBTrACS v04r01
2005260N20091,2005,UNNAMED,2005-09-18 12:00:00,19.5,86.5,35,994,TS,NOAA IBTrACS v04r01
2005260N20091,2005,UNNAMED,2005-09-18 15:00:00,19.5,86.5,35,992,TS,NOAA IBTrACS v04r01
2005260N20091,2005,UNNAMED,2005-09-18 18:00:00,19.0,85.5,35,990,TS,NOAA IBTrACS v04r01
2005260N20091,2005,UNNAMED,2005-09-18 21:00:00,18.5,84.5,35,988,TS,NOAA IBTrACS v04r01
2005260N20091,2005,UNNAMED,2005-09-19 00:00:00,18.5,84.5,35,988,TS,NOAA IBTrACS v04r01
2005260N20091,2005,UNNAMED,2005-09-19 03:00:00,18.5,84.0,35,988,TS,NOAA IBTrACS v04r01
2005260N20091,2005,UNNAMED,2005-09-19 06:00:00,18.5,83.5,35,988,TS,NOAA IBTrACS v04r01
2005260N20091,2005,UNNAMED,2005-09-19 09:00:00,18.5,83.5,35,988,TS,NOAA IBTrACS v04r01
2005260N20091,2005,UNNAMED,2005-09-19 12:00:00,18.5,83.5,35,988,TS,NOAA IBTrACS v04r01
2005260N20091,2005,UNNAMED,2005-09-19 15:00:00,18.5,83.5,35,988,TS,NOAA IBTrACS v04r01
2005260N20091,2005,UNNAMED,2005-09-19 18:00:00,18.5,83.0,35,988,TS,NOAA IBTrACS v04r01
2005260N20091,2005,UNNAMED,2005-09-19 21:00:00,18.5,83.0,30,1000,TS,NOAA IBTrACS v04r01
2005260N20091,2005,UNNAMED,2005-09-20 00:00:00,19.0,82.5,30,1002,TS,NOAA IBTrACS v04r01
2005260N20091,2005,UNNAMED,2005-09-20 03:00:00,19.0,82.5,30,1002,TS,NOAA IBTrACS v04r01
2005260N20091,2005,UNNAMED,2005-09-20 06:00:00,19.0,82.5,30,1002,TS,NOAA IBTrACS v04r01
2005260N20091,2005,UNNAMED,2005-09-20 09:00:00,19.0,81.5,30,1002,TS,NOAA IBTrACS v04r01
2005260N20091,2005,UNNAMED,2005-09-20 12:00:00,19.0,80.5,25,1004,TS,NOAA IBTrACS v04r01
2005260N20091,2005,UNNAMED,2005-09-20 15:00:00,19.0,80.0,,,TS,NOAA IBTrACS v04r01
2005260N20091,2005,UNNAMED,2005-09-20 18:00:00,19.0,79.9,,,TS,NOAA IBTrACS v04r01
2005260N20091,2005,UNNAMED,2005-09-20 21:00:00,19.1,79.9,,,TS,NOAA IBTrACS v04r01
2005260N20091,2005,UNNAMED,2005-09-21 00:00:00,19.2,79.9,,,TS,NOAA IBTrACS v04r01
2005260N20091,2005,UNNAMED,2005-09-21 03:00:00,19.5,79.5,25,1004,TS,NOAA IBTrACS v04r01
2005260N20091,2005,UNNAMED,2005-09-21 06:00:00,19.9,78.7,,,TS,NOAA IBTrACS v04r01
2005260N20091,2005,UNNAMED,2005-09-21 09:00:00,20.4,77.4,,,TS,NOAA IBTrACS v04r01
2005260N20091,2005,UNNAMED,2005-09-21 12:00:00,21.0,76.0,25,1004,TS,NOAA IBTrACS v04r01
2005262N13127,2005,DAMREY,2005-09-19 06:00:00,13.2,127.0,,1006,TS,NOAA IBTrACS v04r01
2005262N13127,2005,DAMREY,2005-09-19 09:00:00,13.5,126.6,,1006,TS,NOAA IBTrACS v04r01
2005262N13127,2005,DAMREY,2005-09-19 12:00:00,13.8,126.1,,1006,TS,NOAA IBTrACS v04r01
2005262N13127,2005,DAMREY,2005-09-19 15:00:00,14.1,125.6,,1005,TS,NOAA IBTrACS v04r01
2005262N13127,2005,DAMREY,2005-09-19 18:00:00,14.3,125.2,,1004,TS,NOAA IBTrACS v04r01
2005262N13127,2005,DAMREY,2005-09-19 21:00:00,14.6,124.9,,1002,TS,NOAA IBTrACS v04r01
2005262N13127,2005,DAMREY,2005-09-20 00:00:00,14.9,124.6,,1000,TS,NOAA IBTrACS v04r01
2005262N13127,2005,DAMREY,2005-09-20 03:00:00,15.3,124.3,,1000,TS,NOAA IBTrACS v04r01
2005262N13127,2005,DAMREY,2005-09-20 06:00:00,15.7,124.2,25,1000,TS,NOAA IBTrACS v04r01
2005262N13127,2005,DAMREY,2005-09-20 09:00:00,16.1,124.1,28,1001,TS,NOAA IBTrACS v04r01
2005262N13127,2005,DAMREY,2005-09-20 12:00:00,16.4,123.9,30,1000,TS,NOAA IBTrACS v04r01
2005262N13127,2005,DAMREY,2005-09-20 15:00:00,16.8,123.7,33,999,TS,NOAA IBTrACS v04r01
2005262N13127,2005,DAMREY,2005-09-20 18:00:00,17.2,123.5,35,998,TS,NOAA IBTrACS v04r01
2005262N13127,2005,DAMREY,2005-09-20 21:00:00,17.7,123.2,35,997,TS,NOAA IBTrACS v04r01
2005262N13127,2005,DAMREY,2005-09-21 00:00:00,18.1,122.9,35,996,TS,NOAA IBTrACS v04r01
2005262N13127,2005,DAMREY,2005-09-21 03:00:00,18.4,122.6,38,996,TS,NOAA IBTrACS v04r01
2005262N13127,2005,DAMREY,2005-09-21 06:00:00,18.7,122.2,40,992,TS,NOAA IBTrACS v04r01
2005262N13127,2005,DAMREY,2005-09-21 09:00:00,18.8,121.9,45,991,TS,NOAA IBTrACS v04r01
2005262N13127,2005,DAMREY,2005-09-21 12:00:00,18.9,121.6,45,990,TS,NOAA IBTrACS v04r01
2005262N13127,2005,DAMREY,2005-09-21 15:00:00,19.1,121.3,50,987,TS,NOAA IBTrACS v04r01
2005262N13127,2005,DAMREY,2005-09-21 18:00:00,19.2,121.1,45,990,TS,NOAA IBTrACS v04r01
2005262N13127,2005,DAMREY,2005-09-21 21:00:00,19.5,120.9,53,986,TS,NOAA IBTrACS v04r01
2005262N13127,2005,DAMREY,2005-09-22 00:00:00,19.7,120.8,45,990,TS,NOAA IBTrACS v04r01
2005262N13127,2005,DAMREY,2005-09-22 03:00:00,19.9,120.5,55,984,TS,NOAA IBTrACS v04r01
2005262N13127,2005,DAMREY,2005-09-22 06:00:00,20.1,120.3,45,990,TS,NOAA IBTrACS v04r01
2005262N13127,2005,DAMREY,2005-09-22 09:00:00,20.1,120.0,55,984,TS,NOAA IBTrACS v04r01
2005262N13127,2005,DAMREY,2005-09-22 12:00:00,20.1,119.7,45,990,TS,NOAA IBTrACS v04r01
2005262N13127,2005,DAMREY,2005-09-22 15:00:00,20.0,119.3,55,984,TS,NOAA IBTrACS v04r01
2005262N13127,2005,DAMREY,2005-09-22 18:00:00,20.0,118.9,45,990,TS,NOAA IBTrACS v04r01
2005262N13127,2005,DAMREY,2005-09-22 21:00:00,20.0,118.5,53,986,TS,NOAA IBTrACS v04r01
2005262N13127,2005,DAMREY,2005-09-23 00:00:00,20.1,118.1,45,990,TS,NOAA IBTrACS v04r01
2005262N13127,2005,DAMREY,2005-09-23 03:00:00,20.2,117.6,50,987,TS,NOAA IBTrACS v04r01
2005262N13127,2005,DAMREY,2005-09-23 06:00:00,20.3,117.1,45,990,TS,NOAA IBTrACS v04r01
2005262N13127,2005,DAMREY,2005-09-23 09:00:00,20.3,116.9,50,987,TS,NOAA IBTrACS v04r01
2005262N13127,2005,DAMREY,2005-09-23 12:00:00,20.3,116.7,45,990,TS,NOAA IBTrACS v04r01
2005262N13127,2005,DAMREY,2005-09-23 15:00:00,20.2,116.4,48,989,TS,NOAA IBTrACS v04r01
2005262N13127,2005,DAMREY,2005-09-23 18:00:00,20.2,116.1,50,985,TS,NOAA IBTrACS v04r01
2005262N13127,2005,DAMREY,2005-09-23 21:00:00,20.0,115.8,48,989,TS,NOAA IBTrACS v04r01
2005262N13127,2005,DAMREY,2005-09-24 00:00:00,19.9,115.4,55,980,TS,NOAA IBTrACS v04r01
2005262N13127,2005,DAMREY,2005-09-24 03:00:00,19.8,115.1,53,986,TS,NOAA IBTrACS v04r01
2005262N13127,2005,DAMREY,2005-09-24 06:00:00,19.7,114.8,60,975,TS,NOAA IBTrACS v04r01
2005262N13127,2005,DAMREY,2005-09-24 09:00:00,19.5,114.4,58,982,TS,NOAA IBTrACS v04r01
2005262N13127,2005,DAMREY,2005-09-24 12:00:00,19.4,114.0,65,970,TS,NOAA IBTrACS v04r01
2005262N13127,2005,DAMREY,2005-09-24 15:00:00,19.1,113.7,63,978,TS,NOAA IBTrACS v04r01
2005262N13127,2005,DAMREY,2005-09-24 18:00:00,19.0,113.4,65,970,TS,NOAA IBTrACS v04r01
2005262N13127,2005,DAMREY,2005-09-24 21:00:00,18.9,113.2,73,970,TS,NOAA IBTrACS v04r01
2005262N13127,2005,DAMREY,2005-09-25 00:00:00,18.9,113.0,75,960,TS,NOAA IBTrACS v04r01
2005262N13127,2005,DAMREY,2005-09-25 03:00:00,19.0,112.7,85,959,TS,NOAA IBTrACS v04r01
2005262N13127,2005,DAMREY,2005-09-25 06:00:00,19.0,112.4,80,955,TS,NOAA IBTrACS v04r01
2005262N13127,2005,DAMREY,2005-09-25 09:00:00,19.1,112.1,88,956,TS,NOAA IBTrACS v04r01
2005262N13127,2005,DAMREY,2005-09-25 12:00:00,19.1,111.7,80,955,TS,NOAA IBTrACS v04r01
2005262N13127,2005,DAMREY,2005-09-25 15:00:00,19.1,111.3,83,961,TS,NOAA IBTrACS v04r01
2005262N13127,2005,DAMREY,2005-09-25 18:00:00,19.1,110.8,80,955,TS,NOAA IBTrACS v04r01
2005262N13127,2005,DAMREY,2005-09-25 21:00:00,18.9,110.3,75,968,TS,NOAA IBTrACS v04r01
2005262N13127,2005,DAMREY,2005-09-26 00:00:00,18.7,109.9,70,965,TS,NOAA IBTrACS v04r01
2005262N13127,2005,DAMREY,2005-09-26 03:00:00,18.7,109.5,68,974,TS,NOAA IBTrACS v04r01
2005262N13127,2005,DAMREY,2005-09-26 06:00:00,18.8,109.0,65,970,TS,NOAA IBTrACS v04r01
2005262N13127,2005,DAMREY,2005-09-26 09:00:00,19.0,108.6,63,978,TS,NOAA IBTrACS v04r01
2005262N13127,2005,DAMREY,2005-09-26 12:00:00,19.2,108.2,60,975,TS,NOAA IBTrACS v04r01
2005262N13127,2005,DAMREY,2005-09-26 15:00:00,19.3,107.8,58,982,TS,NOAA IBTrACS v04r01
2005262N13127,2005,DAMREY,2005-09-26 18:00:00,19.4,107.5,60,975,TS,NOAA IBTrACS v04r01
2005262N13127,2005,DAMREY,2005-09-26 21:00:00,19.5,106.9,53,986,TS,NOAA IBTrACS v04r01
2005262N13127,2005,DAMREY,2005-09-27 00:00:00,19.6,106.3,60,980,TS,NOAA IBTrACS v04r01
2005262N13127,2005,DAMREY,2005-09-27 03:00:00,19.6,105.7,48,989,TS,NOAA IBTrACS v04r01
2005262N13127,2005,DAMREY,2005-09-27 06:00:00,19.7,105.0,50,990,TS,NOAA IBTrACS v04r01
2005262N13127,2005,DAMREY,2005-09-27 09:00:00,19.6,104.4,40,994,TS,NOAA IBTrACS v04r01
2005262N13127,2005,DAMREY,2005-09-27 12:00:00,19.5,103.8,35,996,TS,NOAA IBTrACS v04r01
2005262N13127,2005,DAMREY,2005-09-27 15:00:00,19.4,103.2,33,999,TS,NOAA IBTrACS v04r01
2005262N13127,2005,DAMREY,2005-09-27 18:00:00,19.4,102.6,30,1004,TS,NOAA IBTrACS v04r01
2005262N13127,2005,DAMREY,2005-09-27 21:00:00,19.9,102.0,,1005,TS,NOAA IBTrACS v04r01
2005262N13127,2005,DAMREY,2005-09-28 00:00:00,20.4,101.3,,1006,TS,NOAA IBTrACS v04r01
2005262N13127,2005,DAMREY,2005-09-28 03:00:00,20.7,100.5,,1006,TS,NOAA IBTrACS v04r01
2005262N13127,2005,DAMREY,2005-09-28 06:00:00,21.0,99.7,,1006,TS,NOAA IBTrACS v04r01
2005274N17086,2005,UNNAMED,2005-10-01 06:00:00,17.4,85.9,15,1006,DS,NOAA IBTrACS v04r01
2005274N17086,2005,UNNAMED,2005-10-01 09:00:00,17.7,85.8,18,1005,DS,NOAA IBTrACS v04r01
2005274N17086,2005,UNNAMED,2005-10-01 12:00:00,17.9,85.8,20,1004,DS,NOAA IBTrACS v04r01
2005274N17086,2005,UNNAMED,2005-10-01 15:00:00,18.1,85.8,23,1003,DS,NOAA IBTrACS v04r01
2005274N17086,2005,UNNAMED,2005-10-01 18:00:00,18.4,85.8,25,1002,DS,NOAA IBTrACS v04r01
2005274N17086,2005,UNNAMED,2005-10-01 21:00:00,18.7,85.9,28,1001,DS,NOAA IBTrACS v04r01
2005274N17086,2005,UNNAMED,2005-10-02 00:00:00,19.0,86.0,30,1000,DS,NOAA IBTrACS v04r01
2005274N17086,2005,UNNAMED,2005-10-02 03:00:00,19.4,86.3,33,999,DS,NOAA IBTrACS v04r01
2005274N17086,2005,UNNAMED,2005-10-02 06:00:00,19.7,86.6,35,997,DS,NOAA IBTrACS v04r01
2005274N17086,2005,UNNAMED,2005-10-02 09:00:00,20.0,86.9,38,996,DS,NOAA IBTrACS v04r01
2005274N17086,2005,UNNAMED,2005-10-02 12:00:00,20.2,87.1,40,994,TS,NOAA IBTrACS v04r01
2005274N17086,2005,UNNAMED,2005-10-02 15:00:00,20.4,87.4,40,994,TS,NOAA IBTrACS v04r01
2005274N17086,2005,UNNAMED,2005-10-02 18:00:00,20.7,87.6,40,994,TS,NOAA IBTrACS v04r01
2005274N17086,2005,UNNAMED,2005-10-02 21:00:00,21.0,87.8,40,994,TS,NOAA IBTrACS v04r01
2005274N17086,2005,UNNAMED,2005-10-03 00:00:00,21.4,87.9,40,994,TS,NOAA IBTrACS v04r01
2005274N17086,2005,UNNAMED,2005-10-03 03:00:00,21.8,88.0,38,996,TS,NOAA IBTrACS v04r01
2005274N17086,2005,UNNAMED,2005-10-03 06:00:00,22.2,88.1,35,997,TS,NOAA IBTrACS v04r01
2005298N12088,2005,UNNAMED,2005-10-25 00:00:00,12.4,87.6,15,1006,DS,NOAA IBTrACS v04r01
2005298N12088,2005,UNNAMED,2005-10-25 03:00:00,12.4,87.3,18,1005,DS,NOAA IBTrACS v04r01
2005298N12088,2005,UNNAMED,2005-10-25 06:00:00,12.4,87.0,20,1004,DS,NOAA IBTrACS v04r01
2005298N12088,2005,UNNAMED,2005-10-25 09:00:00,12.4,86.7,20,1004,DS,NOAA IBTrACS v04r01
2005298N12088,2005,UNNAMED,2005-10-25 12:00:00,12.4,86.4,20,1004,DS,NOAA IBTrACS v04r01
2005298N12088,2005,UNNAMED,2005-10-25 15:00:00,12.3,86.1,20,1004,DS,NOAA IBTrACS v04r01
2005298N12088,2005,UNNAMED,2005-10-25 18:00:00,12.2,85.8,20,1004,DS,NOAA IBTrACS v04r01
2005298N12088,2005,UNNAMED,2005-10-25 21:00:00,12.0,85.5,20,1004,DS,NOAA IBTrACS v04r01
2005298N12088,2005,UNNAMED,2005-10-26 00:00:00,11.8,85.2,20,1004,DS,NOAA IBTrACS v04r01
2005298N12088,2005,UNNAMED,2005-10-26 03:00:00,11.7,84.8,25,1004,MX,NOAA IBTrACS v04r01
2005298N12088,2005,UNNAMED,2005-10-26 06:00:00,11.7,84.5,25,1004,MX,NOAA IBTrACS v04r01
2005298N12088,2005,UNNAMED,2005-10-26 09:00:00,11.7,84.0,25,1004,MX,NOAA IBTrACS v04r01
2005298N12088,2005,UNNAMED,2005-10-26 12:00:00,12.1,83.8,25,1004,MX,NOAA IBTrACS v04r01
2005298N12088,2005,UNNAMED,2005-10-26 15:00:00,12.2,83.6,25,1004,MX,NOAA IBTrACS v04r01
2005298N12088,2005,UNNAMED,2005-10-26 18:00:00,12.4,83.4,30,1004,MX,NOAA IBTrACS v04r01
2005298N12088,2005,UNNAMED,2005-10-26 21:00:00,12.5,83.2,30,1004,MX,NOAA IBTrACS v04r01
2005298N12088,2005,UNNAMED,2005-10-27 00:00:00,12.6,83.0,30,1002,TS,NOAA IBTrACS v04r01
2005298N12088,2005,UNNAMED,2005-10-27 03:00:00,13.0,82.2,30,1002,TS,NOAA IBTrACS v04r01
2005298N12088,2005,UNNAMED,2005-10-27 06:00:00,13.2,81.7,30,998,TS,NOAA IBTrACS v04r01
2005298N12088,2005,UNNAMED,2005-10-27 09:00:00,13.3,81.7,30,998,TS,NOAA IBTrACS v04r01
2005298N12088,2005,UNNAMED,2005-10-27 12:00:00,13.7,81.8,30,998,TS,NOAA IBTrACS v04r01
2005298N12088,2005,UNNAMED,2005-10-27 15:00:00,14.1,81.7,30,998,TS,NOAA IBTrACS v04r01
2005298N12088,2005,UNNAMED,2005-10-27 18:00:00,14.2,81.7,30,998,TS,NOAA IBTrACS v04r01
2005298N12088,2005,UNNAMED,2005-10-27 21:00:00,14.8,81.3,30,998,TS,NOAA IBTrACS v04r01
2005298N12088,2005,UNNAMED,2005-10-28 00:00:00,14.9,81.2,30,998,TS,NOAA IBTrACS v04r01
2005298N12088,2005,UNNAMED,2005-10-28 03:00:00,15.3,80.6,30,998,TS,NOAA IBTrACS v04r01
2005298N12088,2005,UNNAMED,2005-10-28 06:00:00,15.4,80.4,30,998,TS,NOAA IBTrACS v04r01
2005298N12088,2005,UNNAMED,2005-10-28 09:00:00,15.4,80.2,25,1000,TS,NOAA IBTrACS v04r01
2005298N12088,2005,UNNAMED,2005-10-28 12:00:00,15.5,80.0,25,1000,TS,NOAA IBTrACS v04r01
2005298N12088,2005,UNNAMED,2005-10-28 15:00:00,15.6,79.7,30,1000,TS,NOAA IBTrACS v04r01
2005298N12088,2005,UNNAMED,2005-10-28 18:00:00,15.6,79.5,30,1000,TS,NOAA IBTrACS v04r01
2005298N12088,2005,UNNAMED,2005-10-28 21:00:00,15.7,79.4,23,1003,TS,NOAA IBTrACS v04r01
2005298N12088,2005,UNNAMED,2005-10-29 00:00:00,15.7,79.4,15,1006,MX,NOAA IBTrACS v04r01
2005298N12088,2005,UNNAMED,2005-10-29 03:00:00,15.5,79.5,25,1002,TS,NOAA IBTrACS v04r01
2005324N08085,2005,UNNAMED,2005-11-20 03:00:00,8.0,84.5,25,1002,TS,NOAA IBTrACS v04r01
2005324N08085,2005,UNNAMED,2005-11-20 06:00:00,8.0,84.5,25,1002,TS,NOAA IBTrACS v04r01
2005324N08085,2005,UNNAMED,2005-11-20 09:00:00,8.0,84.5,25,1002,TS,NOAA IBTrACS v04r01
2005324N08085,2005,UNNAMED,2005-11-20 12:00:00,8.0,84.0,25,1002,TS,NOAA IBTrACS v04r01
2005324N08085,2005,UNNAMED,2005-11-20 15:00:00,8.0,84.0,25,1002,TS,NOAA IBTrACS v04r01
2005324N08085,2005,UNNAMED,2005-11-20 18:00:00,8.0,84.0,25,1002,TS,NOAA IBTrACS v04r01
2005324N08085,2005,UNNAMED,2005-11-20 21:00:00,8.0,84.0,25,1002,TS,NOAA IBTrACS v04r01
2005324N08085,2005,UNNAMED,2005-11-21 00:00:00,8.0,84.0,25,1002,TS,NOAA IBTrACS v04r01
2005324N08085,2005,UNNAMED,2005-11-21 03:00:00,8.5,83.0,25,1002,TS,NOAA IBTrACS v04r01
2005324N08085,2005,UNNAMED,2005-11-21 06:00:00,8.5,83.0,25,1002,TS,NOAA IBTrACS v04r01
2005324N08085,2005,UNNAMED,2005-11-21 09:00:00,9.0,82.0,25,1002,TS,NOAA IBTrACS v04r01
2005324N08085,2005,UNNAMED,2005-11-21 12:00:00,9.0,81.5,25,1002,TS,NOAA IBTrACS v04r01
2005324N08085,2005,UNNAMED,2005-11-21 15:00:00,9.0,81.5,25,1002,TS,NOAA IBTrACS v04r01
2005324N08085,2005,UNNAMED,2005-11-21 18:00:00,9.0,81.0,25,1002,TS,NOAA IBTrACS v04r01
2005324N08085,2005,UNNAMED,2005-11-21 21:00:00,9.0,81.0,25,1002,TS,NOAA IBTrACS v04r01
2005324N08085,2005,UNNAMED,2005-11-22 00:00:00,9.0,80.5,25,1002,TS,NOAA IBTrACS v04r01
2005324N08085,2005,UNNAMED,2005-11-22 03:00:00,9.0,80.0,25,1002,TS,NOAA IBTrACS v04r01
2005324N08085,2005,UNNAMED,2005-11-22 06:00:00,9.0,79.5,25,1002,TS,NOAA IBTrACS v04r01
2005324N08085,2005,UNNAMED,2005-11-22 09:00:00,9.5,79.5,25,1002,TS,NOAA IBTrACS v04r01
2005330N09096,2005,BAAZ,2005-11-26 06:00:00,9.4,96.1,15,1006,DS,NOAA IBTrACS v04r01
2005330N09096,2005,BAAZ,2005-11-26 09:00:00,9.6,95.8,15,1006,DS,NOAA IBTrACS v04r01
2005330N09096,2005,BAAZ,2005-11-26 12:00:00,9.7,95.5,15,1006,DS,NOAA IBTrACS v04r01
2005330N09096,2005,BAAZ,2005-11-26 15:00:00,9.8,95.2,18,1005,DS,NOAA IBTrACS v04r01
2005330N09096,2005,BAAZ,2005-11-26 18:00:00,10.0,94.9,20,1004,DS,NOAA IBTrACS v04r01
2005330N09096,2005,BAAZ,2005-11-26 21:00:00,10.4,94.8,23,1003,DS,NOAA IBTrACS v04r01
2005330N09096,2005,BAAZ,2005-11-27 00:00:00,10.7,94.6,25,1002,DS,NOAA IBTrACS v04r01
2005330N09096,2005,BAAZ,2005-11-27 03:00:00,10.8,94.2,25,1002,DS,NOAA IBTrACS v04r01
2005330N09096,2005,BAAZ,2005-11-27 06:00:00,10.9,93.7,25,1002,DS,NOAA IBTrACS v04r01
2005330N09096,2005,BAAZ,2005-11-27 09:00:00,11.0,93.2,28,1001,DS,NOAA IBTrACS v04r01
2005330N09096,2005,BAAZ,2005-11-27 12:00:00,11.0,92.6,30,1000,DS,NOAA IBTrACS v04r01
2005330N09096,2005,BAAZ,2005-11-27 15:00:00,10.9,91.9,30,1000,DS,NOAA IBTrACS v04r01
2005330N09096,2005,BAAZ,2005-11-27 18:00:00,10.8,91.2,30,1000,DS,NOAA IBTrACS v04r01
2005330N09096,2005,BAAZ,2005-11-27 21:00:00,10.5,90.5,33,999,DS,NOAA IBTrACS v04r01
2005330N09096,2005,BAAZ,2005-11-28 00:00:00,10.3,89.9,35,997,TS,NOAA IBTrACS v04r01
2005330N09096,2005,BAAZ,2005-11-28 03:00:00,10.4,89.6,25,1006,TS,NOAA IBTrACS v04r01
2005330N09096,2005,BAAZ,2005-11-28 06:00:00,10.5,89.3,30,1004,TS,NOAA IBTrACS v04r01
2005330N09096,2005,BAAZ,2005-11-28 09:00:00,10.5,88.7,30,1004,TS,NOAA IBTrACS v04r01
2005330N09096,2005,BAAZ,2005-11-28 12:00:00,10.6,88.3,30,1004,TS,NOAA IBTrACS v04r01
2005330N09096,2005,BAAZ,2005-11-28 15:00:00,10.7,87.8,30,1004,TS,NOAA IBTrACS v04r01
2005330N09096,2005,BAAZ,2005-11-28 18:00:00,10.8,87.7,35,1004,TS,NOAA IBTrACS v04r01
2005330N09096,2005,BAAZ,2005-11-28 21:00:00,10.9,87.4,35,1004,TS,NOAA IBTrACS v04r01
2005330N09096,2005,BAAZ,2005-11-29 00:00:00,11.1,87.0,35,1002,TS,NOAA IBTrACS v04r01
2005330N09096,2005,BAAZ,2005-11-29 03:00:00,11.2,86.6,45,1002,TS,NOAA IBTrACS v04r01
2005330N09096,2005,BAAZ,2005-11-29 06:00:00,11.7,86.0,45,998,TS,NOAA IBTrACS v04r01
2005330N09096,2005,BAAZ,2005-11-29 09:00:00,12.0,85.3,45,998,TS,NOAA IBTrACS v04r01
2005330N09096,2005,BAAZ,2005-11-29 12:00:00,12.3,84.6,45,998,TS,NOAA IBTrACS v04r01
2005330N09096,2005,BAAZ,2005-11-29 15:00:00,12.3,84.5,45,998,TS,NOAA IBTrACS v04r01
2005330N09096,2005,BAAZ,2005-11-29 18:00:00,12.2,84.4,45,998,TS,NOAA IBTrACS v04r01
2005330N09096,2005,BAAZ,2005-11-29 21:00:00,12.2,84.2,45,998,TS,NOAA IBTrACS v04r01
2005330N09096,2005,BAAZ,2005-11-30 00:00:00,12.3,84.2,45,998,TS,NOAA IBTrACS v04r01
2005330N09096,2005,BAAZ,2005-11-30 03:00:00,12.4,84.1,45,998,TS,NOAA IBTrACS v04r01
2005330N09096,2005,BAAZ,2005-11-30 06:00:00,12.7,84.1,35,998,TS,NOAA IBTrACS v04r01
2005330N09096,2005,BAAZ,2005-11-30 09:00:00,12.7,84.2,35,998,TS,NOAA IBTrACS v04r01
2005330N09096,2005,BAAZ,2005-11-30 12:00:00,12.6,84.2,35,998,TS,NOAA IBTrACS v04r01
2005330N09096,2005,BAAZ,2005-11-30 15:00:00,12.6,84.1,35,998,TS,NOAA IBTrACS v04r01
2005330N09096,2005,BAAZ,2005-11-30 18:00:00,12.6,84.0,35,998,TS,NOAA IBTrACS v04r01
2005330N09096,2005,BAAZ,2005-11-30 21:00:00,12.7,84.0,35,998,TS,NOAA IBTrACS v04r01
2005330N09096,2005,BAAZ,2005-12-01 00:00:00,12.8,84.0,35,998,TS,NOAA IBTrACS v04r01
2005330N09096,2005,BAAZ,2005-12-01 03:00:00,12.7,83.9,35,998,TS,NOAA IBTrACS v04r01
2005330N09096,2005,BAAZ,2005-12-01 06:00:00,12.7,83.6,35,998,TS,NOAA IBTrACS v04r01
2005330N09096,2005,BAAZ,2005-12-01 09:00:00,12.7,83.5,35,998,TS,NOAA IBTrACS v04r01
2005330N09096,2005,BAAZ,2005-12-01 12:00:00,12.7,83.4,30,998,TS,NOAA IBTrACS v04r01
2005330N09096,2005,BAAZ,2005-12-01 15:00:00,12.6,83.3,30,998,TS,NOAA IBTrACS v04r01
2005330N09096,2005,BAAZ,2005-12-01 18:00:00,12.8,83.0,30,998,TS,NOAA IBTrACS v04r01
2005330N09096,2005,BAAZ,2005-12-01 21:00:00,12.7,82.9,30,998,TS,NOAA IBTrACS v04r01
2005330N09096,2005,BAAZ,2005-12-02 00:00:00,12.6,82.6,25,1002,TS,NOAA IBTrACS v04r01
2005330N09096,2005,BAAZ,2005-12-02 03:00:00,12.4,82.4,25,1004,TS,NOAA IBTrACS v04r01
2005330N09096,2005,BAAZ,2005-12-02 06:00:00,12.1,82.2,30,1000,TS,NOAA IBTrACS v04r01
2005330N09096,2005,BAAZ,2005-12-02 09:00:00,12.2,81.8,30,1000,TS,NOAA IBTrACS v04r01
2005330N09096,2005,BAAZ,2005-12-02 12:00:00,12.3,81.4,30,1000,TS,NOAA IBTrACS v04r01
2005330N09096,2005,BAAZ,2005-12-02 15:00:00,12.4,81.1,30,1000,TS,NOAA IBTrACS v04r01
2005330N09096,2005,BAAZ,2005-12-02 18:00:00,12.6,80.9,30,1000,TS,NOAA IBTrACS v04r01
2005330N09096,2005,BAAZ,2005-12-02 21:00:00,12.7,80.6,30,1000,TS,NOAA IBTrACS v04r01
2005330N09096,2005,BAAZ,2005-12-03 00:00:00,12.8,80.4,30,1000,TS,NOAA IBTrACS v04r01
2005330N09096,2005,BAAZ,2005-12-03 03:00:00,12.7,80.2,28,1001,TS,NOAA IBTrACS v04r01
2005330N09096,2005,BAAZ,2005-12-03 06:00:00,12.6,80.0,25,1002,TS,NOAA IBTrACS v04r01
2005330N09096,2005,BAAZ,2005-12-03 09:00:00,12.5,79.8,23,1003,TS,NOAA IBTrACS v04r01
2005330N09096,2005,BAAZ,2005-12-03 12:00:00,12.5,79.7,20,1004,TS,NOAA IBTrACS v04r01
2005330N09096,2005,BAAZ,2005-12-03 15:00:00,12.5,79.6,20,1004,TS,NOAA IBTrACS v04r01
2005330N09096,2005,BAAZ,2005-12-03 18:00:00,12.5,79.5,20,1004,TS,NOAA IBTrACS v04r01
2005330N09096,2005,BAAZ,2005-12-03 21:00:00,12.5,79.4,20,1004,TS,NOAA IBTrACS v04r01
2005330N09096,2005,BAAZ,2005-12-04 00:00:00,12.5,79.3,20,1004,TS,NOAA IBTrACS v04r01
2005338N09093,2005,FANOOS,2005-12-04 06:00:00,8.7,93.0,20,1004,DS,NOAA IBTrACS v04r01
2005338N09093,2005,FANOOS,2005-12-04 09:00:00,8.9,92.7,20,1004,DS,NOAA IBTrACS v04r01
2005338N09093,2005,FANOOS,2005-12-04 12:00:00,9.1,92.4,20,1004,DS,NOAA IBTrACS v04r01
2005338N09093,2005,FANOOS,2005-12-04 15:00:00,9.4,92.2,20,1004,DS,NOAA IBTrACS v04r01
2005338N09093,2005,FANOOS,2005-12-04 18:00:00,9.6,92.0,20,1004,DS,NOAA IBTrACS v04r01
2005338N09093,2005,FANOOS,2005-12-04 21:00:00,9.8,91.8,20,1004,DS,NOAA IBTrACS v04r01
2005338N09093,2005,FANOOS,2005-12-05 00:00:00,9.9,91.5,20,1004,DS,NOAA IBTrACS v04r01
2005338N09093,2005,FANOOS,2005-12-05 03:00:00,10.1,91.3,23,1003,DS,NOAA IBTrACS v04r01
2005338N09093,2005,FANOOS,2005-12-05 06:00:00,10.2,91.0,25,1002,DS,NOAA IBTrACS v04r01
2005338N09093,2005,FANOOS,2005-12-05 09:00:00,10.3,90.7,28,1001,DS,NOAA IBTrACS v04r01
2005338N09093,2005,FANOOS,2005-12-05 12:00:00,10.4,90.4,30,1000,DS,NOAA IBTrACS v04r01
2005338N09093,2005,FANOOS,2005-12-05 15:00:00,10.6,90.2,30,1000,DS,NOAA IBTrACS v04r01
2005338N09093,2005,FANOOS,2005-12-05 18:00:00,10.9,90.0,30,1000,DS,NOAA IBTrACS v04r01
2005338N09093,2005,FANOOS,2005-12-05 21:00:00,11.2,89.8,33,999,DS,NOAA IBTrACS v04r01
2005338N09093,2005,FANOOS,2005-12-06 00:00:00,11.4,89.5,35,997,DS,NOAA IBTrACS v04r01
2005338N09093,2005,FANOOS,2005-12-06 03:00:00,11.4,89.3,25,1006,MX,NOAA IBTrACS v04r01
2005338N09093,2005,FANOOS,2005-12-06 06:00:00,11.3,89.1,25,1004,TS,NOAA IBTrACS v04r01
2005338N09093,2005,FANOOS,2005-12-06 09:00:00,11.4,88.8,30,1004,TS,NOAA IBTrACS v04r01
2005338N09093,2005,FANOOS,2005-12-06 12:00:00,11.3,88.7,30,1004,TS,NOAA IBTrACS v04r01
2005338N09093,2005,FANOOS,2005-12-06 15:00:00,11.3,88.5,30,1004,TS,NOAA IBTrACS v04r01
2005338N09093,2005,FANOOS,2005-12-06 18:00:00,11.2,88.1,30,1004,TS,NOAA IBTrACS v04r01
2005338N09093,2005,FANOOS,2005-12-06 21:00:00,11.2,87.9,30,1004,TS,NOAA IBTrACS v04r01
2005338N09093,2005,FANOOS,2005-12-07 00:00:00,11.1,87.8,30,1002,TS,NOAA IBTrACS v04r01
2005338N09093,2005,FANOOS,2005-12-07 03:00:00,11.0,87.2,35,1000,TS,NOAA IBTrACS v04r01
2005338N09093,2005,FANOOS,2005-12-07 06:00:00,10.9,86.9,40,1000,TS,NOAA IBTrACS v04r01
2005338N09093,2005,FANOOS,2005-12-07 09:00:00,10.8,86.6,45,998,TS,NOAA IBTrACS v04r01
2005338N09093,2005,FANOOS,2005-12-07 12:00:00,10.8,86.6,45,998,TS,NOAA IBTrACS v04r01
2005338N09093,2005,FANOOS,2005-12-07 15:00:00,10.7,86.5,45,998,TS,NOAA IBTrACS v04r01
2005338N09093,2005,FANOOS,2005-12-07 18:00:00,10.7,86.2,45,998,TS,NOAA IBTrACS v04r01
2005338N09093,2005,FANOOS,2005-12-07 21:00:00,10.7,86.1,45,998,TS,NOAA IBTrACS v04r01
2005338N09093,2005,FANOOS,2005-12-08 00:00:00,10.7,86.0,45,998,TS,NOAA IBTrACS v04r01
2005338N09093,2005,FANOOS,2005-12-08 03:00:00,10.5,85.8,45,998,TS,NOAA IBTrACS v04r01
2005338N09093,2005,FANOOS,2005-12-08 06:00:00,10.6,85.5,45,998,TS,NOAA IBTrACS v04r01
2005338N09093,2005,FANOOS,2005-12-08 09:00:00,10.6,85.0,45,998,TS,NOAA IBTrACS v04r01
2005338N09093,2005,FANOOS,2005-12-08 12:00:00,10.6,84.6,45,998,TS,NOAA IBTrACS v04r01
2005338N09093,2005,FANOOS,2005-12-08 15:00:00,10.5,84.5,45,998,TS,NOAA IBTrACS v04r01
2005338N09093,2005,FANOOS,2005-12-08 18:00:00,10.4,84.1,45,998,TS,NOAA IBTrACS v04r01
2005338N09093,2005,FANOOS,2005-12-08 21:00:00,10.4,83.9,45,998,TS,NOAA IBTrACS v04r01
2005338N09093,2005,FANOOS,2005-12-09 00:00:00,10.4,83.4,45,998,TS,NOAA IBTrACS v04r01
2005338N09093,2005,FANOOS,2005-12-09 03:00:00,10.4,83.0,45,998,TS,NOAA IBTrACS v04r01
2005338N09093,2005,FANOOS,2005-12-09 06:00:00,10.4,82.8,45,998,TS,NOAA IBTrACS v04r01
2005338N09093,2005,FANOOS,2005-12-09 09:00:00,10.4,82.3,45,998,TS,NOAA IBTrACS v04r01
2005338N09093,2005,FANOOS,2005-12-09 12:00:00,10.4,81.9,45,998,TS,NOAA IBTrACS v04r01
2005338N09093,2005,FANOOS,2005-12-09 15:00:00,10.4,81.4,45,998,TS,NOAA IBTrACS v04r01
2005338N09093,2005,FANOOS,2005-12-09 18:00:00,10.4,81.2,35,1000,TS,NOAA IBTrACS v04r01
2005338N09093,2005,FANOOS,2005-12-09 21:00:00,10.5,80.8,35,1000,TS,NOAA IBTrACS v04r01
2005338N09093,2005,FANOOS,2005-12-10 00:00:00,10.5,80.5,55,984,TS,NOAA IBTrACS v04r01
2005338N09093,2005,FANOOS,2005-12-10 03:00:00,10.5,80.2,50,988,TS,NOAA IBTrACS v04r01
2005338N09093,2005,FANOOS,2005-12-10 06:00:00,10.4,79.9,45,991,TS,NOAA IBTrACS v04r01
2005338N09093,2005,FANOOS,2005-12-10 09:00:00,10.3,79.7,45,991,TS,NOAA IBTrACS v04r01
2005338N09093,2005,FANOOS,2005-12-10 12:00:00,10.2,79.5,30,991,TS,NOAA IBTrACS v04r01
2005338N09093,2005,FANOOS,2005-12-10 15:00:00,10.1,79.1,38,996,TS,NOAA IBTrACS v04r01
2005338N09093,2005,FANOOS,2005-12-10 18:00:00,10.2,78.7,30,1000,TS,NOAA IBTrACS v04r01
2005338N09093,2005,FANOOS,2005-12-10 21:00:00,10.2,78.2,30,1000,TS,NOAA IBTrACS v04r01
2005338N09093,2005,FANOOS,2005-12-11 00:00:00,10.0,77.8,30,1000,TS,NOAA IBTrACS v04r01
2005338N09093,2005,FANOOS,2005-12-11 03:00:00,9.7,77.5,28,1001,TS,NOAA IBTrACS v04r01
2005338N09093,2005,FANOOS,2005-12-11 06:00:00,9.4,77.2,25,1002,TS,NOAA IBTrACS v04r01
2005338N09093,2005,FANOOS,2005-12-11 09:00:00,9.1,76.9,25,1002,TS,NOAA IBTrACS v04r01
2005338N09093,2005,FANOOS,2005-12-11 12:00:00,8.7,76.6,25,1002,TS,NOAA IBTrACS v04r01
2005338N09093,2005,FANOOS,2005-12-11 15:00:00,8.3,76.4,25,1002,TS,NOAA IBTrACS v04r01
2005338N09093,2005,FANOOS,2005-12-11 18:00:00,8.0,76.2,25,1002,TS,NOAA IBTrACS v04r01
2005338N09093,2005,FANOOS,2005-12-11 21:00:00,7.9,76.0,25,1002,TS,NOAA IBTrACS v04r01
2005338N09093,2005,FANOOS,2005-12-12 00:00:00,7.8,75.7,25,1002,TS,NOAA IBTrACS v04r01
2005338N09093,2005,FANOOS,2005-12-12 03:00:00,7.6,75.4,25,1002,TS,NOAA IBTrACS v04r01
2005338N09093,2005,FANOOS,2005-12-12 06:00:00,7.4,75.1,25,1002,TS,NOAA IBTrACS v04r01
2005338N09093,2005,FANOOS,2005-12-12 09:00:00,7.2,74.8,25,1002,TS,NOAA IBTrACS v04r01
2005338N09093,2005,FANOOS,2005-12-12 12:00:00,7.1,74.5,25,1002,TS,NOAA IBTrACS v04r01
2005338N09093,2005,FANOOS,2005-12-12 15:00:00,7.0,74.3,20,1004,TS,NOAA IBTrACS v04r01
2005338N09093,2005,FANOOS,2005-12-12 18:00:00,6.8,74.2,15,1006,DS,NOAA IBTrACS v04r01
2005349N06090,2005,UNNAMED,2005-12-14 18:00:00,6.4,89.9,15,1005,DS,NOAA IBTrACS v04r01
2005349N06090,2005,UNNAMED,2005-12-14 21:00:00,6.9,89.4,15,1006,DS,NOAA IBTrACS v04r01
2005349N06090,2005,UNNAMED,2005-12-15 00:00:00,7.3,88.9,15,1006,DS,NOAA IBTrACS v04r01
2005349N06090,2005,UNNAMED,2005-12-15 03:00:00,7.7,88.4,20,1004,DS,NOAA IBTrACS v04r01
2005349N06090,2005,UNNAMED,2005-12-15 06:00:00,8.0,87.8,25,1002,TS,NOAA IBTrACS v04r01
2005349N06090,2005,UNNAMED,2005-12-15 09:00:00,8.3,87.2,25,1002,TS,NOAA IBTrACS v04r01
2005349N06090,2005,UNNAMED,2005-12-15 12:00:00,8.3,86.8,25,1006,TS,NOAA IBTrACS v04r01
2005349N06090,2005,UNNAMED,2005-12-15 15:00:00,8.2,86.4,25,1004,TS,NOAA IBTrACS v04r01
2005349N06090,2005,UNNAMED,2005-12-15 18:00:00,8.1,86.3,25,1004,TS,NOAA IBTrACS v04r01
2005349N06090,2005,UNNAMED,2005-12-15 21:00:00,7.9,86.2,25,1004,TS,NOAA IBTrACS v04r01
2005349N06090,2005,UNNAMED,2005-12-16 00:00:00,7.9,86.2,25,1004,TS,NOAA IBTrACS v04r01
2005349N06090,2005,UNNAMED,2005-12-16 03:00:00,7.8,85.1,25,1002,TS,NOAA IBTrACS v04r01
2005349N06090,2005,UNNAMED,2005-12-16 06:00:00,7.8,85.0,25,1002,TS,NOAA IBTrACS v04r01
2005349N06090,2005,UNNAMED,2005-12-16 09:00:00,7.8,84.6,25,1002,TS,NOAA IBTrACS v04r01
2005349N06090,2005,UNNAMED,2005-12-16 12:00:00,7.9,84.5,25,1002,TS,NOAA IBTrACS v04r01
2005349N06090,2005,UNNAMED,2005-12-16 15:00:00,7.9,84.4,25,1002,TS,NOAA IBTrACS v04r01
2005349N06090,2005,UNNAMED,2005-12-16 18:00:00,7.9,84.4,25,1002,TS,NOAA IBTrACS v04r01
2005349N06090,2005,UNNAMED,2005-12-16 21:00:00,7.9,84.3,25,1002,TS,NOAA IBTrACS v04r01
2005349N06090,2005,UNNAMED,2005-12-17 00:00:00,8.0,84.0,25,1002,TS,NOAA IBTrACS v04r01
2005349N06090,2005,UNNAMED,2005-12-17 03:00:00,8.1,84.0,30,1000,TS,NOAA IBTrACS v04r01
2005349N06090,2005,UNNAMED,2005-12-17 06:00:00,8.3,83.9,30,1000,TS,NOAA IBTrACS v04r01
2005349N06090,2005,UNNAMED,2005-12-17 09:00:00,8.6,83.6,30,1000,TS,NOAA IBTrACS v04r01
2005349N06090,2005,UNNAMED,2005-12-17 12:00:00,8.8,83.5,30,1000,TS,NOAA IBTrACS v04r01
2005349N06090,2005,UNNAMED,2005-12-17 15:00:00,8.9,83.4,30,1000,TS,NOAA IBTrACS v04r01
2005349N06090,2005,UNNAMED,2005-12-17 18:00:00,9.4,83.1,30,1000,TS,NOAA IBTrACS v04r01
2005349N06090,2005,UNNAMED,2005-12-17 21:00:00,9.5,83.0,30,1000,TS,NOAA IBTrACS v04r01
2005349N06090,2005,UNNAMED,2005-12-18 00:00:00,10.0,83.0,30,1000,TS,NOAA IBTrACS v04r01
2005349N06090,2005,UNNAMED,2005-12-18 03:00:00,10.3,83.0,30,1000,TS,NOAA IBTrACS v04r01
2005349N06090,2005,UNNAMED,2005-12-18 06:00:00,10.4,83.0,30,1000,TS,NOAA IBTrACS v04r01
2005349N06090,2005,UNNAMED,2005-12-18 09:00:00,10.7,82.8,30,1000,TS,NOAA IBTrACS v04r01
2005349N06090,2005,UNNAMED,2005-12-18 12:00:00,10.8,82.8,30,1000,TS,NOAA IBTrACS v04r01
2005349N06090,2005,UNNAMED,2005-12-18 15:00:00,10.8,82.8,30,1000,TS,NOAA IBTrACS v04r01
2005349N06090,2005,UNNAMED,2005-12-18 18:00:00,11.1,82.8,30,1000,TS,NOAA IBTrACS v04r01
2005349N06090,2005,UNNAMED,2005-12-18 21:00:00,11.1,82.7,30,1000,TS,NOAA IBTrACS v04r01
2005349N06090,2005,UNNAMED,2005-12-19 00:00:00,11.1,82.8,30,1000,TS,NOAA IBTrACS v04r01
2005349N06090,2005,UNNAMED,2005-12-19 03:00:00,11.1,82.8,30,1000,TS,NOAA IBTrACS v04r01
2005349N06090,2005,UNNAMED,2005-12-19 06:00:00,11.2,82.9,30,1000,TS,NOAA IBTrACS v04r01
2005349N06090,2005,UNNAMED,2005-12-19 09:00:00,11.1,82.9,30,1000,TS,NOAA IBTrACS v04r01
2005349N06090,2005,UNNAMED,2005-12-19 12:00:00,11.1,83.0,30,1000,TS,NOAA IBTrACS v04r01
2005349N06090,2005,UNNAMED,2005-12-19 15:00:00,11.3,83.0,30,1000,TS,NOAA IBTrACS v04r01
2005349N06090,2005,UNNAMED,2005-12-19 18:00:00,11.3,83.1,30,1000,TS,NOAA IBTrACS v04r01
2005349N06090,2005,UNNAMED,2005-12-19 21:00:00,11.3,83.2,30,1000,TS,NOAA IBTrACS v04r01
2005349N06090,2005,UNNAMED,2005-12-20 00:00:00,11.3,83.5,30,1000,TS,NOAA IBTrACS v04r01
2005349N06090,2005,UNNAMED,2005-12-20 03:00:00,11.4,83.8,30,1000,TS,NOAA IBTrACS v04r01
2005349N06090,2005,UNNAMED,2005-12-20 06:00:00,11.5,84.1,25,1002,TS,NOAA IBTrACS v04r01
2005349N06090,2005,UNNAMED,2005-12-20 09:00:00,11.8,84.3,25,1002,TS,NOAA IBTrACS v04r01
2005349N06090,2005,UNNAMED,2005-12-20 12:00:00,11.8,84.4,25,1002,TS,NOAA IBTrACS v04r01
2005349N06090,2005,UNNAMED,2005-12-20 15:00:00,11.9,84.5,25,1002,TS,NOAA IBTrACS v04r01
2005349N06090,2005,UNNAMED,2005-12-20 18:00:00,11.9,84.5,25,1002,TS,NOAA IBTrACS v04r01
2005349N06090,2005,UNNAMED,2005-12-20 21:00:00,11.9,84.6,25,1002,TS,NOAA IBTrACS v04r01
2005349N06090,2005,UNNAMED,2005-12-21 00:00:00,11.8,84.6,25,1002,TS,NOAA IBTrACS v04r01
2005349N06090,2005,UNNAMED,2005-12-21 03:00:00,11.7,84.5,25,1002,TS,NOAA IBTrACS v04r01
2005349N06090,2005,UNNAMED,2005-12-21 06:00:00,11.7,84.5,25,1002,TS,NOAA IBTrACS v04r01
2005349N06090,2005,UNNAMED,2005-12-21 09:00:00,11.8,84.5,25,1002,TS,NOAA IBTrACS v04r01
2005349N06090,2005,UNNAMED,2005-12-21 12:00:00,11.8,84.6,25,1002,TS,NOAA IBTrACS v04r01
2005349N06090,2005,UNNAMED,2005-12-21 15:00:00,11.9,84.7,25,1002,TS,NOAA IBTrACS v04r01
2005349N06090,2005,UNNAMED,2005-12-21 18:00:00,12.1,84.7,25,1002,TS,NOAA IBTrACS v04r01
2005349N06090,2005,UNNAMED,2005-12-21 21:00:00,12.2,84.8,25,1002,TS,NOAA IBTrACS v04r01
2005349N06090,2005,UNNAMED,2005-12-22 00:00:00,12.4,84.9,25,1002,TS,NOAA IBTrACS v04r01
2005349N06090,2005,UNNAMED,2005-12-22 03:00:00,12.7,85.1,30,1000,TS,NOAA IBTrACS v04r01
2005349N06090,2005,UNNAMED,2005-12-22 06:00:00,12.9,85.2,30,1000,TS,NOAA IBTrACS v04r01
2005349N06090,2005,UNNAMED,2005-12-22 09:00:00,13.1,85.4,28,1001,TS,NOAA IBTrACS v04r01
2005349N06090,2005,UNNAMED,2005-12-22 12:00:00,13.3,85.8,25,1002,TS,NOAA IBTrACS v04r01
2005349N06090,2005,UNNAMED,2005-12-22 15:00:00,13.5,86.3,25,1002,TS,NOAA IBTrACS v04r01
2005349N06090,2005,UNNAMED,2005-12-22 18:00:00,13.7,86.8,25,1002,TS,NOAA IBTrACS v04r01
2005349N06090,2005,UNNAMED,2005-12-22 21:00:00,13.9,87.4,25,1002,TS,NOAA IBTrACS v04r01
2005349N06090,2005,UNNAMED,2005-12-23 00:00:00,14.1,88.0,25,1002,TS,NOAA IBTrACS v04r01
2005349N06090,2005,UNNAMED,2005-12-23 03:00:00,14.3,88.6,25,1002,TS,NOAA IBTrACS v04r01
2005349N06090,2005,UNNAMED,2005-12-23 06:00:00,14.4,89.1,25,1002,TS,NOAA IBTrACS v04r01
2005349N06090,2005,UNNAMED,2005-12-23 09:00:00,14.5,89.6,25,1002,TS,NOAA IBTrACS v04r01
2005349N06090,2005,UNNAMED,2005-12-23 12:00:00,14.6,90.0,25,1002,TS,NOAA IBTrACS v04r01
2005349N06090,2005,UNNAMED,2005-12-23 15:00:00,14.9,90.4,23,1003,TS,NOAA IBTrACS v04r01
2005349N06090,2005,UNNAMED,2005-12-23 18:00:00,15.3,90.7,20,1004,DS,NOAA IBTrACS v04r01
2005349N06090,2005,UNNAMED,2005-12-23 21:00:00,15.7,91.0,20,1004,DS,NOAA IBTrACS v04r01
2005349N06090,2005,UNNAMED,2005-12-24 00:00:00,16.2,91.3,20,1004,DS,NOAA IBTrACS v04r01
2006012N03081,2006,UNNAMED,2006-01-12 00:00:00,2.9,81.1,15,1006,DS,NOAA IBTrACS v04r01
2006012N03081,2006,UNNAMED,2006-01-12 03:00:00,2.9,80.8,15,1006,DS,NOAA IBTrACS v04r01
2006012N03081,2006,UNNAMED,2006-01-12 06:00:00,3.0,80.5,15,1006,DS,NOAA IBTrACS v04r01
2006012N03081,2006,UNNAMED,2006-01-12 09:00:00,3.1,80.2,18,1005,DS,NOAA IBTrACS v04r01
2006012N03081,2006,UNNAMED,2006-01-12 12:00:00,3.2,80.0,20,1004,DS,NOAA IBTrACS v04r01
2006012N03081,2006,UNNAMED,2006-01-12 15:00:00,3.3,79.8,23,1003,DS,NOAA IBTrACS v04r01
2006012N03081,2006,UNNAMED,2006-01-12 18:00:00,3.5,79.5,25,1002,DS,NOAA IBTrACS v04r01
2006012N03081,2006,UNNAMED,2006-01-12 21:00:00,3.6,79.2,25,1002,DS,NOAA IBTrACS v04r01
2006012N03081,2006,UNNAMED,2006-01-13 00:00:00,3.8,78.9,25,1002,DS,NOAA IBTrACS v04r01
2006012N03081,2006,UNNAMED,2006-01-13 03:00:00,4.0,78.5,28,1001,DS,NOAA IBTrACS v04r01
2006012N03081,2006,UNNAMED,2006-01-13 06:00:00,4.3,78.1,30,1000,DS,NOAA IBTrACS v04r01
2006012N03081,2006,UNNAMED,2006-01-13 09:00:00,4.6,77.6,33,999,DS,NOAA IBTrACS v04r01
2006012N03081,2006,UNNAMED,2006-01-13 12:00:00,4.9,77.1,25,1006,TS,NOAA IBTrACS v04r01
2006012N03081,2006,UNNAMED,2006-01-13 15:00:00,5.3,76.6,38,996,TS,NOAA IBTrACS v04r01
2006012N03081,2006,UNNAMED,2006-01-13 18:00:00,5.6,76.3,40,994,TS,NOAA IBTrACS v04r01
2006012N03081,2006,UNNAMED,2006-01-13 21:00:00,5.7,75.9,43,993,TS,NOAA IBTrACS v04r01
2006012N03081,2006,UNNAMED,2006-01-14 00:00:00,5.7,75.6,25,1006,TS,NOAA IBTrACS v04r01
2006012N03081,2006,UNNAMED,2006-01-14 03:00:00,5.8,75.1,30,1006,TS,NOAA IBTrACS v04r01
2006012N03081,2006,UNNAMED,2006-01-14 06:00:00,6.9,74.2,30,1006,TS,NOAA IBTrACS v04r01
2006012N03081,2006,UNNAMED,2006-01-14 09:00:00,6.9,73.7,30,1004,TS,NOAA IBTrACS v04r01
2006012N03081,2006,UNNAMED,2006-01-14 12:00:00,6.9,73.3,25,1004,TS,NOAA IBTrACS v04r01
2006012N03081,2006,UNNAMED,2006-01-14 15:00:00,6.9,72.9,25,1004,TS,NOAA IBTrACS v04r01
2006012N03081,2006,UNNAMED,2006-01-14 18:00:00,7.0,72.7,25,1004,TS,NOAA IBTrACS v04r01
2006012N03081,2006,UNNAMED,2006-01-14 21:00:00,7.1,72.3,25,1006,TS,NOAA IBTrACS v04r01
2006012N03081,2006,UNNAMED,2006-01-15 00:00:00,7.1,71.9,35,997,TS,NOAA IBTrACS v04r01
2006012N03081,2006,UNNAMED,2006-01-15 03:00:00,7.0,71.4,33,999,TS,NOAA IBTrACS v04r01
2006012N03081,2006,UNNAMED,2006-01-15 06:00:00,6.9,71.0,30,1000,DS,NOAA IBTrACS v04r01
2006012N03081,2006,UNNAMED,2006-01-15 09:00:00,6.8,70.5,30,1000,DS,NOAA IBTrACS v04r01
2006012N03081,2006,UNNAMED,2006-01-15 12:00:00,6.8,70.1,30,1000,DS,NOAA IBTrACS v04r01
2006012N03081,2006,UNNAMED,2006-01-15 15:00:00,6.8,69.7,30,1000,DS,NOAA IBTrACS v04r01
2006012N03081,2006,UNNAMED,2006-01-15 18:00:00,6.9,69.3,30,1000,DS,NOAA IBTrACS v04r01
2006012N03081,2006,UNNAMED,2006-01-15 21:00:00,7.1,68.9,30,1000,DS,NOAA IBTrACS v04r01
2006012N03081,2006,UNNAMED,2006-01-16 00:00:00,7.3,68.6,30,1000,DS,NOAA IBTrACS v04r01
2006012N03081,2006,UNNAMED,2006-01-16 03:00:00,7.6,68.3,30,1000,DS,NOAA IBTrACS v04r01
2006012N03081,2006,UNNAMED,2006-01-16 06:00:00,7.9,68.0,30,1000,DS,NOAA IBTrACS v04r01
2006012N03081,2006,UNNAMED,2006-01-16 09:00:00,8.2,67.7,30,1000,DS,NOAA IBTrACS v04r01
2006012N03081,2006,UNNAMED,2006-01-16 12:00:00,8.4,67.3,30,1000,DS,NOAA IBTrACS v04r01
2006012N03081,2006,UNNAMED,2006-01-16 15:00:00,8.4,66.7,30,1000,DS,NOAA IBTrACS v04r01
2006012N03081,2006,UNNAMED,2006-01-16 18:00:00,8.5,66.1,30,1000,DS,NOAA IBTrACS v04r01
2006012N03081,2006,UNNAMED,2006-01-16 21:00:00,8.8,65.5,30,1000,DS,NOAA IBTrACS v04r01
2006012N03081,2006,UNNAMED,2006-01-17 00:00:00,9.2,64.8,30,1000,DS,NOAA IBTrACS v04r01
2006012N03081,2006,UNNAMED,2006-01-17 03:00:00,9.5,64.1,30,1000,DS,NOAA IBTrACS v04r01
2006012N03081,2006,UNNAMED,2006-01-17 06:00:00,9.8,63.4,30,1000,DS,NOAA IBTrACS v04r01
2006012N03081,2006,UNNAMED,2006-01-17 09:00:00,9.9,62.7,30,1000,DS,NOAA IBTrACS v04r01
2006012N03081,2006,UNNAMED,2006-01-17 12:00:00,9.9,62.1,30,1000,DS,NOAA IBTrACS v04r01
2006012N03081,2006,UNNAMED,2006-01-17 15:00:00,9.8,61.5,30,1000,DS,NOAA IBTrACS v04r01
2006012N03081,2006,UNNAMED,2006-01-17 18:00:00,9.6,61.0,30,1000,DS,NOAA IBTrACS v04r01
2006012N03081,2006,UNNAMED,2006-01-17 21:00:00,9.4,60.4,30,1000,DS,NOAA IBTrACS v04r01
2006012N03081,2006,UNNAMED,2006-01-18 00:00:00,9.3,59.9,30,1000,DS,NOAA IBTrACS v04r01
2006012N03081,2006,UNNAMED,2006-01-18 03:00:00,9.3,59.4,30,1000,DS,NOAA IBTrACS v04r01
2006012N03081,2006,UNNAMED,2006-01-18 06:00:00,9.3,58.8,30,1000,DS,NOAA IBTrACS v04r01
2006012N03081,2006,UNNAMED,2006-01-18 09:00:00,9.4,58.2,28,1001,DS,NOAA IBTrACS v04r01
2006012N03081,2006,UNNAMED,2006-01-18 12:00:00,9.4,57.5,25,1002,DS,NOAA IBTrACS v04r01
2006012N03081,2006,UNNAMED,2006-01-18 15:00:00,9.4,56.8,25,1002,DS,NOAA IBTrACS v04r01
2006012N03081,2006,UNNAMED,2006-01-18 18:00:00,9.3,56.2,25,1002,DS,NOAA IBTrACS v04r01
2006012N03081,2006,UNNAMED,2006-01-18 21:00:00,9.3,55.6,25,1002,DS,NOAA IBTrACS v04r01
2006012N03081,2006,UNNAMED,2006-01-19 00:00:00,9.2,54.9,25,1002,DS,NOAA IBTrACS v04r01
2006012N03081,2006,UNNAMED,2006-01-19 03:00:00,9.1,54.2,25,1002,DS,NOAA IBTrACS v04r01
2006012N03081,2006,UNNAMED,2006-01-19 06:00:00,8.9,53.6,25,1002,DS,NOAA IBTrACS v04r01
2006114N08090,2006,MALA,2006-04-24 06:00:00,8.4,90.1,20,1004,DS,NOAA IBTrACS v04r01
2006114N08090,2006,MALA,2006-04-24 09:00:00,8.5,89.9,23,1003,DS,NOAA IBTrACS v04r01
2006114N08090,2006,MALA,2006-04-24 12:00:00,8.6,89.7,25,1002,DS,NOAA IBTrACS v04r01
2006114N08090,2006,MALA,2006-04-24 15:00:00,8.8,89.6,28,1001,DS,NOAA IBTrACS v04r01
2006114N08090,2006,MALA,2006-04-24 18:00:00,9.0,89.5,30,1000,TS,NOAA IBTrACS v04r01
2006114N08090,2006,MALA,2006-04-24 21:00:00,9.2,89.6,33,999,TS,NOAA IBTrACS v04r01
2006114N08090,2006,MALA,2006-04-25 00:00:00,9.3,89.7,35,997,TS,NOAA IBTrACS v04r01
2006114N08090,2006,MALA,2006-04-25 03:00:00,9.5,89.8,25,996,TS,NOAA IBTrACS v04r01
2006114N08090,2006,MALA,2006-04-25 06:00:00,9.6,89.9,25,996,TS,NOAA IBTrACS v04r01
2006114N08090,2006,MALA,2006-04-25 09:00:00,9.7,89.8,30,996,TS,NOAA IBTrACS v04r01
2006114N08090,2006,MALA,2006-04-25 12:00:00,10.0,89.6,35,996,TS,NOAA IBTrACS v04r01
2006114N08090,2006,MALA,2006-04-25 15:00:00,10.1,89.6,35,996,TS,NOAA IBTrACS v04r01
2006114N08090,2006,MALA,2006-04-25 18:00:00,10.2,89.7,35,996,TS,NOAA IBTrACS v04r01
2006114N08090,2006,MALA,2006-04-25 21:00:00,10.1,89.8,35,996,TS,NOAA IBTrACS v04r01
2006114N08090,2006,MALA,2006-04-26 00:00:00,10.4,89.7,45,994,TS,NOAA IBTrACS v04r01
2006114N08090,2006,MALA,2006-04-26 03:00:00,10.6,89.7,45,994,TS,NOAA IBTrACS v04r01
2006114N08090,2006,MALA,2006-04-26 06:00:00,11.1,89.8,45,994,TS,NOAA IBTrACS v04r01
2006114N08090,2006,MALA,2006-04-26 09:00:00,11.3,90.1,45,994,TS,NOAA IBTrACS v04r01
2006114N08090,2006,MALA,2006-04-26 12:00:00,11.7,90.3,45,994,TS,NOAA IBTrACS v04r01
2006114N08090,2006,MALA,2006-04-26 15:00:00,12.1,90.5,45,994,TS,NOAA IBTrACS v04r01
2006114N08090,2006,MALA,2006-04-26 18:00:00,12.1,90.4,45,994,TS,NOAA IBTrACS v04r01
2006114N08090,2006,MALA,2006-04-26 21:00:00,12.1,90.3,45,994,TS,NOAA IBTrACS v04r01
2006114N08090,2006,MALA,2006-04-27 00:00:00,12.0,90.2,45,994,TS,NOAA IBTrACS v04r01
2006114N08090,2006,MALA,2006-04-27 03:00:00,12.4,90.1,55,990,TS,NOAA IBTrACS v04r01
2006114N08090,2006,MALA,2006-04-27 06:00:00,12.5,90.2,55,990,TS,NOAA IBTrACS v04r01
2006114N08090,2006,MALA,2006-04-27 09:00:00,12.6,90.3,55,990,TS,NOAA IBTrACS v04r01
2006114N08090,2006,MALA,2006-04-27 12:00:00,13.0,90.5,65,984,TS,NOAA IBTrACS v04r01
2006114N08090,2006,MALA,2006-04-27 15:00:00,13.1,90.6,65,984,TS,NOAA IBTrACS v04r01
2006114N08090,2006,MALA,2006-04-27 18:00:00,13.3,90.8,65,984,TS,NOAA IBTrACS v04r01
2006114N08090,2006,MALA,2006-04-27 21:00:00,13.7,90.9,65,984,TS,NOAA IBTrACS v04r01
2006114N08090,2006,MALA,2006-04-28 00:00:00,14.1,91.4,65,984,TS,NOAA IBTrACS v04r01
2006114N08090,2006,MALA,2006-04-28 03:00:00,14.5,91.7,80,976,TS,NOAA IBTrACS v04r01
2006114N08090,2006,MALA,2006-04-28 06:00:00,15.0,92.1,90,964,TS,NOAA IBTrACS v04r01
2006114N08090,2006,MALA,2006-04-28 09:00:00,15.3,92.4,100,954,TS,NOAA IBTrACS v04r01
2006114N08090,2006,MALA,2006-04-28 12:00:00,15.6,92.7,100,954,TS,NOAA IBTrACS v04r01
2006114N08090,2006,MALA,2006-04-28 15:00:00,16.0,93.1,100,954,TS,NOAA IBTrACS v04r01
2006114N08090,2006,MALA,2006-04-28 18:00:00,16.2,93.2,100,954,TS,NOAA IBTrACS v04r01
2006114N08090,2006,MALA,2006-04-28 21:00:00,16.5,93.6,100,954,TS,NOAA IBTrACS v04r01
2006114N08090,2006,MALA,2006-04-29 00:00:00,16.7,93.7,100,954,TS,NOAA IBTrACS v04r01
2006114N08090,2006,MALA,2006-04-29 03:00:00,17.1,94.1,100,954,TS,NOAA IBTrACS v04r01
2006114N08090,2006,MALA,2006-04-29 06:00:00,17.5,94.5,90,966,TS,NOAA IBTrACS v04r01
2006114N08090,2006,MALA,2006-04-29 09:00:00,18.0,94.9,78,965,TS,NOAA IBTrACS v04r01
2006114N08090,2006,MALA,2006-04-29 12:00:00,18.5,95.5,65,976,TS,NOAA IBTrACS v04r01
2006114N08090,2006,MALA,2006-04-29 15:00:00,18.5,95.5,,,TS,NOAA IBTrACS v04r01
2006114N08090,2006,MALA,2006-04-29 18:00:00,19.0,96.0,,,TS,NOAA IBTrACS v04r01
2006182N20088,2006,UNNAMED,2006-06-30 18:00:00,20.0,88.3,15,1006,DS,NOAA IBTrACS v04r01
2006182N20088,2006,UNNAMED,2006-06-30 21:00:00,20.2,88.3,15,1006,DS,NOAA IBTrACS v04r01
2006182N20088,2006,UNNAMED,2006-07-01 00:00:00,20.4,88.3,15,1006,DS,NOAA IBTrACS v04r01
2006182N20088,2006,UNNAMED,2006-07-01 03:00:00,20.6,88.4,15,1006,DS,NOAA IBTrACS v04r01
2006182N20088,2006,UNNAMED,2006-07-01 06:00:00,20.7,88.6,15,1006,DS,NOAA IBTrACS v04r01
2006182N20088,2006,UNNAMED,2006-07-01 09:00:00,20.7,88.8,18,1005,DS,NOAA IBTrACS v04r01
2006182N20088,2006,UNNAMED,2006-07-01 12:00:00,20.7,88.9,20,1004,DS,NOAA IBTrACS v04r01
2006182N20088,2006,UNNAMED,2006-07-01 15:00:00,20.6,88.9,23,1003,DS,NOAA IBTrACS v04r01
2006182N20088,2006,UNNAMED,2006-07-01 18:00:00,20.5,88.8,25,1002,DS,NOAA IBTrACS v04r01
2006182N20088,2006,UNNAMED,2006-07-01 21:00:00,20.5,88.6,25,1002,DS,NOAA IBTrACS v04r01
2006182N20088,2006,UNNAMED,2006-07-02 00:00:00,20.4,88.5,25,990,MX,NOAA IBTrACS v04r01
2006182N20088,2006,UNNAMED,2006-07-02 03:00:00,20.5,88.3,30,988,MX,NOAA IBTrACS v04r01
2006182N20088,2006,UNNAMED,2006-07-02 06:00:00,20.4,88.2,30,988,TS,NOAA IBTrACS v04r01
2006182N20088,2006,UNNAMED,2006-07-02 09:00:00,20.4,87.9,30,988,TS,NOAA IBTrACS v04r01
2006182N20088,2006,UNNAMED,2006-07-02 12:00:00,20.4,87.4,30,988,TS,NOAA IBTrACS v04r01
2006182N20088,2006,UNNAMED,2006-07-02 15:00:00,20.4,86.7,30,982,TS,NOAA IBTrACS v04r01
2006182N20088,2006,UNNAMED,2006-07-02 18:00:00,20.4,86.0,30,982,TS,NOAA IBTrACS v04r01
2006182N20088,2006,UNNAMED,2006-07-02 21:00:00,20.4,85.8,30,982,TS,NOAA IBTrACS v04r01
2006182N20088,2006,UNNAMED,2006-07-03 00:00:00,20.4,85.4,30,982,MX,NOAA IBTrACS v04r01
2006182N20088,2006,UNNAMED,2006-07-03 03:00:00,20.4,85.2,30,982,MX,NOAA IBTrACS v04r01
2006182N20088,2006,UNNAMED,2006-07-03 06:00:00,20.4,85.1,30,982,MX,NOAA IBTrACS v04r01
2006182N20088,2006,UNNAMED,2006-07-03 09:00:00,20.8,84.5,30,982,MX,NOAA IBTrACS v04r01
2006182N20088,2006,UNNAMED,2006-07-03 12:00:00,20.9,84.1,30,982,MX,NOAA IBTrACS v04r01
2006182N20088,2006,UNNAMED,2006-07-03 15:00:00,21.0,83.5,30,982,TS,NOAA IBTrACS v04r01
2006182N20088,2006,UNNAMED,2006-07-03 18:00:00,21.0,83.0,30,982,TS,NOAA IBTrACS v04r01
2006182N20088,2006,UNNAMED,2006-07-03 21:00:00,21.0,82.5,30,982,TS,NOAA IBTrACS v04r01
2006182N20088,2006,UNNAMED,2006-07-04 00:00:00,21.0,82.0,30,982,TS,NOAA IBTrACS v04r01
2006182N20088,2006,UNNAMED,2006-07-04 03:00:00,21.5,81.5,30,984,TS,NOAA IBTrACS v04r01
2006182N20088,2006,UNNAMED,2006-07-04 06:00:00,21.5,81.0,30,986,TS,NOAA IBTrACS v04r01
2006182N20088,2006,UNNAMED,2006-07-04 09:00:00,21.5,80.0,25,988,TS,NOAA IBTrACS v04r01
2006182N20088,2006,UNNAMED,2006-07-04 12:00:00,21.5,79.5,25,990,TS,NOAA IBTrACS v04r01
2006182N20088,2006,UNNAMED,2006-07-04 15:00:00,21.5,79.0,25,990,TS,NOAA IBTrACS v04r01
2006182N20088,2006,UNNAMED,2006-07-04 18:00:00,21.5,78.5,25,990,TS,NOAA IBTrACS v04r01
2006182N20088,2006,UNNAMED,2006-07-04 21:00:00,21.5,78.0,25,990,TS,NOAA IBTrACS v04r01
2006182N20088,2006,UNNAMED,2006-07-05 00:00:00,21.5,78.0,25,990,TS,NOAA IBTrACS v04r01
2006182N20088,2006,UNNAMED,2006-07-05 03:00:00,22.0,77.5,25,990,TS,NOAA IBTrACS v04r01
2006182N20088,2006,UNNAMED,2006-07-05 06:00:00,22.0,77.5,25,990,NR,NOAA IBTrACS v04r01
2006214N20088,2006,UNNAMED,2006-08-02 03:00:00,20.5,87.5,25,990,TS,NOAA IBTrACS v04r01
2006214N20088,2006,UNNAMED,2006-08-02 06:00:00,20.5,87.5,25,990,TS,NOAA IBTrACS v04r01
2006214N20088,2006,UNNAMED,2006-08-02 09:00:00,20.0,87.0,30,988,TS,NOAA IBTrACS v04r01
2006214N20088,2006,UNNAMED,2006-08-02 12:00:00,20.0,86.5,30,986,TS,NOAA IBTrACS v04r01
2006214N20088,2006,UNNAMED,2006-08-02 15:00:00,20.0,86.5,30,986,TS,NOAA IBTrACS v04r01
2006214N20088,2006,UNNAMED,2006-08-02 18:00:00,20.0,86.0,30,986,TS,NOAA IBTrACS v04r01
2006214N20088,2006,UNNAMED,2006-08-02 21:00:00,20.0,85.5,30,986,TS,NOAA IBTrACS v04r01
2006214N20088,2006,UNNAMED,2006-08-03 00:00:00,19.7,85.2,,,TS,NOAA IBTrACS v04r01
2006214N20088,2006,UNNAMED,2006-08-03 03:00:00,19.5,85.0,30,986,TS,NOAA IBTrACS v04r01
2006214N20088,2006,UNNAMED,2006-08-03 06:00:00,19.5,85.0,30,986,TS,NOAA IBTrACS v04r01
2006214N20088,2006,UNNAMED,2006-08-03 09:00:00,19.5,84.5,30,986,TS,NOAA IBTrACS v04r01
2006214N20088,2006,UNNAMED,2006-08-03 12:00:00,19.5,84.0,30,986,TS,NOAA IBTrACS v04r01
2006214N20088,2006,UNNAMED,2006-08-03 15:00:00,19.5,84.0,30,986,TS,NOAA IBTrACS v04r01
2006214N20088,2006,UNNAMED,2006-08-03 18:00:00,19.5,83.5,30,986,TS,NOAA IBTrACS v04r01
2006214N20088,2006,UNNAMED,2006-08-03 21:00:00,19.5,83.0,30,986,TS,NOAA IBTrACS v04r01
2006214N20088,2006,UNNAMED,2006-08-04 00:00:00,19.5,83.0,30,986,TS,NOAA IBTrACS v04r01
2006214N20088,2006,UNNAMED,2006-08-04 03:00:00,20.0,82.5,30,986,TS,NOAA IBTrACS v04r01
2006214N20088,2006,UNNAMED,2006-08-04 06:00:00,20.0,82.5,30,986,TS,NOAA IBTrACS v04r01
2006214N20088,2006,UNNAMED,2006-08-04 09:00:00,20.5,82.0,25,990,TS,NOAA IBTrACS v04r01
2006214N20088,2006,UNNAMED,2006-08-04 12:00:00,21.0,81.0,25,990,TS,NOAA IBTrACS v04r01
2006214N20088,2006,UNNAMED,2006-08-04 15:00:00,21.0,81.0,25,990,TS,NOAA IBTrACS v04r01
2006214N20088,2006,UNNAMED,2006-08-04 18:00:00,21.0,81.0,25,990,TS,NOAA IBTrACS v04r01
2006214N20088,2006,UNNAMED,2006-08-04 21:00:00,21.0,81.0,25,990,TS,NOAA IBTrACS v04r01
2006214N20088,2006,UNNAMED,2006-08-05 00:00:00,21.0,80.5,25,990,TS,NOAA IBTrACS v04r01
2006214N20088,2006,UNNAMED,2006-08-05 03:00:00,21.0,80.0,25,990,TS,NOAA IBTrACS v04r01
2006214N20088,2006,UNNAMED,2006-08-05 06:00:00,21.0,79.5,25,990,TS,NOAA IBTrACS v04r01
2006214N20088,2006,UNNAMED,2006-08-05 09:00:00,21.0,79.5,25,990,TS,NOAA IBTrACS v04r01
2006224N21088,2006,UNNAMED,2006-08-12 03:00:00,21.0,88.0,25,992,TS,NOAA IBTrACS v04r01
2006224N21088,2006,UNNAMED,2006-08-12 06:00:00,21.0,88.0,25,992,TS,NOAA IBTrACS v04r01
2006224N21088,2006,UNNAMED,2006-08-12 09:00:00,21.0,87.5,25,992,TS,NOAA IBTrACS v04r01
2006224N21088,2006,UNNAMED,2006-08-12 12:00:00,21.0,87.5,25,992,TS,NOAA IBTrACS v04r01
2006224N21088,2006,UNNAMED,2006-08-12 15:00:00,22.0,86.5,25,992,TS,NOAA IBTrACS v04r01
2006224N21088,2006,UNNAMED,2006-08-12 18:00:00,22.0,85.0,25,992,TS,NOAA IBTrACS v04r01
2006224N21088,2006,UNNAMED,2006-08-12 21:00:00,22.0,83.5,25,992,TS,NOAA IBTrACS v04r01
2006224N21088,2006,UNNAMED,2006-08-13 00:00:00,22.0,82.5,25,992,TS,NOAA IBTrACS v04r01
2006228N21088,2006,UNNAMED,2006-08-16 03:00:00,20.5,88.0,25,990,TS,NOAA IBTrACS v04r01
2006228N21088,2006,UNNAMED,2006-08-16 06:00:00,20.5,87.5,25,990,TS,NOAA IBTrACS v04r01
2006228N21088,2006,UNNAMED,2006-08-16 09:00:00,20.5,87.5,25,990,TS,NOAA IBTrACS v04r01
2006228N21088,2006,UNNAMED,2006-08-16 12:00:00,20.5,87.0,25,990,TS,NOAA IBTrACS v04r01
2006228N21088,2006,UNNAMED,2006-08-16 15:00:00,20.5,86.5,25,988,TS,NOAA IBTrACS v04r01
2006228N21088,2006,UNNAMED,2006-08-16 18:00:00,20.5,86.0,25,988,TS,NOAA IBTrACS v04r01
2006228N21088,2006,UNNAMED,2006-08-16 21:00:00,21.0,85.0,25,988,TS,NOAA IBTrACS v04r01
2006228N21088,2006,UNNAMED,2006-08-17 00:00:00,21.5,84.5,25,988,TS,NOAA IBTrACS v04r01
2006228N21088,2006,UNNAMED,2006-08-17 03:00:00,22.0,83.5,25,988,TS,NOAA IBTrACS v04r01
2006228N21088,2006,UNNAMED,2006-08-17 06:00:00,22.0,83.5,25,988,TS,NOAA IBTrACS v04r01
2006228N21088,2006,UNNAMED,2006-08-17 09:00:00,22.5,83.0,25,988,TS,NOAA IBTrACS v04r01
2006228N21088,2006,UNNAMED,2006-08-17 12:00:00,22.5,81.0,25,988,TS,NOAA IBTrACS v04r01
2006228N21088,2006,UNNAMED,2006-08-17 15:00:00,22.5,81.0,25,988,TS,NOAA IBTrACS v04r01
2006228N21088,2006,UNNAMED,2006-08-17 18:00:00,22.5,80.5,25,988,TS,NOAA IBTrACS v04r01
2006228N21088,2006,UNNAMED,2006-08-17 21:00:00,22.5,80.0,25,988,TS,NOAA IBTrACS v04r01
2006228N21088,2006,UNNAMED,2006-08-18 00:00:00,22.5,79.0,25,990,TS,NOAA IBTrACS v04r01
2006228N21088,2006,UNNAMED,2006-08-18 03:00:00,23.0,78.0,25,992,TS,NOAA IBTrACS v04r01
2006228N21088,2006,UNNAMED,2006-08-18 06:00:00,23.0,77.5,25,994,TS,NOAA IBTrACS v04r01
2006228N21088,2006,UNNAMED,2006-08-18 09:00:00,23.5,77.0,25,994,TS,NOAA IBTrACS v04r01
2006241N20088,2006,UNNAMED,2006-08-29 03:00:00,20.5,87.5,25,992,TS,NOAA IBTrACS v04r01
2006241N20088,2006,UNNAMED,2006-08-29 06:00:00,20.5,86.5,25,992,TS,NOAA IBTrACS v04r01
2006241N20088,2006,UNNAMED,2006-08-29 09:00:00,21.0,85.0,25,990,TS,NOAA IBTrACS v04r01
2006241N20088,2006,UNNAMED,2006-08-29 12:00:00,21.0,84.5,25,990,TS,NOAA IBTrACS v04r01
2006241N20088,2006,UNNAMED,2006-08-29 15:00:00,21.0,84.5,25,990,TS,NOAA IBTrACS v04r01
2006241N20088,2006,UNNAMED,2006-08-29 18:00:00,21.0,84.0,25,990,TS,NOAA IBTrACS v04r01
2006241N20088,2006,UNNAMED,2006-08-29 21:00:00,21.0,83.5,25,990,TS,NOAA IBTrACS v04r01
2006241N20088,2006,UNNAMED,2006-08-30 00:00:00,21.0,83.0,25,992,TS,NOAA IBTrACS v04r01
2006241N20088,2006,UNNAMED,2006-08-30 03:00:00,22.0,83.0,25,992,TS,NOAA IBTrACS v04r01
2006241N20088,2006,UNNAMED,2006-08-30 06:00:00,22.5,82.5,25,992,TS,NOAA IBTrACS v04r01
2006241N20088,2006,UNNAMED,2006-08-30 09:00:00,22.5,81.5,25,992,TS,NOAA IBTrACS v04r01
2006241N20088,2006,UNNAMED,2006-08-30 12:00:00,22.5,81.0,25,992,TS,NOAA IBTrACS v04r01
2006241N20088,2006,UNNAMED,2006-08-30 15:00:00,22.5,81.0,25,992,TS,NOAA IBTrACS v04r01
2006241N20088,2006,UNNAMED,2006-08-30 18:00:00,22.5,81.0,25,992,TS,NOAA IBTrACS v04r01
2006241N20088,2006,UNNAMED,2006-08-30 21:00:00,22.5,80.5,25,992,TS,NOAA IBTrACS v04r01
2006241N20088,2006,UNNAMED,2006-08-31 00:00:00,23.0,80.0,25,994,TS,NOAA IBTrACS v04r01
2006241N20088,2006,UNNAMED,2006-08-31 03:00:00,23.5,79.0,25,994,TS,NOAA IBTrACS v04r01
2006241N20088,2006,UNNAMED,2006-08-31 06:00:00,24.0,78.0,25,994,TS,NOAA IBTrACS v04r01
2006241N20088,2006,UNNAMED,2006-08-31 09:00:00,24.0,78.0,25,994,TS,NOAA IBTrACS v04r01
2006241N20088,2006,UNNAMED,2006-08-31 12:00:00,24.0,78.0,25,994,TS,NOAA IBTrACS v04r01
2006241N20088,2006,UNNAMED,2006-08-31 15:00:00,24.0,78.0,25,994,TS,NOAA IBTrACS v04r01
2006241N20088,2006,UNNAMED,2006-08-31 18:00:00,24.5,77.5,25,994,TS,NOAA IBTrACS v04r01
2006241N20088,2006,UNNAMED,2006-08-31 21:00:00,25.0,77.0,25,994,TS,NOAA IBTrACS v04r01
2006241N20088,2006,UNNAMED,2006-09-01 00:00:00,25.5,77.0,25,994,TS,NOAA IBTrACS v04r01
2006241N20088,2006,UNNAMED,2006-09-01 03:00:00,26.0,76.5,25,994,TS,NOAA IBTrACS v04r01
2006241N20088,2006,UNNAMED,2006-09-01 06:00:00,26.0,76.5,25,994,TS,NOAA IBTrACS v04r01
2006247N21089,2006,UNNAMED,2006-09-03 12:00:00,20.5,88.5,25,992,TS,NOAA IBTrACS v04r01
2006247N21089,2006,UNNAMED,2006-09-03 15:00:00,20.5,88.0,25,992,TS,NOAA IBTrACS v04r01
2006247N21089,2006,UNNAMED,2006-09-03 18:00:00,20.5,87.5,25,992,TS,NOAA IBTrACS v04r01
2006247N21089,2006,UNNAMED,2006-09-03 21:00:00,20.5,87.5,25,992,TS,NOAA IBTrACS v04r01
2006247N21089,2006,UNNAMED,2006-09-04 00:00:00,21.0,87.0,25,992,TS,NOAA IBTrACS v04r01
2006247N21089,2006,UNNAMED,2006-09-04 03:00:00,21.0,86.5,25,992,TS,NOAA IBTrACS v04r01
2006247N21089,2006,UNNAMED,2006-09-04 06:00:00,21.5,85.5,25,992,TS,NOAA IBTrACS v04r01
2006247N21089,2006,UNNAMED,2006-09-04 09:00:00,21.5,85.0,25,992,TS,NOAA IBTrACS v04r01
2006247N21089,2006,UNNAMED,2006-09-04 12:00:00,22.0,84.5,25,992,TS,NOAA IBTrACS v04r01
2006247N21089,2006,UNNAMED,2006-09-04 15:00:00,22.0,84.5,25,992,TS,NOAA IBTrACS v04r01
2006247N21089,2006,UNNAMED,2006-09-04 18:00:00,22.0,84.5,25,992,TS,NOAA IBTrACS v04r01
2006247N21089,2006,UNNAMED,2006-09-04 21:00:00,22.0,84.5,25,994,TS,NOAA IBTrACS v04r01
2006262N19069,2006,MUKDA,2006-09-19 06:00:00,19.4,68.7,20,1004,DS,NOAA IBTrACS v04r01
2006262N19069,2006,MUKDA,2006-09-19 09:00:00,19.4,68.5,20,1002,DS,NOAA IBTrACS v04r01
2006262N19069,2006,MUKDA,2006-09-19 12:00:00,19.4,68.4,20,999,DS,NOAA IBTrACS v04r01
2006262N19069,2006,MUKDA,2006-09-19 15:00:00,19.3,68.3,23,1001,DS,NOAA IBTrACS v04r01
2006262N19069,2006,MUKDA,2006-09-19 18:00:00,19.3,68.2,25,1002,DS,NOAA IBTrACS v04r01
2006262N19069,2006,MUKDA,2006-09-19 21:00:00,19.3,68.0,25,1002,DS,NOAA IBTrACS v04r01
2006262N19069,2006,MUKDA,2006-09-20 00:00:00,19.3,67.8,25,1002,DS,NOAA IBTrACS v04r01
2006262N19069,2006,MUKDA,2006-09-20 03:00:00,19.3,67.6,25,1002,DS,NOAA IBTrACS v04r01
2006262N19069,2006,MUKDA,2006-09-20 06:00:00,19.4,67.4,25,1002,DS,NOAA IBTrACS v04r01
2006262N19069,2006,MUKDA,2006-09-20 09:00:00,19.4,67.2,25,1002,DS,NOAA IBTrACS v04r01
2006262N19069,2006,MUKDA,2006-09-20 12:00:00,19.5,67.1,25,1002,DS,NOAA IBTrACS v04r01
2006262N19069,2006,MUKDA,2006-09-20 15:00:00,19.6,66.9,28,1001,DS,NOAA IBTrACS v04r01
2006262N19069,2006,MUKDA,2006-09-20 18:00:00,19.6,66.8,30,1000,DS,NOAA IBTrACS v04r01
2006262N19069,2006,MUKDA,2006-09-20 21:00:00,19.6,66.7,30,1000,DS,NOAA IBTrACS v04r01
2006262N19069,2006,MUKDA,2006-09-21 00:00:00,19.6,66.6,30,1000,TS,NOAA IBTrACS v04r01
2006262N19069,2006,MUKDA,2006-09-21 03:00:00,19.6,66.4,25,1004,TS,NOAA IBTrACS v04r01
2006262N19069,2006,MUKDA,2006-09-21 06:00:00,19.6,66.3,30,1002,TS,NOAA IBTrACS v04r01
2006262N19069,2006,MUKDA,2006-09-21 09:00:00,19.6,66.2,30,1000,TS,NOAA IBTrACS v04r01
2006262N19069,2006,MUKDA,2006-09-21 12:00:00,19.6,66.2,30,1000,TS,NOAA IBTrACS v04r01
2006262N19069,2006,MUKDA,2006-09-21 15:00:00,19.6,66.1,30,1000,TS,NOAA IBTrACS v04r01
2006262N19069,2006,MUKDA,2006-09-21 18:00:00,19.7,66.2,30,1000,TS,NOAA IBTrACS v04r01
2006262N19069,2006,MUKDA,2006-09-21 21:00:00,19.7,66.2,30,998,TS,NOAA IBTrACS v04r01
2006262N19069,2006,MUKDA,2006-09-22 00:00:00,20.0,66.2,40,996,TS,NOAA IBTrACS v04r01
2006262N19069,2006,MUKDA,2006-09-22 03:00:00,20.1,66.2,45,994,TS,NOAA IBTrACS v04r01
2006262N19069,2006,MUKDA,2006-09-22 06:00:00,20.1,66.3,45,994,TS,NOAA IBTrACS v04r01
2006262N19069,2006,MUKDA,2006-09-22 09:00:00,20.1,66.3,45,994,TS,NOAA IBTrACS v04r01
2006262N19069,2006,MUKDA,2006-09-22 12:00:00,20.4,66.6,45,994,TS,NOAA IBTrACS v04r01
2006262N19069,2006,MUKDA,2006-09-22 15:00:00,20.4,66.6,45,992,TS,NOAA IBTrACS v04r01
2006262N19069,2006,MUKDA,2006-09-22 18:00:00,20.4,66.7,45,990,TS,NOAA IBTrACS v04r01
2006262N19069,2006,MUKDA,2006-09-22 21:00:00,20.4,66.7,45,988,TS,NOAA IBTrACS v04r01
2006262N19069,2006,MUKDA,2006-09-23 00:00:00,20.7,67.0,45,988,TS,NOAA IBTrACS v04r01
2006262N19069,2006,MUKDA,2006-09-23 03:00:00,20.7,67.0,45,988,TS,NOAA IBTrACS v04r01
2006262N19069,2006,MUKDA,2006-09-23 06:00:00,20.8,67.1,45,988,TS,NOAA IBTrACS v04r01
2006262N19069,2006,MUKDA,2006-09-23 09:00:00,20.7,67.1,45,988,TS,NOAA IBTrACS v04r01
2006262N19069,2006,MUKDA,2006-09-23 12:00:00,20.7,67.1,50,988,TS,NOAA IBTrACS v04r01
2006262N19069,2006,MUKDA,2006-09-23 15:00:00,20.6,67.1,55,990,TS,NOAA IBTrACS v04r01
2006262N19069,2006,MUKDA,2006-09-23 18:00:00,20.6,67.1,50,992,TS,NOAA IBTrACS v04r01
2006262N19069,2006,MUKDA,2006-09-23 21:00:00,20.6,67.0,45,994,TS,NOAA IBTrACS v04r01
2006262N19069,2006,MUKDA,2006-09-24 00:00:00,20.5,67.0,40,994,TS,NOAA IBTrACS v04r01
2006262N19069,2006,MUKDA,2006-09-24 03:00:00,20.5,67.0,35,996,TS,NOAA IBTrACS v04r01
2006262N19069,2006,MUKDA,2006-09-24 06:00:00,20.3,66.9,30,1000,TS,NOAA IBTrACS v04r01
2006262N19069,2006,MUKDA,2006-09-24 09:00:00,20.1,66.9,30,1002,TS,NOAA IBTrACS v04r01
2006262N19069,2006,MUKDA,2006-09-24 12:00:00,19.9,66.9,25,1004,TS,NOAA IBTrACS v04r01
2006262N19069,2006,MUKDA,2006-09-24 15:00:00,19.5,66.9,30,1000,TS,NOAA IBTrACS v04r01
2006262N19069,2006,MUKDA,2006-09-24 18:00:00,19.5,66.8,30,1000,TS,NOAA IBTrACS v04r01
2006262N19069,2006,MUKDA,2006-09-24 21:00:00,19.5,66.7,30,1000,TS,NOAA IBTrACS v04r01
2006262N19069,2006,MUKDA,2006-09-25 00:00:00,19.5,66.6,30,1000,TS,NOAA IBTrACS v04r01
2006262N19069,2006,MUKDA,2006-09-25 03:00:00,19.6,66.5,30,1000,TS,NOAA IBTrACS v04r01
2006262N19069,2006,MUKDA,2006-09-25 06:00:00,19.7,66.5,30,1000,TS,NOAA IBTrACS v04r01
2006262N19069,2006,MUKDA,2006-09-25 09:00:00,19.8,66.4,30,1000,TS,NOAA IBTrACS v04r01
2006262N19069,2006,MUKDA,2006-09-25 12:00:00,19.8,66.3,30,1000,TS,NOAA IBTrACS v04r01
2006262N19069,2006,MUKDA,2006-09-25 15:00:00,19.8,66.2,28,1001,TS,NOAA IBTrACS v04r01
2006262N19069,2006,MUKDA,2006-09-25 18:00:00,19.9,66.2,25,1002,DS,NOAA IBTrACS v04r01
2006262N19069,2006,MUKDA,2006-09-25 21:00:00,19.9,66.2,25,1002,DS,NOAA IBTrACS v04r01
2006262N19069,2006,MUKDA,2006-09-26 00:00:00,20.0,66.1,25,1002,DS,NOAA IBTrACS v04r01
2006262N19069,2006,MUKDA,2006-09-26 03:00:00,20.1,66.0,25,1002,DS,NOAA IBTrACS v04r01
2006262N19069,2006,MUKDA,2006-09-26 06:00:00,20.2,65.8,25,1002,DS,NOAA IBTrACS v04r01
2006262N19069,2006,MUKDA,2006-09-26 09:00:00,20.3,65.6,25,1002,DS,NOAA IBTrACS v04r01
2006262N19069,2006,MUKDA,2006-09-26 12:00:00,20.3,65.4,25,1002,DS,NOAA IBTrACS v04r01
2006264N23087,2006,UNNAMED,2006-09-21 03:00:00,23.0,86.5,25,996,TS,NOAA IBTrACS v04r01
2006264N23087,2006,UNNAMED,2006-09-21 06:00:00,23.0,86.5,25,996,TS,NOAA IBTrACS v04r01
2006264N23087,2006,UNNAMED,2006-09-21 09:00:00,23.0,86.5,25,996,TS,NOAA IBTrACS v04r01
2006264N23087,2006,UNNAMED,2006-09-21 12:00:00,23.0,86.5,25,996,TS,NOAA IBTrACS v04r01
2006264N23087,2006,UNNAMED,2006-09-21 15:00:00,23.0,86.5,25,996,TS,NOAA IBTrACS v04r01
2006264N23087,2006,UNNAMED,2006-09-21 18:00:00,23.0,86.5,25,996,TS,NOAA IBTrACS v04r01
2006264N23087,2006,UNNAMED,2006-09-21 21:00:00,23.0,86.5,25,996,TS,NOAA IBTrACS v04r01
2006264N23087,2006,UNNAMED,2006-09-22 00:00:00,23.5,86.0,25,996,TS,NOAA IBTrACS v04r01
2006264N23087,2006,UNNAMED,2006-09-22 03:00:00,23.5,86.0,25,996,TS,NOAA IBTrACS v04r01
2006264N23087,2006,UNNAMED,2006-09-22 06:00:00,23.5,86.0,25,996,TS,NOAA IBTrACS v04r01
2006264N23087,2006,UNNAMED,2006-09-22 09:00:00,23.5,86.0,25,996,TS,NOAA IBTrACS v04r01
2006264N23087,2006,UNNAMED,2006-09-22 12:00:00,23.5,86.0,25,996,TS,NOAA IBTrACS v04r01
2006264N23087,2006,UNNAMED,2006-09-22 15:00:00,23.5,86.0,25,996,TS,NOAA IBTrACS v04r01
2006264N23087,2006,UNNAMED,2006-09-22 18:00:00,23.5,86.0,25,996,TS,NOAA IBTrACS v04r01
2006264N23087,2006,UNNAMED,2006-09-22 21:00:00,23.5,86.0,25,996,TS,NOAA IBTrACS v04r01
2006264N23087,2006,UNNAMED,2006-09-23 00:00:00,23.5,86.0,25,996,TS,NOAA IBTrACS v04r01
2006264N23087,2006,UNNAMED,2006-09-23 03:00:00,23.5,85.5,25,996,TS,NOAA IBTrACS v04r01
2006264N23087,2006,UNNAMED,2006-09-23 06:00:00,23.5,85.5,25,996,TS,NOAA IBTrACS v04r01
2006264N23087,2006,UNNAMED,2006-09-23 09:00:00,23.5,85.5,25,996,TS,NOAA IBTrACS v04r01
2006264N23087,2006,UNNAMED,2006-09-23 12:00:00,23.5,85.5,25,996,TS,NOAA IBTrACS v04r01
2006264N23087,2006,UNNAMED,2006-09-23 15:00:00,23.5,85.5,25,996,TS,NOAA IBTrACS v04r01
2006264N23087,2006,UNNAMED,2006-09-23 18:00:00,23.5,85.5,25,996,TS,NOAA IBTrACS v04r01
2006264N23087,2006,UNNAMED,2006-09-23 21:00:00,23.5,85.5,25,996,TS,NOAA IBTrACS v04r01
2006264N23087,2006,UNNAMED,2006-09-24 00:00:00,23.5,85.5,25,996,TS,NOAA IBTrACS v04r01
2006271N18089,2006,UNNAMED,2006-09-28 00:00:00,17.7,89.4,20,1004,DS,NOAA IBTrACS v04r01
2006271N18089,2006,UNNAMED,2006-09-28 03:00:00,17.8,89.0,25,1002,DS,NOAA IBTrACS v04r01
2006271N18089,2006,UNNAMED,2006-09-28 06:00:00,18.0,88.5,30,1000,DS,NOAA IBTrACS v04r01
2006271N18089,2006,UNNAMED,2006-09-28 09:00:00,18.1,88.2,25,1002,MX,NOAA IBTrACS v04r01
2006271N18089,2006,UNNAMED,2006-09-28 12:00:00,18.4,87.9,25,1002,TS,NOAA IBTrACS v04r01
2006271N18089,2006,UNNAMED,2006-09-28 15:00:00,18.4,87.5,25,1002,TS,NOAA IBTrACS v04r01
2006271N18089,2006,UNNAMED,2006-09-28 18:00:00,18.5,87.2,25,1002,TS,NOAA IBTrACS v04r01
2006271N18089,2006,UNNAMED,2006-09-28 21:00:00,18.8,86.7,25,1002,TS,NOAA IBTrACS v04r01
2006271N18089,2006,UNNAMED,2006-09-29 00:00:00,18.9,86.3,25,1002,TS,NOAA IBTrACS v04r01
2006271N18089,2006,UNNAMED,2006-09-29 03:00:00,18.9,85.9,25,1002,TS,NOAA IBTrACS v04r01
2006271N18089,2006,UNNAMED,2006-09-29 06:00:00,19.0,85.5,25,1002,TS,NOAA IBTrACS v04r01
2006271N18089,2006,UNNAMED,2006-09-29 09:00:00,19.0,85.0,25,1002,TS,NOAA IBTrACS v04r01
2006271N18089,2006,UNNAMED,2006-09-29 12:00:00,19.1,84.5,25,1002,TS,NOAA IBTrACS v04r01
2006271N18089,2006,UNNAMED,2006-09-29 15:00:00,19.2,84.2,25,1002,TS,NOAA IBTrACS v04r01
2006271N18089,2006,UNNAMED,2006-09-29 18:00:00,19.2,84.0,25,1002,MX,NOAA IBTrACS v04r01
2006271N18089,2006,UNNAMED,2006-09-29 21:00:00,19.2,83.4,25,1002,MX,NOAA IBTrACS v04r01
2006271N18089,2006,UNNAMED,2006-09-30 00:00:00,19.4,82.8,25,1002,MX,NOAA IBTrACS v04r01
2006300N07078,2006,UNNAMED,2006-10-27 06:00:00,7.4,78.1,15,1006,DS,NOAA IBTrACS v04r01
2006300N07078,2006,UNNAMED,2006-10-27 09:00:00,8.0,78.2,15,1006,DS,NOAA IBTrACS v04r01
2006300N07078,2006,UNNAMED,2006-10-27 12:00:00,8.6,78.4,15,1006,DS,NOAA IBTrACS v04r01
2006300N07078,2006,UNNAMED,2006-10-27 15:00:00,9.1,78.7,15,1006,DS,NOAA IBTrACS v04r01
2006300N07078,2006,UNNAMED,2006-10-27 18:00:00,9.5,79.1,15,1006,DS,NOAA IBTrACS v04r01
2006300N07078,2006,UNNAMED,2006-10-27 21:00:00,9.9,79.4,15,1006,DS,NOAA IBTrACS v04r01
2006300N07078,2006,UNNAMED,2006-10-28 00:00:00,10.3,79.7,15,1006,DS,NOAA IBTrACS v04r01
2006300N07078,2006,UNNAMED,2006-10-28 03:00:00,10.7,79.8,18,1005,DS,NOAA IBTrACS v04r01
2006300N07078,2006,UNNAMED,2006-10-28 06:00:00,11.2,79.9,20,1004,DS,NOAA IBTrACS v04r01
2006300N07078,2006,UNNAMED,2006-10-28 09:00:00,11.7,80.0,20,1004,DS,NOAA IBTrACS v04r01
2006300N07078,2006,UNNAMED,2006-10-28 12:00:00,12.2,80.2,20,1004,DS,NOAA IBTrACS v04r01
2006300N07078,2006,UNNAMED,2006-10-28 15:00:00,12.6,80.3,23,1003,DS,NOAA IBTrACS v04r01
2006300N07078,2006,UNNAMED,2006-10-28 18:00:00,13.1,80.4,25,1002,DS,NOAA IBTrACS v04r01
2006300N07078,2006,UNNAMED,2006-10-28 21:00:00,13.7,80.5,28,1001,DS,NOAA IBTrACS v04r01
2006300N07078,2006,UNNAMED,2006-10-29 00:00:00,14.2,80.5,25,1002,MX,NOAA IBTrACS v04r01
2006300N07078,2006,UNNAMED,2006-10-29 03:00:00,14.5,80.5,25,1002,MX,NOAA IBTrACS v04r01
2006300N07078,2006,UNNAMED,2006-10-29 06:00:00,14.7,80.5,25,1002,TS,NOAA IBTrACS v04r01
2006300N07078,2006,UNNAMED,2006-10-29 09:00:00,15.0,80.5,30,1000,TS,NOAA IBTrACS v04r01
2006300N07078,2006,UNNAMED,2006-10-29 12:00:00,15.1,80.5,35,998,TS,NOAA IBTrACS v04r01
2006300N07078,2006,UNNAMED,2006-10-29 15:00:00,15.2,80.5,35,998,TS,NOAA IBTrACS v04r01
2006300N07078,2006,UNNAMED,2006-10-29 18:00:00,15.5,80.5,35,998,TS,NOAA IBTrACS v04r01
2006300N07078,2006,UNNAMED,2006-10-29 21:00:00,15.6,80.4,35,998,TS,NOAA IBTrACS v04r01
2006300N07078,2006,UNNAMED,2006-10-30 00:00:00,15.6,80.4,35,998,TS,NOAA IBTrACS v04r01
2006300N07078,2006,UNNAMED,2006-10-30 03:00:00,15.7,80.2,35,1000,TS,NOAA IBTrACS v04r01
2006300N07078,2006,UNNAMED,2006-10-30 06:00:00,15.8,80.2,30,1002,TS,NOAA IBTrACS v04r01
2006300N07078,2006,UNNAMED,2006-10-30 09:00:00,15.9,80.1,25,1004,TS,NOAA IBTrACS v04r01
2006300N07078,2006,UNNAMED,2006-10-30 12:00:00,16.0,79.9,30,1000,DS,NOAA IBTrACS v04r01
2006329N06150,2006,DURIAN,2006-11-24 12:00:00,6.1,149.8,15,1006,DS,NOAA IBTrACS v04r01
2006329N06150,2006,DURIAN,2006-11-24 15:00:00,6.2,149.3,15,1006,DS,NOAA IBTrACS v04r01
2006329N06150,2006,DURIAN,2006-11-24 18:00:00,6.4,148.8,15,1006,DS,NOAA IBTrACS v04r01
2006329N06150,2006,DURIAN,2006-11-24 21:00:00,6.7,148.3,18,1005,DS,NOAA IBTrACS v04r01
2006329N06150,2006,DURIAN,2006-11-25 00:00:00,7.1,147.9,20,1004,DS,NOAA IBTrACS v04r01
2006329N06150,2006,DURIAN,2006-11-25 03:00:00,7.5,147.5,20,1004,DS,NOAA IBTrACS v04r01
2006329N06150,2006,DURIAN,2006-11-25 06:00:00,8.4,147.1,20,1004,MX,NOAA IBTrACS v04r01
2006329N06150,2006,DURIAN,2006-11-25 09:00:00,8.8,146.6,23,1003,MX,NOAA IBTrACS v04r01
2006329N06150,2006,DURIAN,2006-11-25 12:00:00,9.0,146.1,25,1004,TS,NOAA IBTrACS v04r01
2006329N06150,2006,DURIAN,2006-11-25 15:00:00,9.2,145.7,28,1001,TS,NOAA IBTrACS v04r01
2006329N06150,2006,DURIAN,2006-11-25 18:00:00,9.4,145.3,30,1004,TS,NOAA IBTrACS v04r01
2006329N06150,2006,DURIAN,2006-11-25 21:00:00,9.6,144.7,30,1000,TS,NOAA IBTrACS v04r01
2006329N06150,2006,DURIAN,2006-11-26 00:00:00,9.8,144.1,30,1002,TS,NOAA IBTrACS v04r01
2006329N06150,2006,DURIAN,2006-11-26 03:00:00,9.9,143.5,33,999,TS,NOAA IBTrACS v04r01
2006329N06150,2006,DURIAN,2006-11-26 06:00:00,10.0,142.8,35,1002,TS,NOAA IBTrACS v04r01
2006329N06150,2006,DURIAN,2006-11-26 09:00:00,10.1,142.2,35,997,TS,NOAA IBTrACS v04r01
2006329N06150,2006,DURIAN,2006-11-26 12:00:00,10.2,141.7,35,1000,TS,NOAA IBTrACS v04r01
2006329N06150,2006,DURIAN,2006-11-26 15:00:00,10.2,141.1,35,997,TS,NOAA IBTrACS v04r01
2006329N06150,2006,DURIAN,2006-11-26 18:00:00,10.3,140.6,35,1000,TS,NOAA IBTrACS v04r01
2006329N06150,2006,DURIAN,2006-11-26 21:00:00,10.3,140.1,35,997,TS,NOAA IBTrACS v04r01
2006329N06150,2006,DURIAN,2006-11-27 00:00:00,10.3,139.7,40,1000,TS,NOAA IBTrACS v04r01
2006329N06150,2006,DURIAN,2006-11-27 03:00:00,10.4,139.2,38,996,TS,NOAA IBTrACS v04r01
2006329N06150,2006,DURIAN,2006-11-27 06:00:00,10.5,138.7,40,998,TS,NOAA IBTrACS v04r01
2006329N06150,2006,DURIAN,2006-11-27 09:00:00,10.6,138.2,43,993,TS,NOAA IBTrACS v04r01
2006329N06150,2006,DURIAN,2006-11-27 12:00:00,10.7,137.7,45,994,TS,NOAA IBTrACS v04r01
2006329N06150,2006,DURIAN,2006-11-27 15:00:00,10.7,137.0,48,989,TS,NOAA IBTrACS v04r01
2006329N06150,2006,DURIAN,2006-11-27 18:00:00,10.8,136.3,50,990,TS,NOAA IBTrACS v04r01
2006329N06150,2006,DURIAN,2006-11-27 21:00:00,11.0,135.4,53,986,TS,NOAA IBTrACS v04r01
2006329N06150,2006,DURIAN,2006-11-28 00:00:00,11.3,134.6,50,985,TS,NOAA IBTrACS v04r01
2006329N06150,2006,DURIAN,2006-11-28 03:00:00,11.6,133.8,58,982,TS,NOAA IBTrACS v04r01
2006329N06150,2006,DURIAN,2006-11-28 06:00:00,11.8,133.1,55,980,TS,NOAA IBTrACS v04r01
2006329N06150,2006,DURIAN,2006-11-28 09:00:00,12.0,132.3,63,978,TS,NOAA IBTrACS v04r01
2006329N06150,2006,DURIAN,2006-11-28 12:00:00,12.2,131.6,60,975,TS,NOAA IBTrACS v04r01
2006329N06150,2006,DURIAN,2006-11-28 15:00:00,12.4,130.8,70,972,TS,NOAA IBTrACS v04r01
2006329N06150,2006,DURIAN,2006-11-28 18:00:00,12.6,130.1,70,965,TS,NOAA IBTrACS v04r01
2006329N06150,2006,DURIAN,2006-11-28 21:00:00,12.8,129.3,83,961,TS,NOAA IBTrACS v04r01
2006329N06150,2006,DURIAN,2006-11-29 00:00:00,12.9,128.6,80,950,TS,NOAA IBTrACS v04r01
2006329N06150,2006,DURIAN,2006-11-29 03:00:00,13.1,127.9,108,935,TS,NOAA IBTrACS v04r01
2006329N06150,2006,DURIAN,2006-11-29 06:00:00,13.2,127.3,100,925,TS,NOAA IBTrACS v04r01
2006329N06150,2006,DURIAN,2006-11-29 09:00:00,13.2,126.8,130,910,TS,NOAA IBTrACS v04r01
2006329N06150,2006,DURIAN,2006-11-29 12:00:00,13.3,126.4,105,915,TS,NOAA IBTrACS v04r01
2006329N06150,2006,DURIAN,2006-11-29 15:00:00,13.3,125.9,133,907,TS,NOAA IBTrACS v04r01
2006329N06150,2006,DURIAN,2006-11-29 18:00:00,13.4,125.4,100,925,TS,NOAA IBTrACS v04r01
2006329N06150,2006,DURIAN,2006-11-29 21:00:00,13.4,125.0,133,907,TS,NOAA IBTrACS v04r01
2006329N06150,2006,DURIAN,2006-11-30 00:00:00,13.4,124.6,90,940,TS,NOAA IBTrACS v04r01
2006329N06150,2006,DURIAN,2006-11-30 03:00:00,13.4,124.1,130,910,TS,NOAA IBTrACS v04r01
2006329N06150,2006,DURIAN,2006-11-30 06:00:00,13.4,123.6,90,940,TS,NOAA IBTrACS v04r01
2006329N06150,2006,DURIAN,2006-11-30 09:00:00,13.5,123.0,120,922,TS,NOAA IBTrACS v04r01
2006329N06150,2006,DURIAN,2006-11-30 12:00:00,13.5,122.4,80,950,TS,NOAA IBTrACS v04r01
2006329N06150,2006,DURIAN,2006-11-30 15:00:00,13.5,121.8,108,936,TS,NOAA IBTrACS v04r01
2006329N06150,2006,DURIAN,2006-11-30 18:00:00,13.5,121.2,75,960,TS,NOAA IBTrACS v04r01
2006329N06150,2006,DURIAN,2006-11-30 21:00:00,13.5,120.6,98,947,TS,NOAA IBTrACS v04r01
2006329N06150,2006,DURIAN,2006-12-01 00:00:00,13.6,120.1,75,960,TS,NOAA IBTrACS v04r01
2006329N06150,2006,DURIAN,2006-12-01 03:00:00,13.6,119.7,93,952,TS,NOAA IBTrACS v04r01
2006329N06150,2006,DURIAN,2006-12-01 06:00:00,13.6,119.3,70,965,TS,NOAA IBTrACS v04r01
2006329N06150,2006,DURIAN,2006-12-01 09:00:00,13.6,119.0,85,959,TS,NOAA IBTrACS v04r01
2006329N06150,2006,DURIAN,2006-12-01 12:00:00,13.6,118.6,70,965,TS,NOAA IBTrACS v04r01
2006329N06150,2006,DURIAN,2006-12-01 15:00:00,13.5,118.2,80,963,TS,NOAA IBTrACS v04r01
2006329N06150,2006,DURIAN,2006-12-01 18:00:00,13.5,117.8,70,965,TS,NOAA IBTrACS v04r01
2006329N06150,2006,DURIAN,2006-12-01 21:00:00,13.6,117.3,78,965,TS,NOAA IBTrACS v04r01
2006329N06150,2006,DURIAN,2006-12-02 00:00:00,13.6,117.0,70,965,TS,NOAA IBTrACS v04r01
2006329N06150,2006,DURIAN,2006-12-02 03:00:00,13.7,116.7,75,967,TS,NOAA IBTrACS v04r01
2006329N06150,2006,DURIAN,2006-12-02 06:00:00,13.7,116.4,70,965,TS,NOAA IBTrACS v04r01
2006329N06150,2006,DURIAN,2006-12-02 09:00:00,13.8,116.0,75,967,TS,NOAA IBTrACS v04r01
2006329N06150,2006,DURIAN,2006-12-02 12:00:00,13.9,115.6,70,965,TS,NOAA IBTrACS v04r01
2006329N06150,2006,DURIAN,2006-12-02 15:00:00,13.9,115.1,83,961,TS,NOAA IBTrACS v04r01
2006329N06150,2006,DURIAN,2006-12-02 18:00:00,13.9,114.7,75,960,TS,NOAA IBTrACS v04r01
2006329N06150,2006,DURIAN,2006-12-02 21:00:00,13.9,114.3,90,954,TS,NOAA IBTrACS v04r01
2006329N06150,2006,DURIAN,2006-12-03 00:00:00,13.8,114.0,75,955,TS,NOAA IBTrACS v04r01
2006329N06150,2006,DURIAN,2006-12-03 03:00:00,13.8,113.6,90,954,TS,NOAA IBTrACS v04r01
2006329N06150,2006,DURIAN,2006-12-03 06:00:00,13.7,113.3,75,955,TS,NOAA IBTrACS v04r01
2006329N06150,2006,DURIAN,2006-12-03 09:00:00,13.6,113.0,90,954,TS,NOAA IBTrACS v04r01
2006329N06150,2006,DURIAN,2006-12-03 12:00:00,13.5,112.8,75,955,TS,NOAA IBTrACS v04r01
2006329N06150,2006,DURIAN,2006-12-03 15:00:00,13.3,112.4,85,959,TS,NOAA IBTrACS v04r01
2006329N06150,2006,DURIAN,2006-12-03 18:00:00,13.1,112.1,75,960,TS,NOAA IBTrACS v04r01
2006329N06150,2006,DURIAN,2006-12-03 21:00:00,12.9,111.7,73,970,TS,NOAA IBTrACS v04r01
2006329N06150,2006,DURIAN,2006-12-04 00:00:00,12.6,111.3,65,970,TS,NOAA IBTrACS v04r01
2006329N06150,2006,DURIAN,2006-12-04 03:00:00,12.1,110.9,58,982,TS,NOAA IBTrACS v04r01
2006329N06150,2006,DURIAN,2006-12-04 06:00:00,11.7,110.4,60,980,TS,NOAA IBTrACS v04r01
2006329N06150,2006,DURIAN,2006-12-04 09:00:00,11.3,110.0,53,986,TS,NOAA IBTrACS v04r01
2006329N06150,2006,DURIAN,2006-12-04 12:00:00,11.0,109.6,60,980,TS,NOAA IBTrACS v04r01
2006329N06150,2006,DURIAN,2006-12-04 15:00:00,10.7,109.0,60,980,TS,NOAA IBTrACS v04r01
2006329N06150,2006,DURIAN,2006-12-04 18:00:00,10.4,108.4,60,980,TS,NOAA IBTrACS v04r01
2006329N06150,2006,DURIAN,2006-12-04 21:00:00,10.2,107.7,60,980,TS,NOAA IBTrACS v04r01
2006329N06150,2006,DURIAN,2006-12-05 00:00:00,10.0,107.0,45,990,TS,NOAA IBTrACS v04r01
2006329N06150,2006,DURIAN,2006-12-05 03:00:00,9.6,106.4,50,988,TS,NOAA IBTrACS v04r01
2006329N06150,2006,DURIAN,2006-12-05 06:00:00,9.2,105.6,45,1004,TS,NOAA IBTrACS v04r01
2006329N06150,2006,DURIAN,2006-12-05 09:00:00,8.8,104.6,40,994,TS,NOAA IBTrACS v04r01
2006329N06150,2006,DURIAN,2006-12-05 12:00:00,8.7,103.6,35,1006,TS,NOAA IBTrACS v04r01
2006329N06150,2006,DURIAN,2006-12-05 15:00:00,8.7,102.8,30,1000,TS,NOAA IBTrACS v04r01
2006329N06150,2006,DURIAN,2006-12-05 18:00:00,8.9,102.1,25,1008,TS,NOAA IBTrACS v04r01
2006329N06150,2006,DURIAN,2006-12-05 21:00:00,9.0,101.4,25,1002,TS,NOAA IBTrACS v04r01
2006329N06150,2006,DURIAN,2006-12-06 00:00:00,9.1,100.7,25,1002,TS,NOAA IBTrACS v04r01
2006329N06150,2006,DURIAN,2006-12-06 03:00:00,9.2,100.2,23,1003,TS,NOAA IBTrACS v04r01
2006329N06150,2006,DURIAN,2006-12-06 06:00:00,9.5,99.5,20,1004,TS,NOAA IBTrACS v04r01
2006329N06150,2006,DURIAN,2006-12-06 09:00:00,9.7,98.8,20,1004,TS,NOAA IBTrACS v04r01
2006329N06150,2006,DURIAN,2006-12-06 12:00:00,9.9,98.2,20,1004,TS,NOAA IBTrACS v04r01
2006329N06150,2006,DURIAN,2006-12-06 15:00:00,10.1,97.7,20,1004,TS,NOAA IBTrACS v04r01
2006329N06150,2006,DURIAN,2006-12-06 18:00:00,10.2,97.1,20,1004,TS,NOAA IBTrACS v04r01
2006329N06150,2006,DURIAN,2006-12-06 21:00:00,10.3,96.4,20,1004,TS,NOAA IBTrACS v04r01
2006329N06150,2006,DURIAN,2006-12-07 00:00:00,10.4,95.7,20,1004,TS,NOAA IBTrACS v04r01
2006329N06150,2006,DURIAN,2006-12-07 03:00:00,10.6,95.1,20,1004,TS,NOAA IBTrACS v04r01
2006329N06150,2006,DURIAN,2006-12-07 06:00:00,10.7,94.5,20,1004,TS,NOAA IBTrACS v04r01
2006329N06150,2006,DURIAN,2006-12-07 09:00:00,10.7,93.9,20,1004,TS,NOAA IBTrACS v04r01
2006329N06150,2006,DURIAN,2006-12-07 12:00:00,10.7,93.4,20,1004,TS,NOAA IBTrACS v04r01
2006329N06150,2006,DURIAN,2006-12-07 15:00:00,10.7,92.8,20,1004,TS,NOAA IBTrACS v04r01
2006329N06150,2006,DURIAN,2006-12-07 18:00:00,10.7,92.2,20,1004,DS,NOAA IBTrACS v04r01
2006329N06150,2006,DURIAN,2006-12-07 21:00:00,10.7,91.7,20,1004,DS,NOAA IBTrACS v04r01
2006329N06150,2006,DURIAN,2006-12-08 00:00:00,10.7,91.2,20,1004,DS,NOAA IBTrACS v04r01
2006329N06150,2006,DURIAN,2006-12-08 03:00:00,10.7,90.5,20,1004,DS,NOAA IBTrACS v04r01
2006329N06150,2006,DURIAN,2006-12-08 06:00:00,10.8,89.8,20,1004,DS,NOAA IBTrACS v04r01
2006329N06150,2006,DURIAN,2006-12-08 09:00:00,10.8,89.2,20,1004,DS,NOAA IBTrACS v04r01
2006329N06150,2006,DURIAN,2006-12-08 12:00:00,10.9,88.7,20,1004,DS,NOAA IBTrACS v04r01
2006329N06150,2006,DURIAN,2006-12-08 15:00:00,11.0,88.0,18,1005,DS,NOAA IBTrACS v04r01
2006329N06150,2006,DURIAN,2006-12-08 18:00:00,11.1,87.3,15,1006,DS,NOAA IBTrACS v04r01
2006329N06150,2006,DURIAN,2006-12-08 21:00:00,11.1,86.7,15,1006,DS,NOAA IBTrACS v04r01
2006329N06150,2006,DURIAN,2006-12-09 00:00:00,11.2,86.0,15,1006,DS,NOAA IBTrACS v04r01
2006329N06150,2006,DURIAN,2006-12-09 03:00:00,11.3,85.2,15,1006,DS,NOAA IBTrACS v04r01
2006329N06150,2006,DURIAN,2006-12-09 06:00:00,11.4,84.5,15,1006,DS,NOAA IBTrACS v04r01
2006329N06150,2006,DURIAN,2006-12-09 09:00:00,11.4,83.9,15,1006,DS,NOAA IBTrACS v04r01
2006329N06150,2006,DURIAN,2006-12-09 12:00:00,11.5,83.3,15,1006,DS,NOAA IBTrACS v04r01
2006329N06150,2006,DURIAN,2006-12-09 15:00:00,11.6,82.6,15,1006,DS,NOAA IBTrACS v04r01
2006329N06150,2006,DURIAN,2006-12-09 18:00:00,11.7,81.8,15,1006,DS,NOAA IBTrACS v04r01
2007133N15091,2007,AKASH,2007-05-12 21:00:00,15.0,90.5,25,998,TS,NOAA IBTrACS v04r01
2007133N15091,2007,AKASH,2007-05-13 00:00:00,14.8,90.7,25,998,MX,NOAA IBTrACS v04r01
2007133N15091,2007,AKASH,2007-05-13 03:00:00,14.9,90.8,25,996,MX,NOAA IBTrACS v04r01
2007133N15091,2007,AKASH,2007-05-13 06:00:00,15.2,90.8,25,996,MX,NOAA IBTrACS v04r01
2007133N15091,2007,AKASH,2007-05-13 09:00:00,15.4,90.9,25,996,MX,NOAA IBTrACS v04r01
2007133N15091,2007,AKASH,2007-05-13 12:00:00,15.6,90.9,25,996,MX,NOAA IBTrACS v04r01
2007133N15091,2007,AKASH,2007-05-13 15:00:00,16.0,90.9,30,994,MX,NOAA IBTrACS v04r01
2007133N15091,2007,AKASH,2007-05-13 18:00:00,16.2,90.9,30,994,TS,NOAA IBTrACS v04r01
2007133N15091,2007,AKASH,2007-05-13 21:00:00,16.6,91.3,35,990,TS,NOAA IBTrACS v04r01
2007133N15091,2007,AKASH,2007-05-14 00:00:00,17.2,91.4,45,988,TS,NOAA IBTrACS v04r01
2007133N15091,2007,AKASH,2007-05-14 03:00:00,17.9,91.6,45,988,TS,NOAA IBTrACS v04r01
2007133N15091,2007,AKASH,2007-05-14 06:00:00,18.8,91.6,45,988,TS,NOAA IBTrACS v04r01
2007133N15091,2007,AKASH,2007-05-14 09:00:00,19.3,91.7,45,988,TS,NOAA IBTrACS v04r01
2007133N15091,2007,AKASH,2007-05-14 12:00:00,19.9,91.9,45,988,TS,NOAA IBTrACS v04r01
2007133N15091,2007,AKASH,2007-05-14 15:00:00,20.6,92.0,45,988,TS,NOAA IBTrACS v04r01
2007133N15091,2007,AKASH,2007-05-14 18:00:00,21.2,92.1,65,976,TS,NOAA IBTrACS v04r01
2007133N15091,2007,AKASH,2007-05-14 21:00:00,22.1,92.2,55,983,TS,NOAA IBTrACS v04r01
2007133N15091,2007,AKASH,2007-05-15 00:00:00,23.0,92.4,45,989,TS,NOAA IBTrACS v04r01
2007151N14072,2007,GONU,2007-05-31 06:00:00,13.7,71.6,15,1006,DS,NOAA IBTrACS v04r01
2007151N14072,2007,GONU,2007-05-31 09:00:00,13.9,71.7,15,1006,DS,NOAA IBTrACS v04r01
2007151N14072,2007,GONU,2007-05-31 12:00:00,14.0,71.7,15,1006,DS,NOAA IBTrACS v04r01
2007151N14072,2007,GONU,2007-05-31 15:00:00,14.1,71.7,15,1006,DS,NOAA IBTrACS v04r01
2007151N14072,2007,GONU,2007-05-31 18:00:00,14.2,71.5,15,1006,DS,NOAA IBTrACS v04r01
2007151N14072,2007,GONU,2007-05-31 21:00:00,14.3,71.3,15,1006,DS,NOAA IBTrACS v04r01
2007151N14072,2007,GONU,2007-06-01 00:00:00,14.4,70.9,15,1006,DS,NOAA IBTrACS v04r01
2007151N14072,2007,GONU,2007-06-01 03:00:00,14.5,70.5,23,1003,DS,NOAA IBTrACS v04r01
2007151N14072,2007,GONU,2007-06-01 06:00:00,14.7,70.0,30,1000,TS,NOAA IBTrACS v04r01
2007151N14072,2007,GONU,2007-06-01 09:00:00,14.9,69.4,30,1000,TS,NOAA IBTrACS v04r01
2007151N14072,2007,GONU,2007-06-01 12:00:00,15.0,68.8,30,1000,TS,NOAA IBTrACS v04r01
2007151N14072,2007,GONU,2007-06-01 15:00:00,15.1,68.5,30,1000,TS,NOAA IBTrACS v04r01
2007151N14072,2007,GONU,2007-06-01 18:00:00,15.1,68.2,25,1002,TS,NOAA IBTrACS v04r01
2007151N14072,2007,GONU,2007-06-01 21:00:00,15.1,68.0,25,1002,TS,NOAA IBTrACS v04r01
2007151N14072,2007,GONU,2007-06-02 00:00:00,15.1,67.9,25,1002,TS,NOAA IBTrACS v04r01
2007151N14072,2007,GONU,2007-06-02 03:00:00,15.0,67.5,30,1000,TS,NOAA IBTrACS v04r01
2007151N14072,2007,GONU,2007-06-02 06:00:00,15.0,67.2,45,989,TS,NOAA IBTrACS v04r01
2007151N14072,2007,GONU,2007-06-02 09:00:00,15.1,67.1,35,998,TS,NOAA IBTrACS v04r01
2007151N14072,2007,GONU,2007-06-02 12:00:00,15.2,67.1,45,992,TS,NOAA IBTrACS v04r01
2007151N14072,2007,GONU,2007-06-02 15:00:00,15.2,67.1,45,992,TS,NOAA IBTrACS v04r01
2007151N14072,2007,GONU,2007-06-02 18:00:00,15.3,67.1,45,992,TS,NOAA IBTrACS v04r01
2007151N14072,2007,GONU,2007-06-02 21:00:00,15.4,66.9,45,992,TS,NOAA IBTrACS v04r01
2007151N14072,2007,GONU,2007-06-03 00:00:00,15.8,67.0,55,988,TS,NOAA IBTrACS v04r01
2007151N14072,2007,GONU,2007-06-03 03:00:00,16.0,67.1,55,988,TS,NOAA IBTrACS v04r01
2007151N14072,2007,GONU,2007-06-03 06:00:00,16.5,67.1,55,988,TS,NOAA IBTrACS v04r01
2007151N14072,2007,GONU,2007-06-03 09:00:00,16.9,66.9,55,988,TS,NOAA IBTrACS v04r01
2007151N14072,2007,GONU,2007-06-03 12:00:00,17.5,66.7,55,988,TS,NOAA IBTrACS v04r01
2007151N14072,2007,GONU,2007-06-03 15:00:00,17.6,66.5,55,988,TS,NOAA IBTrACS v04r01
2007151N14072,2007,GONU,2007-06-03 18:00:00,18.0,66.1,65,980,TS,NOAA IBTrACS v04r01
2007151N14072,2007,GONU,2007-06-03 21:00:00,18.1,65.9,65,980,TS,NOAA IBTrACS v04r01
2007151N14072,2007,GONU,2007-06-04 00:00:00,18.6,65.3,77,974,TS,NOAA IBTrACS v04r01
2007151N14072,2007,GONU,2007-06-04 03:00:00,18.7,65.1,90,960,TS,NOAA IBTrACS v04r01
2007151N14072,2007,GONU,2007-06-04 06:00:00,19.1,64.7,102,952,TS,NOAA IBTrACS v04r01
2007151N14072,2007,GONU,2007-06-04 09:00:00,19.5,64.5,115,934,TS,NOAA IBTrACS v04r01
2007151N14072,2007,GONU,2007-06-04 12:00:00,20.0,64.1,115,934,TS,NOAA IBTrACS v04r01
2007151N14072,2007,GONU,2007-06-04 15:00:00,20.1,63.8,127,920,TS,NOAA IBTrACS v04r01
2007151N14072,2007,GONU,2007-06-04 18:00:00,20.5,63.4,127,920,TS,NOAA IBTrACS v04r01
2007151N14072,2007,GONU,2007-06-04 21:00:00,20.6,63.2,115,935,TS,NOAA IBTrACS v04r01
2007151N14072,2007,GONU,2007-06-05 00:00:00,20.7,62.8,115,936,TS,NOAA IBTrACS v04r01
2007151N14072,2007,GONU,2007-06-05 03:00:00,21.0,62.0,115,936,TS,NOAA IBTrACS v04r01
2007151N14072,2007,GONU,2007-06-05 06:00:00,21.4,61.6,102,950,TS,NOAA IBTrACS v04r01
2007151N14072,2007,GONU,2007-06-05 09:00:00,21.4,61.2,102,950,TS,NOAA IBTrACS v04r01
2007151N14072,2007,GONU,2007-06-05 12:00:00,21.6,61.1,90,960,TS,NOAA IBTrACS v04r01
2007151N14072,2007,GONU,2007-06-05 15:00:00,21.9,60.9,77,970,TS,NOAA IBTrACS v04r01
2007151N14072,2007,GONU,2007-06-05 18:00:00,22.0,60.6,77,970,TS,NOAA IBTrACS v04r01
2007151N14072,2007,GONU,2007-06-05 21:00:00,22.4,60.4,77,970,TS,NOAA IBTrACS v04r01
2007151N14072,2007,GONU,2007-06-06 00:00:00,22.6,59.8,77,970,TS,NOAA IBTrACS v04r01
2007151N14072,2007,GONU,2007-06-06 03:00:00,22.9,59.4,77,970,TS,NOAA IBTrACS v04r01
2007151N14072,2007,GONU,2007-06-06 06:00:00,23.3,59.5,77,970,TS,NOAA IBTrACS v04r01
2007151N14072,2007,GONU,2007-06-06 09:00:00,23.5,59.4,77,970,TS,NOAA IBTrACS v04r01
2007151N14072,2007,GONU,2007-06-06 12:00:00,23.9,59.1,77,970,TS,NOAA IBTrACS v04r01
2007151N14072,2007,GONU,2007-06-06 15:00:00,24.1,59.0,77,970,TS,NOAA IBTrACS v04r01
2007151N14072,2007,GONU,2007-06-06 18:00:00,24.5,59.0,65,978,TS,NOAA IBTrACS v04r01
2007151N14072,2007,GONU,2007-06-06 21:00:00,24.8,58.8,55,984,TS,NOAA IBTrACS v04r01
2007151N14072,2007,GONU,2007-06-07 00:00:00,24.9,58.6,45,988,TS,NOAA IBTrACS v04r01
2007151N14072,2007,GONU,2007-06-07 03:00:00,25.0,58.4,45,988,TS,NOAA IBTrACS v04r01
2007151N14072,2007,GONU,2007-06-07 06:00:00,24.9,58.3,45,989,TS,NOAA IBTrACS v04r01
2007151N14072,2007,GONU,2007-06-07 09:00:00,25.0,58.2,40,993,TS,NOAA IBTrACS v04r01
2007151N14072,2007,GONU,2007-06-07 12:00:00,25.1,58.2,35,996,TS,NOAA IBTrACS v04r01
2007151N14072,2007,GONU,2007-06-07 15:00:00,25.3,58.2,30,999,TS,NOAA IBTrACS v04r01
2007151N14072,2007,GONU,2007-06-07 18:00:00,25.5,58.1,25,1002,TS,NOAA IBTrACS v04r01
2007151N14072,2007,GONU,2007-06-07 21:00:00,25.7,58.0,20,1004,TS,NOAA IBTrACS v04r01
2007151N14072,2007,GONU,2007-06-08 00:00:00,25.9,57.8,15,1006,DS,NOAA IBTrACS v04r01
2007172N15088,2007,UNNAMED,2007-06-20 18:00:00,14.5,88.4,25,1004,DS,NOAA IBTrACS v04r01
2007172N15088,2007,UNNAMED,2007-06-20 21:00:00,15.0,87.8,28,1000,DS,NOAA IBTrACS v04r01
2007172N15088,2007,UNNAMED,2007-06-21 00:00:00,15.4,87.1,30,995,TS,NOAA IBTrACS v04r01
2007172N15088,2007,UNNAMED,2007-06-21 03:00:00,15.6,86.2,30,995,TS,NOAA IBTrACS v04r01
2007172N15088,2007,UNNAMED,2007-06-21 06:00:00,15.7,85.3,30,994,TS,NOAA IBTrACS v04r01
2007172N15088,2007,UNNAMED,2007-06-21 09:00:00,15.8,84.7,30,997,TS,NOAA IBTrACS v04r01
2007172N15088,2007,UNNAMED,2007-06-21 12:00:00,15.9,84.1,30,1000,TS,NOAA IBTrACS v04r01
2007172N15088,2007,UNNAMED,2007-06-21 15:00:00,15.9,83.5,30,1000,TS,NOAA IBTrACS v04r01
2007172N15088,2007,UNNAMED,2007-06-21 18:00:00,15.8,82.9,30,1000,TS,NOAA IBTrACS v04r01
2007172N15088,2007,UNNAMED,2007-06-21 21:00:00,15.8,82.3,30,1000,TS,NOAA IBTrACS v04r01
2007172N15088,2007,UNNAMED,2007-06-22 00:00:00,15.7,81.7,30,1000,TS,NOAA IBTrACS v04r01
2007172N15088,2007,UNNAMED,2007-06-22 03:00:00,15.4,80.9,30,1000,TS,NOAA IBTrACS v04r01
2007172N15088,2007,UNNAMED,2007-06-22 06:00:00,15.3,80.2,30,1000,TS,NOAA IBTrACS v04r01
2007172N15088,2007,UNNAMED,2007-06-22 09:00:00,15.7,79.6,28,1002,TS,NOAA IBTrACS v04r01
2007172N15088,2007,UNNAMED,2007-06-22 12:00:00,16.3,79.0,25,1004,TS,NOAA IBTrACS v04r01
2007172N15088,2007,UNNAMED,2007-06-22 15:00:00,16.6,78.5,20,1007,TS,NOAA IBTrACS v04r01
2007172N15088,2007,UNNAMED,2007-06-22 18:00:00,17.0,78.1,15,1010,DS,NOAA IBTrACS v04r01
2007172N15088,2007,UNNAMED,2007-06-22 21:00:00,17.5,77.8,18,1009,DS,NOAA IBTrACS v04r01
2007172N15088,2007,UNNAMED,2007-06-23 00:00:00,18.0,77.5,20,1007,DS,NOAA IBTrACS v04r01
2007172N15088,2007,UNNAMED,2007-06-23 03:00:00,18.7,77.1,20,1007,DS,NOAA IBTrACS v04r01
2007172N15088,2007,UNNAMED,2007-06-23 06:00:00,19.3,76.6,20,1007,DS,NOAA IBTrACS v04r01
2007172N15088,2007,UNNAMED,2007-06-23 09:00:00,19.7,76.0,20,1007,DS,NOAA IBTrACS v04r01
2007172N15088,2007,UNNAMED,2007-06-23 12:00:00,20.1,75.4,20,1007,DS,NOAA IBTrACS v04r01
2007172N15088,2007,UNNAMED,2007-06-23 15:00:00,20.5,74.8,20,1007,DS,NOAA IBTrACS v04r01
2007172N15088,2007,UNNAMED,2007-06-23 18:00:00,20.8,74.2,20,1007,DS,NOAA IBTrACS v04r01
2007172N15088,2007,UNNAMED,2007-06-23 21:00:00,21.1,73.6,20,1007,DS,NOAA IBTrACS v04r01
2007172N15088,2007,UNNAMED,2007-06-24 00:00:00,21.3,72.9,20,1007,DS,NOAA IBTrACS v04r01
2007172N15088,2007,UNNAMED,2007-06-24 03:00:00,21.4,72.2,23,1006,DS,NOAA IBTrACS v04r01
2007172N15088,2007,UNNAMED,2007-06-24 06:00:00,21.5,71.6,25,1004,TS,NOAA IBTrACS v04r01
2007172N15088,2007,UNNAMED,2007-06-24 09:00:00,21.7,71.0,23,1006,TS,NOAA IBTrACS v04r01
2007172N15088,2007,UNNAMED,2007-06-24 12:00:00,21.9,70.4,20,1007,DS,NOAA IBTrACS v04r01
2007172N15088,2007,UNNAMED,2007-06-24 15:00:00,22.0,69.8,20,1007,DS,NOAA IBTrACS v04r01
2007172N15088,2007,UNNAMED,2007-06-24 18:00:00,22.1,69.2,20,1007,TS,NOAA IBTrACS v04r01
2007172N15088,2007,UNNAMED,2007-06-24 21:00:00,22.2,68.6,25,1004,TS,NOAA IBTrACS v04r01
2007172N15088,2007,UNNAMED,2007-06-25 00:00:00,22.3,68.0,30,1000,TS,NOAA IBTrACS v04r01
2007172N15088,2007,UNNAMED,2007-06-25 03:00:00,22.7,67.6,25,992,TS,NOAA IBTrACS v04r01
2007172N15088,2007,UNNAMED,2007-06-25 06:00:00,23.1,67.4,25,992,TS,NOAA IBTrACS v04r01
2007172N15088,2007,UNNAMED,2007-06-25 09:00:00,23.3,67.0,25,990,TS,NOAA IBTrACS v04r01
2007172N15088,2007,UNNAMED,2007-06-25 12:00:00,23.6,66.6,30,988,TS,NOAA IBTrACS v04r01
2007172N15088,2007,UNNAMED,2007-06-25 15:00:00,23.8,66.4,30,988,TS,NOAA IBTrACS v04r01
2007172N15088,2007,UNNAMED,2007-06-25 18:00:00,24.0,66.0,30,988,TS,NOAA IBTrACS v04r01
2007172N15088,2007,UNNAMED,2007-06-25 21:00:00,24.3,65.8,35,986,TS,NOAA IBTrACS v04r01
2007172N15088,2007,UNNAMED,2007-06-26 00:00:00,24.8,65.3,35,988,TS,NOAA IBTrACS v04r01
2007172N15088,2007,UNNAMED,2007-06-26 03:00:00,25.4,64.8,50,985,TS,NOAA IBTrACS v04r01
2007172N15088,2007,UNNAMED,2007-06-26 06:00:00,25.7,64.2,50,985,TS,NOAA IBTrACS v04r01
2007172N15088,2007,UNNAMED,2007-06-26 09:00:00,26.0,63.6,45,989,TS,NOAA IBTrACS v04r01
2007172N15088,2007,UNNAMED,2007-06-26 12:00:00,26.2,63.1,40,993,TS,NOAA IBTrACS v04r01
2007172N15088,2007,UNNAMED,2007-06-26 15:00:00,26.2,62.7,35,997,TS,NOAA IBTrACS v04r01
2007172N15088,2007,UNNAMED,2007-06-26 18:00:00,26.3,62.6,30,1000,TS,NOAA IBTrACS v04r01
2007172N15088,2007,UNNAMED,2007-06-26 21:00:00,26.7,62.7,28,1003,TS,NOAA IBTrACS v04r01
2007172N15088,2007,UNNAMED,2007-06-27 00:00:00,27.2,62.9,25,1005,TS,NOAA IBTrACS v04r01
2007172N15088,2007,UNNAMED,2007-06-27 03:00:00,27.5,63.3,23,1006,TS,NOAA IBTrACS v04r01
2007172N15088,2007,UNNAMED,2007-06-27 06:00:00,27.8,63.6,20,1007,DS,NOAA IBTrACS v04r01
2007172N15088,2007,UNNAMED,2007-06-27 09:00:00,28.1,63.7,20,1007,DS,NOAA IBTrACS v04r01
2007172N15088,2007,UNNAMED,2007-06-27 12:00:00,28.5,63.6,20,1007,DS,NOAA IBTrACS v04r01
2007178N18089,2007,UNNAMED,2007-06-27 00:00:00,18.1,89.3,25,1004,TS,NOAA IBTrACS v04r01
2007178N18089,2007,UNNAMED,2007-06-27 03:00:00,17.8,89.0,25,1003,TS,NOAA IBTrACS v04r01
2007178N18089,2007,UNNAMED,2007-06-27 06:00:00,17.6,88.7,25,1002,TS,NOAA IBTrACS v04r01
2007178N18089,2007,UNNAMED,2007-06-27 09:00:00,17.4,88.3,25,1002,TS,NOAA IBTrACS v04r01
2007178N18089,2007,UNNAMED,2007-06-27 12:00:00,17.2,88.0,25,1002,TS,NOAA IBTrACS v04r01
2007178N18089,2007,UNNAMED,2007-06-27 15:00:00,17.1,87.7,25,1001,TS,NOAA IBTrACS v04r01
2007178N18089,2007,UNNAMED,2007-06-27 18:00:00,17.0,87.5,25,1000,TS,NOAA IBTrACS v04r01
2007178N18089,2007,UNNAMED,2007-06-27 21:00:00,17.0,87.2,28,1000,TS,NOAA IBTrACS v04r01
2007178N18089,2007,UNNAMED,2007-06-28 00:00:00,17.1,86.9,30,999,TS,NOAA IBTrACS v04r01
2007178N18089,2007,UNNAMED,2007-06-28 03:00:00,17.3,86.7,30,997,TS,NOAA IBTrACS v04r01
2007178N18089,2007,UNNAMED,2007-06-28 06:00:00,17.6,86.6,30,995,TS,NOAA IBTrACS v04r01
2007178N18089,2007,UNNAMED,2007-06-28 09:00:00,17.9,86.5,33,992,TS,NOAA IBTrACS v04r01
2007178N18089,2007,UNNAMED,2007-06-28 12:00:00,18.3,86.4,35,988,TS,NOAA IBTrACS v04r01
2007178N18089,2007,UNNAMED,2007-06-28 15:00:00,18.6,86.3,40,989,TS,NOAA IBTrACS v04r01
2007178N18089,2007,UNNAMED,2007-06-28 18:00:00,19.0,86.2,45,989,TS,NOAA IBTrACS v04r01
2007178N18089,2007,UNNAMED,2007-06-28 21:00:00,19.3,86.0,45,989,TS,NOAA IBTrACS v04r01
2007178N18089,2007,UNNAMED,2007-06-29 00:00:00,19.7,85.6,45,989,TS,NOAA IBTrACS v04r01
2007178N18089,2007,UNNAMED,2007-06-29 03:00:00,20.0,85.2,43,991,TS,NOAA IBTrACS v04r01
2007178N18089,2007,UNNAMED,2007-06-29 06:00:00,20.4,84.7,40,993,TS,NOAA IBTrACS v04r01
2007178N18089,2007,UNNAMED,2007-06-29 09:00:00,20.8,84.2,38,995,TS,NOAA IBTrACS v04r01
2007178N18089,2007,UNNAMED,2007-06-29 12:00:00,21.2,83.7,35,996,TS,NOAA IBTrACS v04r01
2007178N18089,2007,UNNAMED,2007-06-29 15:00:00,21.5,83.1,33,998,TS,NOAA IBTrACS v04r01
2007178N18089,2007,UNNAMED,2007-06-29 18:00:00,21.8,82.5,30,1000,TS,NOAA IBTrACS v04r01
2007178N18089,2007,UNNAMED,2007-06-29 21:00:00,22.1,82.0,25,1004,TS,NOAA IBTrACS v04r01
2007178N18089,2007,UNNAMED,2007-06-30 00:00:00,22.4,81.5,20,1007,DS,NOAA IBTrACS v04r01
2007178N18089,2007,UNNAMED,2007-06-30 03:00:00,22.7,81.0,20,1007,DS,NOAA IBTrACS v04r01
2007178N18089,2007,UNNAMED,2007-06-30 06:00:00,22.9,80.4,20,1007,DS,NOAA IBTrACS v04r01
2007300N11068,2007,UNNAMED,2007-10-27 06:00:00,11.2,68.2,25,1004,TS,NOAA IBTrACS v04r01
2007300N11068,2007,UNNAMED,2007-10-27 09:00:00,11.2,68.0,25,1004,TS,NOAA IBTrACS v04r01
2007300N11068,2007,UNNAMED,2007-10-27 12:00:00,11.2,67.7,25,1004,TS,NOAA IBTrACS v04r01
2007300N11068,2007,UNNAMED,2007-10-27 15:00:00,11.2,67.4,28,1002,TS,NOAA IBTrACS v04r01
2007300N11068,2007,UNNAMED,2007-10-27 18:00:00,11.2,67.2,30,1000,TS,NOAA IBTrACS v04r01
2007300N11068,2007,UNNAMED,2007-10-27 21:00:00,11.2,67.0,35,997,TS,NOAA IBTrACS v04r01
2007300N11068,2007,UNNAMED,2007-10-28 00:00:00,11.3,66.8,40,993,TS,NOAA IBTrACS v04r01
2007300N11068,2007,UNNAMED,2007-10-28 03:00:00,11.3,66.7,40,993,TS,NOAA IBTrACS v04r01
2007300N11068,2007,UNNAMED,2007-10-28 06:00:00,11.4,66.6,40,993,TS,NOAA IBTrACS v04r01
2007300N11068,2007,UNNAMED,2007-10-28 09:00:00,11.5,66.6,40,993,TS,NOAA IBTrACS v04r01
2007300N11068,2007,UNNAMED,2007-10-28 12:00:00,11.5,66.5,40,993,TS,NOAA IBTrACS v04r01
2007300N11068,2007,UNNAMED,2007-10-28 15:00:00,11.4,66.4,40,993,TS,NOAA IBTrACS v04r01
2007300N11068,2007,UNNAMED,2007-10-28 18:00:00,11.3,66.3,40,993,TS,NOAA IBTrACS v04r01
2007300N11068,2007,UNNAMED,2007-10-28 21:00:00,11.2,66.4,40,993,TS,NOAA IBTrACS v04r01
2007300N11068,2007,UNNAMED,2007-10-29 00:00:00,11.1,66.5,40,993,TS,NOAA IBTrACS v04r01
2007300N11068,2007,UNNAMED,2007-10-29 03:00:00,11.1,66.7,40,993,TS,NOAA IBTrACS v04r01
2007300N11068,2007,UNNAMED,2007-10-29 06:00:00,11.1,66.8,40,993,TS,NOAA IBTrACS v04r01
2007300N11068,2007,UNNAMED,2007-10-29 09:00:00,11.1,66.8,38,995,TS,NOAA IBTrACS v04r01
2007300N11068,2007,UNNAMED,2007-10-29 12:00:00,11.2,66.7,35,996,TS,NOAA IBTrACS v04r01
2007300N11068,2007,UNNAMED,2007-10-29 15:00:00,11.3,66.6,35,996,TS,NOAA IBTrACS v04r01
2007300N11068,2007,UNNAMED,2007-10-29 18:00:00,11.3,66.5,35,996,TS,NOAA IBTrACS v04r01
2007300N11068,2007,UNNAMED,2007-10-29 21:00:00,11.3,66.4,33,998,TS,NOAA IBTrACS v04r01
2007300N11068,2007,UNNAMED,2007-10-30 00:00:00,11.2,66.2,30,1000,TS,NOAA IBTrACS v04r01
2007300N11068,2007,UNNAMED,2007-10-30 03:00:00,11.1,66.0,28,1002,TS,NOAA IBTrACS v04r01
2007300N11068,2007,UNNAMED,2007-10-30 06:00:00,11.1,65.7,25,1004,TS,NOAA IBTrACS v04r01
2007314N10093,2007,SIDR,2007-11-10 06:00:00,9.6,93.2,15,1010,DS,NOAA IBTrACS v04r01
2007314N10093,2007,SIDR,2007-11-10 09:00:00,9.7,93.1,18,1008,DS,NOAA IBTrACS v04r01
2007314N10093,2007,SIDR,2007-11-10 12:00:00,9.7,93.0,20,1005,DS,NOAA IBTrACS v04r01
2007314N10093,2007,SIDR,2007-11-10 15:00:00,9.7,92.9,23,1005,DS,NOAA IBTrACS v04r01
2007314N10093,2007,SIDR,2007-11-10 18:00:00,9.8,92.7,25,1004,TS,NOAA IBTrACS v04r01
2007314N10093,2007,SIDR,2007-11-10 21:00:00,9.9,92.6,28,1002,TS,NOAA IBTrACS v04r01
2007314N10093,2007,SIDR,2007-11-11 00:00:00,10.0,92.5,30,1000,TS,NOAA IBTrACS v04r01
2007314N10093,2007,SIDR,2007-11-11 03:00:00,10.1,92.4,33,999,TS,NOAA IBTrACS v04r01
2007314N10093,2007,SIDR,2007-11-11 06:00:00,10.1,92.2,35,998,TS,NOAA IBTrACS v04r01
2007314N10093,2007,SIDR,2007-11-11 09:00:00,10.1,92.1,25,1004,TS,NOAA IBTrACS v04r01
2007314N10093,2007,SIDR,2007-11-11 12:00:00,10.1,91.9,25,1004,TS,NOAA IBTrACS v04r01
2007314N10093,2007,SIDR,2007-11-11 15:00:00,10.1,91.8,25,1004,TS,NOAA IBTrACS v04r01
2007314N10093,2007,SIDR,2007-11-11 18:00:00,10.4,91.5,30,1002,TS,NOAA IBTrACS v04r01
2007314N10093,2007,SIDR,2007-11-11 21:00:00,10.4,91.3,30,1002,TS,NOAA IBTrACS v04r01
2007314N10093,2007,SIDR,2007-11-12 00:00:00,10.5,91.2,30,1002,TS,NOAA IBTrACS v04r01
2007314N10093,2007,SIDR,2007-11-12 03:00:00,10.5,90.8,35,1002,TS,NOAA IBTrACS v04r01
2007314N10093,2007,SIDR,2007-11-12 06:00:00,10.9,90.5,40,998,TS,NOAA IBTrACS v04r01
2007314N10093,2007,SIDR,2007-11-12 09:00:00,10.9,90.4,45,996,TS,NOAA IBTrACS v04r01
2007314N10093,2007,SIDR,2007-11-12 12:00:00,11.3,90.1,55,992,TS,NOAA IBTrACS v04r01
2007314N10093,2007,SIDR,2007-11-12 15:00:00,11.4,90.0,55,992,TS,NOAA IBTrACS v04r01
2007314N10093,2007,SIDR,2007-11-12 18:00:00,11.6,90.0,65,986,TS,NOAA IBTrACS v04r01
2007314N10093,2007,SIDR,2007-11-12 21:00:00,11.6,90.0,80,980,TS,NOAA IBTrACS v04r01
2007314N10093,2007,SIDR,2007-11-13 00:00:00,12.0,89.7,90,968,TS,NOAA IBTrACS v04r01
2007314N10093,2007,SIDR,2007-11-13 03:00:00,12.1,89.7,90,968,TS,NOAA IBTrACS v04r01
2007314N10093,2007,SIDR,2007-11-13 06:00:00,12.3,89.7,90,968,TS,NOAA IBTrACS v04r01
2007314N10093,2007,SIDR,2007-11-13 09:00:00,12.9,89.6,90,964,TS,NOAA IBTrACS v04r01
2007314N10093,2007,SIDR,2007-11-13 12:00:00,13.0,89.6,90,964,TS,NOAA IBTrACS v04r01
2007314N10093,2007,SIDR,2007-11-13 15:00:00,13.2,89.5,90,964,TS,NOAA IBTrACS v04r01
2007314N10093,2007,SIDR,2007-11-13 18:00:00,13.6,89.5,90,964,TS,NOAA IBTrACS v04r01
2007314N10093,2007,SIDR,2007-11-13 21:00:00,14.0,89.5,90,964,TS,NOAA IBTrACS v04r01
2007314N10093,2007,SIDR,2007-11-14 00:00:00,14.4,89.5,90,964,TS,NOAA IBTrACS v04r01
2007314N10093,2007,SIDR,2007-11-14 03:00:00,14.6,89.4,90,964,TS,NOAA IBTrACS v04r01
2007314N10093,2007,SIDR,2007-11-14 06:00:00,15.0,89.4,90,964,TS,NOAA IBTrACS v04r01
2007314N10093,2007,SIDR,2007-11-14 09:00:00,15.4,89.4,90,964,TS,NOAA IBTrACS v04r01
2007314N10093,2007,SIDR,2007-11-14 12:00:00,15.9,89.1,90,964,TS,NOAA IBTrACS v04r01
2007314N10093,2007,SIDR,2007-11-14 15:00:00,16.1,89.1,90,964,TS,NOAA IBTrACS v04r01
2007314N10093,2007,SIDR,2007-11-14 18:00:00,16.6,89.1,105,956,TS,NOAA IBTrACS v04r01
2007314N10093,2007,SIDR,2007-11-14 21:00:00,17.1,89.1,105,956,TS,NOAA IBTrACS v04r01
2007314N10093,2007,SIDR,2007-11-15 00:00:00,17.7,89.1,105,956,TS,NOAA IBTrACS v04r01
2007314N10093,2007,SIDR,2007-11-15 03:00:00,18.3,89.1,115,944,TS,NOAA IBTrACS v04r01
2007314N10093,2007,SIDR,2007-11-15 06:00:00,19.4,89.1,115,944,TS,NOAA IBTrACS v04r01
2007314N10093,2007,SIDR,2007-11-15 09:00:00,20.1,89.1,115,944,TS,NOAA IBTrACS v04r01
2007314N10093,2007,SIDR,2007-11-15 12:00:00,21.0,89.2,115,944,TS,NOAA IBTrACS v04r01
2007314N10093,2007,SIDR,2007-11-15 15:00:00,21.6,89.6,115,944,TS,NOAA IBTrACS v04r01
2007314N10093,2007,SIDR,2007-11-15 18:00:00,22.5,90.4,100,948,TS,NOAA IBTrACS v04r01
2007314N10093,2007,SIDR,2007-11-15 21:00:00,23.5,90.8,80,963,TS,NOAA IBTrACS v04r01
2007314N10093,2007,SIDR,2007-11-16 00:00:00,23.8,91.0,60,978,TS,NOAA IBTrACS v04r01
2007314N10093,2007,SIDR,2007-11-16 03:00:00,24.5,91.5,,,NR,NOAA IBTrACS v04r01
2008117N11090,2008,NARGIS,2008-04-25 12:00:00,10.5,90.3,20,1007,DS,NOAA IBTrACS v04r01
2008117N11090,2008,NARGIS,2008-04-25 15:00:00,10.7,89.9,20,1007,DS,NOAA IBTrACS v04r01
2008117N11090,2008,NARGIS,2008-04-25 18:00:00,10.8,89.5,20,1007,DS,NOAA IBTrACS v04r01
2008117N11090,2008,NARGIS,2008-04-25 21:00:00,10.7,89.1,20,1007,DS,NOAA IBTrACS v04r01
2008117N11090,2008,NARGIS,2008-04-26 00:00:00,10.7,88.7,20,1007,DS,NOAA IBTrACS v04r01
2008117N11090,2008,NARGIS,2008-04-26 03:00:00,10.9,88.6,20,1007,DS,NOAA IBTrACS v04r01
2008117N11090,2008,NARGIS,2008-04-26 06:00:00,11.2,88.5,20,1007,DS,NOAA IBTrACS v04r01
2008117N11090,2008,NARGIS,2008-04-26 09:00:00,11.4,88.2,20,1007,DS,NOAA IBTrACS v04r01
2008117N11090,2008,NARGIS,2008-04-26 12:00:00,11.5,87.9,20,1007,DS,NOAA IBTrACS v04r01
2008117N11090,2008,NARGIS,2008-04-26 15:00:00,11.5,87.5,23,1006,DS,NOAA IBTrACS v04r01
2008117N11090,2008,NARGIS,2008-04-26 18:00:00,11.5,87.2,25,1004,TS,NOAA IBTrACS v04r01
2008117N11090,2008,NARGIS,2008-04-26 21:00:00,11.5,86.9,25,1003,TS,NOAA IBTrACS v04r01
2008117N11090,2008,NARGIS,2008-04-27 00:00:00,11.6,86.7,25,1002,TS,NOAA IBTrACS v04r01
2008117N11090,2008,NARGIS,2008-04-27 03:00:00,11.7,86.6,25,1000,TS,NOAA IBTrACS v04r01
2008117N11090,2008,NARGIS,2008-04-27 06:00:00,11.8,86.5,25,998,TS,NOAA IBTrACS v04r01
2008117N11090,2008,NARGIS,2008-04-27 09:00:00,12.0,86.3,25,998,TS,NOAA IBTrACS v04r01
2008117N11090,2008,NARGIS,2008-04-27 12:00:00,12.1,86.2,30,998,TS,NOAA IBTrACS v04r01
2008117N11090,2008,NARGIS,2008-04-27 15:00:00,12.2,86.1,30,994,TS,NOAA IBTrACS v04r01
2008117N11090,2008,NARGIS,2008-04-27 18:00:00,12.5,85.9,30,994,TS,NOAA IBTrACS v04r01
2008117N11090,2008,NARGIS,2008-04-27 21:00:00,12.8,85.6,30,994,TS,NOAA IBTrACS v04r01
2008117N11090,2008,NARGIS,2008-04-28 00:00:00,12.9,85.6,35,994,TS,NOAA IBTrACS v04r01
2008117N11090,2008,NARGIS,2008-04-28 03:00:00,13.0,85.6,40,994,TS,NOAA IBTrACS v04r01
2008117N11090,2008,NARGIS,2008-04-28 06:00:00,13.1,85.6,45,990,TS,NOAA IBTrACS v04r01
2008117N11090,2008,NARGIS,2008-04-28 09:00:00,13.0,85.5,55,986,TS,NOAA IBTrACS v04r01
2008117N11090,2008,NARGIS,2008-04-28 12:00:00,13.0,85.4,55,986,TS,NOAA IBTrACS v04r01
2008117N11090,2008,NARGIS,2008-04-28 15:00:00,13.0,85.4,55,986,TS,NOAA IBTrACS v04r01
2008117N11090,2008,NARGIS,2008-04-28 18:00:00,13.1,85.4,55,986,TS,NOAA IBTrACS v04r01
2008117N11090,2008,NARGIS,2008-04-28 21:00:00,13.1,85.5,55,986,TS,NOAA IBTrACS v04r01
2008117N11090,2008,NARGIS,2008-04-29 00:00:00,13.2,85.6,55,986,TS,NOAA IBTrACS v04r01
2008117N11090,2008,NARGIS,2008-04-29 03:00:00,13.3,85.6,65,980,TS,NOAA IBTrACS v04r01
2008117N11090,2008,NARGIS,2008-04-29 06:00:00,13.3,85.7,65,980,TS,NOAA IBTrACS v04r01
2008117N11090,2008,NARGIS,2008-04-29 09:00:00,13.4,85.7,65,980,TS,NOAA IBTrACS v04r01
2008117N11090,2008,NARGIS,2008-04-29 12:00:00,13.8,85.9,65,980,TS,NOAA IBTrACS v04r01
2008117N11090,2008,NARGIS,2008-04-29 15:00:00,13.9,86.0,65,980,TS,NOAA IBTrACS v04r01
2008117N11090,2008,NARGIS,2008-04-29 18:00:00,14.0,86.1,65,980,TS,NOAA IBTrACS v04r01
2008117N11090,2008,NARGIS,2008-04-29 21:00:00,14.1,86.3,65,980,TS,NOAA IBTrACS v04r01
2008117N11090,2008,NARGIS,2008-04-30 00:00:00,14.2,86.4,65,980,TS,NOAA IBTrACS v04r01
2008117N11090,2008,NARGIS,2008-04-30 03:00:00,14.5,86.7,65,980,TS,NOAA IBTrACS v04r01
2008117N11090,2008,NARGIS,2008-04-30 06:00:00,14.6,86.8,65,980,TS,NOAA IBTrACS v04r01
2008117N11090,2008,NARGIS,2008-04-30 09:00:00,14.7,87.1,65,980,TS,NOAA IBTrACS v04r01
2008117N11090,2008,NARGIS,2008-04-30 12:00:00,14.8,87.3,65,980,TS,NOAA IBTrACS v04r01
2008117N11090,2008,NARGIS,2008-04-30 15:00:00,15.1,87.7,65,980,TS,NOAA IBTrACS v04r01
2008117N11090,2008,NARGIS,2008-04-30 18:00:00,15.2,87.9,65,980,TS,NOAA IBTrACS v04r01
2008117N11090,2008,NARGIS,2008-04-30 21:00:00,15.2,88.0,65,980,TS,NOAA IBTrACS v04r01
2008117N11090,2008,NARGIS,2008-05-01 00:00:00,15.6,88.5,65,980,TS,NOAA IBTrACS v04r01
2008117N11090,2008,NARGIS,2008-05-01 03:00:00,15.6,89.2,65,980,TS,NOAA IBTrACS v04r01
2008117N11090,2008,NARGIS,2008-05-01 06:00:00,16.0,89.7,65,980,TS,NOAA IBTrACS v04r01
2008117N11090,2008,NARGIS,2008-05-01 09:00:00,16.0,90.1,65,980,TS,NOAA IBTrACS v04r01
2008117N11090,2008,NARGIS,2008-05-01 12:00:00,16.0,90.6,65,980,TS,NOAA IBTrACS v04r01
2008117N11090,2008,NARGIS,2008-05-01 15:00:00,15.9,91.1,65,980,TS,NOAA IBTrACS v04r01
2008117N11090,2008,NARGIS,2008-05-01 18:00:00,15.9,91.6,65,980,TS,NOAA IBTrACS v04r01
2008117N11090,2008,NARGIS,2008-05-01 21:00:00,15.9,92.1,65,980,TS,NOAA IBTrACS v04r01
2008117N11090,2008,NARGIS,2008-05-02 00:00:00,15.9,92.6,77,972,TS,NOAA IBTrACS v04r01
2008117N11090,2008,NARGIS,2008-05-02 03:00:00,15.9,93.1,77,972,TS,NOAA IBTrACS v04r01
2008117N11090,2008,NARGIS,2008-05-02 06:00:00,16.0,93.6,90,962,TS,NOAA IBTrACS v04r01
2008117N11090,2008,NARGIS,2008-05-02 09:00:00,16.0,94.1,90,962,TS,NOAA IBTrACS v04r01
2008117N11090,2008,NARGIS,2008-05-02 12:00:00,16.0,94.5,90,962,TS,NOAA IBTrACS v04r01
2008117N11090,2008,NARGIS,2008-05-02 15:00:00,16.1,95.1,90,964,TS,NOAA IBTrACS v04r01
2008117N11090,2008,NARGIS,2008-05-02 18:00:00,16.5,95.6,80,974,TS,NOAA IBTrACS v04r01
2008117N11090,2008,NARGIS,2008-05-02 21:00:00,16.5,95.8,60,986,TS,NOAA IBTrACS v04r01
2008117N11090,2008,NARGIS,2008-05-03 00:00:00,16.7,96.0,50,990,TS,NOAA IBTrACS v04r01
2008117N11090,2008,NARGIS,2008-05-03 03:00:00,17.0,96.4,50,992,TS,NOAA IBTrACS v04r01
2008117N11090,2008,NARGIS,2008-05-03 06:00:00,17.4,96.9,45,994,TS,NOAA IBTrACS v04r01
2008117N11090,2008,NARGIS,2008-05-03 09:00:00,17.8,97.3,35,998,TS,NOAA IBTrACS v04r01
2008117N11090,2008,NARGIS,2008-05-03 12:00:00,18.3,97.6,40,993,TS,NOAA IBTrACS v04r01
2008117N11090,2008,NARGIS,2008-05-03 15:00:00,18.8,97.7,35,997,TS,NOAA IBTrACS v04r01
2008117N11090,2008,NARGIS,2008-05-03 18:00:00,19.4,97.8,30,1000,TS,NOAA IBTrACS v04r01
2008117N11090,2008,NARGIS,2008-05-03 21:00:00,20.1,98.1,28,1002,TS,NOAA IBTrACS v04r01
2008117N11090,2008,NARGIS,2008-05-04 00:00:00,20.8,98.5,25,1004,TS,NOAA IBTrACS v04r01
2008157N16066,2008,UNNAMED,2008-06-05 00:00:00,15.5,66.0,25,1000,TS,NOAA IBTrACS v04r01
2008157N16066,2008,UNNAMED,2008-06-05 03:00:00,16.0,66.0,25,1000,TS,NOAA IBTrACS v04r01
2008157N16066,2008,UNNAMED,2008-06-05 06:00:00,16.5,65.5,25,1000,TS,NOAA IBTrACS v04r01
2008157N16066,2008,UNNAMED,2008-06-05 09:00:00,17.0,65.0,25,1000,TS,NOAA IBTrACS v04r01
2008157N16066,2008,UNNAMED,2008-06-05 12:00:00,18.0,64.5,25,996,TS,NOAA IBTrACS v04r01
2008157N16066,2008,UNNAMED,2008-06-05 15:00:00,18.5,64.5,25,996,TS,NOAA IBTrACS v04r01
2008157N16066,2008,UNNAMED,2008-06-05 18:00:00,19.0,64.0,25,996,TS,NOAA IBTrACS v04r01
2008157N16066,2008,UNNAMED,2008-06-05 21:00:00,19.5,63.5,25,996,TS,NOAA IBTrACS v04r01
2008157N16066,2008,UNNAMED,2008-06-06 00:00:00,19.5,63.0,25,996,TS,NOAA IBTrACS v04r01
2008157N16066,2008,UNNAMED,2008-06-06 03:00:00,19.5,62.0,25,995,TS,NOAA IBTrACS v04r01
2008157N16066,2008,UNNAMED,2008-06-06 06:00:00,20.0,62.0,25,995,TS,NOAA IBTrACS v04r01
2008157N16066,2008,UNNAMED,2008-06-06 09:00:00,20.0,61.5,25,995,TS,NOAA IBTrACS v04r01
2008157N16066,2008,UNNAMED,2008-06-06 12:00:00,20.0,61.5,25,994,TS,NOAA IBTrACS v04r01
2008157N16066,2008,UNNAMED,2008-06-06 15:00:00,20.0,61.5,25,996,TS,NOAA IBTrACS v04r01
2008157N16066,2008,UNNAMED,2008-06-06 18:00:00,20.0,61.0,25,996,TS,NOAA IBTrACS v04r01
2008157N16066,2008,UNNAMED,2008-06-06 21:00:00,20.0,61.0,25,996,TS,NOAA IBTrACS v04r01
2008168N22090,2008,UNNAMED,2008-06-16 03:00:00,21.5,90.0,25,992,TS,NOAA IBTrACS v04r01
2008168N22090,2008,UNNAMED,2008-06-16 06:00:00,21.4,89.7,,,TS,NOAA IBTrACS v04r01
2008168N22090,2008,UNNAMED,2008-06-16 09:00:00,21.5,89.5,25,988,TS,NOAA IBTrACS v04r01
2008168N22090,2008,UNNAMED,2008-06-16 12:00:00,22.0,89.5,25,988,TS,NOAA IBTrACS v04r01
2008168N22090,2008,UNNAMED,2008-06-16 15:00:00,22.4,89.4,,,TS,NOAA IBTrACS v04r01
2008168N22090,2008,UNNAMED,2008-06-16 18:00:00,22.7,89.2,,,TS,NOAA IBTrACS v04r01
2008168N22090,2008,UNNAMED,2008-06-16 21:00:00,22.8,89.0,,,TS,NOAA IBTrACS v04r01
2008168N22090,2008,UNNAMED,2008-06-17 00:00:00,23.0,88.8,,,TS,NOAA IBTrACS v04r01
2008168N22090,2008,UNNAMED,2008-06-17 03:00:00,23.0,88.5,25,990,TS,NOAA IBTrACS v04r01
2008168N22090,2008,UNNAMED,2008-06-17 06:00:00,23.0,88.2,,,TS,NOAA IBTrACS v04r01
2008168N22090,2008,UNNAMED,2008-06-17 09:00:00,23.0,88.0,25,990,TS,NOAA IBTrACS v04r01
2008168N22090,2008,UNNAMED,2008-06-17 12:00:00,23.0,88.0,25,990,TS,NOAA IBTrACS v04r01
2008168N22090,2008,UNNAMED,2008-06-17 15:00:00,23.1,87.9,,,TS,NOAA IBTrACS v04r01
2008168N22090,2008,UNNAMED,2008-06-17 18:00:00,23.2,87.8,,,TS,NOAA IBTrACS v04r01
2008168N22090,2008,UNNAMED,2008-06-17 21:00:00,23.5,87.6,,,TS,NOAA IBTrACS v04r01
2008168N22090,2008,UNNAMED,2008-06-18 00:00:00,23.7,87.3,,,TS,NOAA IBTrACS v04r01
2008168N22090,2008,UNNAMED,2008-06-18 03:00:00,24.0,87.0,20,992,TS,NOAA IBTrACS v04r01
2008223N20086,2008,UNNAMED,2008-08-09 12:00:00,20.0,86.0,25,988,TS,NOAA IBTrACS v04r01
2008223N20086,2008,UNNAMED,2008-08-09 15:00:00,20.3,85.9,,,TS,NOAA IBTrACS v04r01
2008223N20086,2008,UNNAMED,2008-08-09 18:00:00,20.6,85.8,,,TS,NOAA IBTrACS v04r01
2008223N20086,2008,UNNAMED,2008-08-09 21:00:00,20.9,85.7,,,TS,NOAA IBTrACS v04r01
2008223N20086,2008,UNNAMED,2008-08-10 00:00:00,21.2,85.6,,,TS,NOAA IBTrACS v04r01
2008223N20086,2008,UNNAMED,2008-08-10 03:00:00,21.5,85.5,25,990,TS,NOAA IBTrACS v04r01
2008223N20086,2008,UNNAMED,2008-08-10 06:00:00,22.0,85.4,,,TS,NOAA IBTrACS v04r01
2008223N20086,2008,UNNAMED,2008-08-10 09:00:00,22.5,85.2,25,990,TS,NOAA IBTrACS v04r01
2008259N20089,2008,UNNAMED,2008-09-15 06:00:00,19.7,88.8,20,1007,DS,NOAA IBTrACS v04r01
2008259N20089,2008,UNNAMED,2008-09-15 09:00:00,19.6,88.7,23,1006,DS,NOAA IBTrACS v04r01
2008259N20089,2008,UNNAMED,2008-09-15 12:00:00,19.6,88.5,25,996,TS,NOAA IBTrACS v04r01
2008259N20089,2008,UNNAMED,2008-09-15 15:00:00,19.6,88.4,25,996,TS,NOAA IBTrACS v04r01
2008259N20089,2008,UNNAMED,2008-09-15 18:00:00,19.7,88.1,25,986,TS,NOAA IBTrACS v04r01
2008259N20089,2008,UNNAMED,2008-09-15 21:00:00,19.7,88.0,30,998,TS,NOAA IBTrACS v04r01
2008259N20089,2008,UNNAMED,2008-09-16 00:00:00,19.8,87.9,25,994,TS,NOAA IBTrACS v04r01
2008259N20089,2008,UNNAMED,2008-09-16 03:00:00,20.1,87.6,30,994,TS,NOAA IBTrACS v04r01
2008259N20089,2008,UNNAMED,2008-09-16 06:00:00,20.4,87.4,35,996,TS,NOAA IBTrACS v04r01
2008259N20089,2008,UNNAMED,2008-09-16 09:00:00,20.6,87.2,30,990,TS,NOAA IBTrACS v04r01
2008259N20089,2008,UNNAMED,2008-09-16 12:00:00,20.8,87.2,30,986,TS,NOAA IBTrACS v04r01
2008259N20089,2008,UNNAMED,2008-09-16 15:00:00,21.1,87.0,30,986,TS,NOAA IBTrACS v04r01
2008259N20089,2008,UNNAMED,2008-09-16 18:00:00,21.1,86.6,30,988,TS,NOAA IBTrACS v04r01
2008259N20089,2008,UNNAMED,2008-09-16 21:00:00,21.1,86.3,45,989,TS,NOAA IBTrACS v04r01
2008259N20089,2008,UNNAMED,2008-09-17 00:00:00,21.1,86.1,30,992,TS,NOAA IBTrACS v04r01
2008259N20089,2008,UNNAMED,2008-09-17 03:00:00,21.5,85.6,30,992,TS,NOAA IBTrACS v04r01
2008259N20089,2008,UNNAMED,2008-09-17 06:00:00,21.7,85.2,40,993,TS,NOAA IBTrACS v04r01
2008259N20089,2008,UNNAMED,2008-09-17 09:00:00,21.9,84.8,30,992,TS,NOAA IBTrACS v04r01
2008259N20089,2008,UNNAMED,2008-09-17 12:00:00,22.0,84.6,30,992,TS,NOAA IBTrACS v04r01
2008259N20089,2008,UNNAMED,2008-09-17 15:00:00,22.0,84.3,30,1000,TS,NOAA IBTrACS v04r01
2008259N20089,2008,UNNAMED,2008-09-17 18:00:00,22.0,83.9,30,1000,TS,NOAA IBTrACS v04r01
2008259N20089,2008,UNNAMED,2008-09-17 21:00:00,22.1,83.5,30,1000,TS,NOAA IBTrACS v04r01
2008259N20089,2008,UNNAMED,2008-09-18 00:00:00,22.2,83.1,30,1000,TS,NOAA IBTrACS v04r01
2008259N20089,2008,UNNAMED,2008-09-18 03:00:00,22.4,82.7,30,996,TS,NOAA IBTrACS v04r01
2008259N20089,2008,UNNAMED,2008-09-18 06:00:00,22.6,82.4,25,1004,TS,NOAA IBTrACS v04r01
2008259N20089,2008,UNNAMED,2008-09-18 09:00:00,22.9,82.1,25,996,TS,NOAA IBTrACS v04r01
2008259N20089,2008,UNNAMED,2008-09-18 12:00:00,23.0,82.0,25,996,TS,NOAA IBTrACS v04r01
2008259N20089,2008,UNNAMED,2008-09-18 15:00:00,23.1,81.9,,,TS,NOAA IBTrACS v04r01
2008259N20089,2008,UNNAMED,2008-09-18 18:00:00,23.2,81.6,,,TS,NOAA IBTrACS v04r01
2008259N20089,2008,UNNAMED,2008-09-18 21:00:00,23.5,81.2,,,TS,NOAA IBTrACS v04r01
2008259N20089,2008,UNNAMED,2008-09-19 00:00:00,23.9,80.8,,,TS,NOAA IBTrACS v04r01
2008259N20089,2008,UNNAMED,2008-09-19 03:00:00,24.5,80.5,25,996,TS,NOAA IBTrACS v04r01
2008259N20089,2008,UNNAMED,2008-09-19 06:00:00,25.2,80.2,,,TS,NOAA IBTrACS v04r01
2008259N20089,2008,UNNAMED,2008-09-19 09:00:00,26.0,80.0,25,996,TS,NOAA IBTrACS v04r01
2008293N09060,2008,UNNAMED,2008-10-19 09:00:00,9.0,60.0,25,1004,TS,NOAA IBTrACS v04r01
2008293N09060,2008,UNNAMED,2008-10-19 12:00:00,9.0,59.5,25,1004,TS,NOAA IBTrACS v04r01
2008293N09060,2008,UNNAMED,2008-10-19 15:00:00,9.1,59.0,,,TS,NOAA IBTrACS v04r01
2008293N09060,2008,UNNAMED,2008-10-19 18:00:00,9.3,58.6,,,TS,NOAA IBTrACS v04r01
2008293N09060,2008,UNNAMED,2008-10-19 21:00:00,9.6,58.2,,,TS,NOAA IBTrACS v04r01
2008293N09060,2008,UNNAMED,2008-10-20 00:00:00,9.8,57.7,20,1007,MX,NOAA IBTrACS v04r01
2008293N09060,2008,UNNAMED,2008-10-20 03:00:00,9.9,57.3,25,1004,MX,NOAA IBTrACS v04r01
2008293N09060,2008,UNNAMED,2008-10-20 06:00:00,10.0,56.9,25,1004,TS,NOAA IBTrACS v04r01
2008293N09060,2008,UNNAMED,2008-10-20 09:00:00,10.0,56.5,25,1004,TS,NOAA IBTrACS v04r01
2008293N09060,2008,UNNAMED,2008-10-20 12:00:00,10.1,56.2,25,1002,TS,NOAA IBTrACS v04r01
2008293N09060,2008,UNNAMED,2008-10-20 15:00:00,10.2,55.8,28,1002,TS,NOAA IBTrACS v04r01
2008293N09060,2008,UNNAMED,2008-10-20 18:00:00,10.3,55.5,30,1000,TS,NOAA IBTrACS v04r01
2008293N09060,2008,UNNAMED,2008-10-20 21:00:00,10.4,55.1,30,1000,TS,NOAA IBTrACS v04r01
2008293N09060,2008,UNNAMED,2008-10-21 00:00:00,10.5,54.8,30,1000,TS,NOAA IBTrACS v04r01
2008293N09060,2008,UNNAMED,2008-10-21 03:00:00,10.6,54.5,30,1000,TS,NOAA IBTrACS v04r01
2008293N09060,2008,UNNAMED,2008-10-21 06:00:00,10.8,54.3,30,1000,TS,NOAA IBTrACS v04r01
2008293N09060,2008,UNNAMED,2008-10-21 09:00:00,11.0,54.2,30,1000,TS,NOAA IBTrACS v04r01
2008293N09060,2008,UNNAMED,2008-10-21 12:00:00,11.4,54.2,30,1000,TS,NOAA IBTrACS v04r01
2008293N09060,2008,UNNAMED,2008-10-21 15:00:00,11.8,54.1,30,1000,TS,NOAA IBTrACS v04r01
2008293N09060,2008,UNNAMED,2008-10-21 18:00:00,12.3,53.9,30,1000,TS,NOAA IBTrACS v04r01
2008293N09060,2008,UNNAMED,2008-10-21 21:00:00,12.7,53.6,30,1000,TS,NOAA IBTrACS v04r01
2008293N09060,2008,UNNAMED,2008-10-22 00:00:00,13.0,53.3,30,1000,TS,NOAA IBTrACS v04r01
2008293N09060,2008,UNNAMED,2008-10-22 03:00:00,13.2,53.1,25,1002,TS,NOAA IBTrACS v04r01
2008293N09060,2008,UNNAMED,2008-10-22 06:00:00,13.4,52.9,30,1000,TS,NOAA IBTrACS v04r01
2008293N09060,2008,UNNAMED,2008-10-22 09:00:00,13.5,52.8,30,1000,TS,NOAA IBTrACS v04r01
2008293N09060,2008,UNNAMED,2008-10-22 12:00:00,13.7,52.6,25,1002,TS,NOAA IBTrACS v04r01
2008293N09060,2008,UNNAMED,2008-10-22 15:00:00,13.7,52.3,30,1000,TS,NOAA IBTrACS v04r01
2008293N09060,2008,UNNAMED,2008-10-22 18:00:00,13.7,52.0,30,1000,TS,NOAA IBTrACS v04r01
2008293N09060,2008,UNNAMED,2008-10-22 21:00:00,13.7,51.7,28,1002,TS,NOAA IBTrACS v04r01
2008293N09060,2008,UNNAMED,2008-10-23 00:00:00,13.7,51.4,25,1003,TS,NOAA IBTrACS v04r01
2008293N09060,2008,UNNAMED,2008-10-23 03:00:00,13.7,51.1,25,1004,TS,NOAA IBTrACS v04r01
2008293N09060,2008,UNNAMED,2008-10-23 06:00:00,13.8,50.8,25,1004,TS,NOAA IBTrACS v04r01
2008293N09060,2008,UNNAMED,2008-10-23 09:00:00,13.9,50.5,25,1004,TS,NOAA IBTrACS v04r01
2008293N09060,2008,UNNAMED,2008-10-23 12:00:00,14.1,50.2,25,1004,TS,NOAA IBTrACS v04r01
2008293N09060,2008,UNNAMED,2008-10-23 15:00:00,14.5,49.9,25,1004,TS,NOAA IBTrACS v04r01
2008293N09060,2008,UNNAMED,2008-10-23 18:00:00,15.0,49.5,25,1004,TS,NOAA IBTrACS v04r01
2008298N16085,2008,RASHMI,2008-10-24 06:00:00,16.0,85.0,15,1010,TS,NOAA IBTrACS v04r01
2008298N16085,2008,RASHMI,2008-10-24 09:00:00,16.0,85.2,18,1009,TS,NOAA IBTrACS v04r01
2008298N16085,2008,RASHMI,2008-10-24 12:00:00,16.0,85.5,20,1007,DS,NOAA IBTrACS v04r01
2008298N16085,2008,RASHMI,2008-10-24 15:00:00,16.0,85.8,23,1006,DS,NOAA IBTrACS v04r01
2008298N16085,2008,RASHMI,2008-10-24 18:00:00,16.1,86.0,25,1004,TS,NOAA IBTrACS v04r01
2008298N16085,2008,RASHMI,2008-10-24 21:00:00,16.2,86.2,25,1004,TS,NOAA IBTrACS v04r01
2008298N16085,2008,RASHMI,2008-10-25 00:00:00,16.4,86.5,25,1004,TS,NOAA IBTrACS v04r01
2008298N16085,2008,RASHMI,2008-10-25 03:00:00,16.5,86.7,25,1004,TS,NOAA IBTrACS v04r01
2008298N16085,2008,RASHMI,2008-10-25 06:00:00,16.7,87.0,30,1000,TS,NOAA IBTrACS v04r01
2008298N16085,2008,RASHMI,2008-10-25 09:00:00,17.0,87.2,25,1002,TS,NOAA IBTrACS v04r01
2008298N16085,2008,RASHMI,2008-10-25 12:00:00,17.4,87.3,25,1002,TS,NOAA IBTrACS v04r01
2008298N16085,2008,RASHMI,2008-10-25 15:00:00,17.6,87.3,30,1000,TS,NOAA IBTrACS v04r01
2008298N16085,2008,RASHMI,2008-10-25 18:00:00,17.9,87.4,25,1002,TS,NOAA IBTrACS v04r01
2008298N16085,2008,RASHMI,2008-10-25 21:00:00,17.9,87.4,33,998,TS,NOAA IBTrACS v04r01
2008298N16085,2008,RASHMI,2008-10-26 00:00:00,18.1,87.6,30,1000,TS,NOAA IBTrACS v04r01
2008298N16085,2008,RASHMI,2008-10-26 03:00:00,18.5,87.9,30,1000,TS,NOAA IBTrACS v04r01
2008298N16085,2008,RASHMI,2008-10-26 06:00:00,18.6,88.0,35,996,TS,NOAA IBTrACS v04r01
2008298N16085,2008,RASHMI,2008-10-26 09:00:00,18.8,88.0,30,1000,TS,NOAA IBTrACS v04r01
2008298N16085,2008,RASHMI,2008-10-26 12:00:00,19.7,88.4,35,996,TS,NOAA IBTrACS v04r01
2008298N16085,2008,RASHMI,2008-10-26 15:00:00,20.4,88.8,40,996,TS,NOAA IBTrACS v04r01
2008298N16085,2008,RASHMI,2008-10-26 18:00:00,21.0,89.3,40,994,TS,NOAA IBTrACS v04r01
2008298N16085,2008,RASHMI,2008-10-26 21:00:00,21.9,89.8,45,984,TS,NOAA IBTrACS v04r01
2008298N16085,2008,RASHMI,2008-10-27 00:00:00,23.0,90.2,35,992,TS,NOAA IBTrACS v04r01
2008298N16085,2008,RASHMI,2008-10-27 03:00:00,23.9,90.7,30,1002,TS,NOAA IBTrACS v04r01
2008298N16085,2008,RASHMI,2008-10-27 06:00:00,25.0,90.6,25,1004,TS,NOAA IBTrACS v04r01
2008317N11089,2008,KHAI-MUK,2008-11-11 18:00:00,10.5,89.0,15,1010,TS,NOAA IBTrACS v04r01
2008317N11089,2008,KHAI-MUK,2008-11-11 21:00:00,10.7,89.2,18,1009,TS,NOAA IBTrACS v04r01
2008317N11089,2008,KHAI-MUK,2008-11-12 00:00:00,10.9,89.2,20,1007,DS,NOAA IBTrACS v04r01
2008317N11089,2008,KHAI-MUK,2008-11-12 03:00:00,11.2,89.0,20,1007,DS,NOAA IBTrACS v04r01
2008317N11089,2008,KHAI-MUK,2008-11-12 06:00:00,11.4,88.6,20,1007,DS,NOAA IBTrACS v04r01
2008317N11089,2008,KHAI-MUK,2008-11-12 09:00:00,11.5,88.2,20,1007,DS,NOAA IBTrACS v04r01
2008317N11089,2008,KHAI-MUK,2008-11-12 12:00:00,11.5,87.8,20,1007,DS,NOAA IBTrACS v04r01
2008317N11089,2008,KHAI-MUK,2008-11-12 15:00:00,11.6,87.4,20,1007,DS,NOAA IBTrACS v04r01
2008317N11089,2008,KHAI-MUK,2008-11-12 18:00:00,11.6,86.9,20,1007,DS,NOAA IBTrACS v04r01
2008317N11089,2008,KHAI-MUK,2008-11-12 21:00:00,11.6,86.4,20,1006,DS,NOAA IBTrACS v04r01
2008317N11089,2008,KHAI-MUK,2008-11-13 00:00:00,11.6,86.0,20,1004,DS,NOAA IBTrACS v04r01
2008317N11089,2008,KHAI-MUK,2008-11-13 03:00:00,11.6,85.7,20,1006,DS,NOAA IBTrACS v04r01
2008317N11089,2008,KHAI-MUK,2008-11-13 06:00:00,11.7,85.6,20,1007,DS,NOAA IBTrACS v04r01
2008317N11089,2008,KHAI-MUK,2008-11-13 09:00:00,11.8,85.5,23,1006,DS,NOAA IBTrACS v04r01
2008317N11089,2008,KHAI-MUK,2008-11-13 12:00:00,11.8,85.4,25,1002,TS,NOAA IBTrACS v04r01
2008317N11089,2008,KHAI-MUK,2008-11-13 15:00:00,12.0,85.3,28,1002,TS,NOAA IBTrACS v04r01
2008317N11089,2008,KHAI-MUK,2008-11-13 18:00:00,12.2,85.2,25,1002,TS,NOAA IBTrACS v04r01
2008317N11089,2008,KHAI-MUK,2008-11-13 21:00:00,12.3,85.1,33,1000,TS,NOAA IBTrACS v04r01
2008317N11089,2008,KHAI-MUK,2008-11-14 00:00:00,12.5,85.1,25,1002,TS,NOAA IBTrACS v04r01
2008317N11089,2008,KHAI-MUK,2008-11-14 03:00:00,12.9,85.0,30,1000,TS,NOAA IBTrACS v04r01
2008317N11089,2008,KHAI-MUK,2008-11-14 06:00:00,13.3,84.9,30,1000,TS,NOAA IBTrACS v04r01
2008317N11089,2008,KHAI-MUK,2008-11-14 09:00:00,13.7,84.5,30,1000,TS,NOAA IBTrACS v04r01
2008317N11089,2008,KHAI-MUK,2008-11-14 12:00:00,14.0,84.1,35,998,TS,NOAA IBTrACS v04r01
2008317N11089,2008,KHAI-MUK,2008-11-14 15:00:00,14.4,83.6,35,996,TS,NOAA IBTrACS v04r01
2008317N11089,2008,KHAI-MUK,2008-11-14 18:00:00,14.4,83.5,35,996,TS,NOAA IBTrACS v04r01
2008317N11089,2008,KHAI-MUK,2008-11-14 21:00:00,14.4,83.1,40,994,TS,NOAA IBTrACS v04r01
2008317N11089,2008,KHAI-MUK,2008-11-15 00:00:00,14.4,83.0,40,994,TS,NOAA IBTrACS v04r01
2008317N11089,2008,KHAI-MUK,2008-11-15 03:00:00,14.4,82.6,35,996,TS,NOAA IBTrACS v04r01
2008317N11089,2008,KHAI-MUK,2008-11-15 06:00:00,14.4,82.5,30,996,TS,NOAA IBTrACS v04r01
2008317N11089,2008,KHAI-MUK,2008-11-15 09:00:00,14.4,82.0,30,996,TS,NOAA IBTrACS v04r01
2008317N11089,2008,KHAI-MUK,2008-11-15 12:00:00,14.5,81.6,30,996,TS,NOAA IBTrACS v04r01
2008317N11089,2008,KHAI-MUK,2008-11-15 15:00:00,14.5,81.1,30,996,TS,NOAA IBTrACS v04r01
2008317N11089,2008,KHAI-MUK,2008-11-15 18:00:00,14.8,80.6,30,996,TS,NOAA IBTrACS v04r01
2008317N11089,2008,KHAI-MUK,2008-11-15 21:00:00,14.9,80.2,30,996,TS,NOAA IBTrACS v04r01
2008317N11089,2008,KHAI-MUK,2008-11-16 00:00:00,15.1,79.7,30,998,TS,NOAA IBTrACS v04r01
2008317N11089,2008,KHAI-MUK,2008-11-16 03:00:00,15.2,79.0,25,1004,TS,NOAA IBTrACS v04r01
2008317N11089,2008,KHAI-MUK,2008-11-16 06:00:00,15.4,78.8,25,1004,TS,NOAA IBTrACS v04r01
2008329N09082,2008,NISHA,2008-11-24 06:00:00,8.7,81.8,15,1010,DS,NOAA IBTrACS v04r01
2008329N09082,2008,NISHA,2008-11-24 09:00:00,8.8,81.5,15,1010,DS,NOAA IBTrACS v04r01
2008329N09082,2008,NISHA,2008-11-24 12:00:00,8.9,81.3,15,1010,DS,NOAA IBTrACS v04r01
2008329N09082,2008,NISHA,2008-11-24 15:00:00,9.0,81.2,18,1009,DS,NOAA IBTrACS v04r01
2008329N09082,2008,NISHA,2008-11-24 18:00:00,9.0,81.1,20,1007,DS,NOAA IBTrACS v04r01
2008329N09082,2008,NISHA,2008-11-24 21:00:00,9.0,81.0,23,1006,DS,NOAA IBTrACS v04r01
2008329N09082,2008,NISHA,2008-11-25 00:00:00,9.1,80.9,25,1004,TS,NOAA IBTrACS v04r01
2008329N09082,2008,NISHA,2008-11-25 03:00:00,9.2,80.8,28,1002,TS,NOAA IBTrACS v04r01
2008329N09082,2008,NISHA,2008-11-25 06:00:00,9.3,80.7,30,1000,TS,NOAA IBTrACS v04r01
2008329N09082,2008,NISHA,2008-11-25 09:00:00,9.3,80.7,25,1001,TS,NOAA IBTrACS v04r01
2008329N09082,2008,NISHA,2008-11-25 12:00:00,9.2,80.7,30,1001,TS,NOAA IBTrACS v04r01
2008329N09082,2008,NISHA,2008-11-25 15:00:00,9.4,80.7,30,1001,TS,NOAA IBTrACS v04r01
2008329N09082,2008,NISHA,2008-11-25 18:00:00,9.7,80.5,30,1002,TS,NOAA IBTrACS v04r01
2008329N09082,2008,NISHA,2008-11-25 21:00:00,10.0,80.3,30,1002,TS,NOAA IBTrACS v04r01
2008329N09082,2008,NISHA,2008-11-26 00:00:00,10.1,80.4,30,1000,TS,NOAA IBTrACS v04r01
2008329N09082,2008,NISHA,2008-11-26 03:00:00,10.4,80.4,40,1000,TS,NOAA IBTrACS v04r01
2008329N09082,2008,NISHA,2008-11-26 06:00:00,10.6,80.4,40,1000,TS,NOAA IBTrACS v04r01
2008329N09082,2008,NISHA,2008-11-26 09:00:00,10.6,80.3,45,996,TS,NOAA IBTrACS v04r01
2008329N09082,2008,NISHA,2008-11-26 12:00:00,10.9,80.3,45,996,TS,NOAA IBTrACS v04r01
2008329N09082,2008,NISHA,2008-11-26 15:00:00,11.0,80.2,45,998,TS,NOAA IBTrACS v04r01
2008329N09082,2008,NISHA,2008-11-26 18:00:00,11.1,80.2,45,998,TS,NOAA IBTrACS v04r01
2008329N09082,2008,NISHA,2008-11-26 21:00:00,11.1,80.1,45,996,TS,NOAA IBTrACS v04r01
2008329N09082,2008,NISHA,2008-11-27 00:00:00,11.3,80.0,45,996,TS,NOAA IBTrACS v04r01
2008329N09082,2008,NISHA,2008-11-27 03:00:00,11.5,79.6,40,1000,TS,NOAA IBTrACS v04r01
2008329N09082,2008,NISHA,2008-11-27 06:00:00,11.7,79.4,50,985,TS,NOAA IBTrACS v04r01
2008329N09082,2008,NISHA,2008-11-27 09:00:00,11.8,79.1,30,1000,TS,NOAA IBTrACS v04r01
2008329N09082,2008,NISHA,2008-11-27 12:00:00,11.8,78.6,20,1000,TS,NOAA IBTrACS v04r01
2008329N09082,2008,NISHA,2008-11-27 15:00:00,11.9,78.2,35,997,TS,NOAA IBTrACS v04r01
2008329N09082,2008,NISHA,2008-11-27 18:00:00,12.1,77.7,30,1000,TS,NOAA IBTrACS v04r01
2008329N09082,2008,NISHA,2008-11-27 21:00:00,12.3,77.1,25,1003,TS,NOAA IBTrACS v04r01
2008329N09082,2008,NISHA,2008-11-28 00:00:00,12.5,76.4,20,1005,DS,NOAA IBTrACS v04r01
2008338N06092,2008,UNNAMED,2008-12-03 00:00:00,5.8,91.5,20,1007,DS,NOAA IBTrACS v04r01
2008338N06092,2008,UNNAMED,2008-12-03 03:00:00,5.9,91.4,20,1007,DS,NOAA IBTrACS v04r01
2008338N06092,2008,UNNAMED,2008-12-03 06:00:00,5.9,91.3,20,1007,DS,NOAA IBTrACS v04r01
2008338N06092,2008,UNNAMED,2008-12-03 09:00:00,5.9,91.2,23,1006,DS,NOAA IBTrACS v04r01
2008338N06092,2008,UNNAMED,2008-12-03 12:00:00,6.0,91.1,25,1004,TS,NOAA IBTrACS v04r01
2008338N06092,2008,UNNAMED,2008-12-03 15:00:00,6.1,91.0,28,1005,TS,NOAA IBTrACS v04r01
2008338N06092,2008,UNNAMED,2008-12-03 18:00:00,6.2,90.8,30,1006,TS,NOAA IBTrACS v04r01
2008338N06092,2008,UNNAMED,2008-12-03 21:00:00,6.3,90.6,30,1003,TS,NOAA IBTrACS v04r01
2008338N06092,2008,UNNAMED,2008-12-04 00:00:00,6.4,90.5,30,1000,TS,NOAA IBTrACS v04r01
2008338N06092,2008,UNNAMED,2008-12-04 03:00:00,6.5,90.3,25,1006,TS,NOAA IBTrACS v04r01
2008338N06092,2008,UNNAMED,2008-12-04 06:00:00,6.7,90.0,30,1000,TS,NOAA IBTrACS v04r01
2008338N06092,2008,UNNAMED,2008-12-04 09:00:00,6.9,89.8,25,1006,TS,NOAA IBTrACS v04r01
2008338N06092,2008,UNNAMED,2008-12-04 12:00:00,7.1,89.6,25,1006,TS,NOAA IBTrACS v04r01
2008338N06092,2008,UNNAMED,2008-12-04 15:00:00,7.1,89.4,30,1000,TS,NOAA IBTrACS v04r01
2008338N06092,2008,UNNAMED,2008-12-04 18:00:00,7.3,89.1,25,1006,TS,NOAA IBTrACS v04r01
2008338N06092,2008,UNNAMED,2008-12-04 21:00:00,7.5,88.8,30,1000,TS,NOAA IBTrACS v04r01
2008338N06092,2008,UNNAMED,2008-12-05 00:00:00,7.7,88.6,30,1004,TS,NOAA IBTrACS v04r01
2008338N06092,2008,UNNAMED,2008-12-05 03:00:00,7.7,88.5,30,1004,TS,NOAA IBTrACS v04r01
2008338N06092,2008,UNNAMED,2008-12-05 06:00:00,7.9,88.2,35,996,TS,NOAA IBTrACS v04r01
2008338N06092,2008,UNNAMED,2008-12-05 09:00:00,8.2,87.9,30,1004,TS,NOAA IBTrACS v04r01
2008338N06092,2008,UNNAMED,2008-12-05 12:00:00,8.6,87.5,30,1004,TS,NOAA IBTrACS v04r01
2008338N06092,2008,UNNAMED,2008-12-05 15:00:00,8.6,87.1,35,996,TS,NOAA IBTrACS v04r01
2008338N06092,2008,UNNAMED,2008-12-05 18:00:00,8.6,86.7,30,1004,TS,NOAA IBTrACS v04r01
2008338N06092,2008,UNNAMED,2008-12-05 21:00:00,8.5,86.2,35,996,TS,NOAA IBTrACS v04r01
2008338N06092,2008,UNNAMED,2008-12-06 00:00:00,8.4,85.6,35,996,TS,NOAA IBTrACS v04r01
2008338N06092,2008,UNNAMED,2008-12-06 03:00:00,8.3,85.1,30,1006,TS,NOAA IBTrACS v04r01
2008338N06092,2008,UNNAMED,2008-12-06 06:00:00,8.3,84.8,35,996,TS,NOAA IBTrACS v04r01
2008338N06092,2008,UNNAMED,2008-12-06 09:00:00,8.2,84.5,30,1006,TS,NOAA IBTrACS v04r01
2008338N06092,2008,UNNAMED,2008-12-06 12:00:00,8.2,84.1,30,1004,TS,NOAA IBTrACS v04r01
2008338N06092,2008,UNNAMED,2008-12-06 15:00:00,8.2,83.8,33,998,TS,NOAA IBTrACS v04r01
2008338N06092,2008,UNNAMED,2008-12-06 18:00:00,8.2,83.6,30,1004,TS,NOAA IBTrACS v04r01
2008338N06092,2008,UNNAMED,2008-12-06 21:00:00,8.1,83.3,28,1002,TS,NOAA IBTrACS v04r01
2008338N06092,2008,UNNAMED,2008-12-07 00:00:00,8.2,83.1,25,1006,TS,NOAA IBTrACS v04r01
2008338N06092,2008,UNNAMED,2008-12-07 03:00:00,8.1,82.8,25,1006,TS,NOAA IBTrACS v04r01
2008338N06092,2008,UNNAMED,2008-12-07 06:00:00,8.1,82.6,25,1004,TS,NOAA IBTrACS v04r01
2008338N06092,2008,UNNAMED,2008-12-07 09:00:00,8.0,82.3,25,1006,TS,NOAA IBTrACS v04r01
2008338N06092,2008,UNNAMED,2008-12-07 12:00:00,7.9,81.9,25,1006,TS,NOAA IBTrACS v04r01
2008338N06092,2008,UNNAMED,2008-12-07 15:00:00,7.7,81.5,25,1004,TS,NOAA IBTrACS v04r01
2008338N06092,2008,UNNAMED,2008-12-07 18:00:00,7.5,81.0,25,1004,TS,NOAA IBTrACS v04r01
2008338N06092,2008,UNNAMED,2008-12-07 21:00:00,7.3,80.4,25,1004,TS,NOAA IBTrACS v04r01
2008338N06092,2008,UNNAMED,2008-12-08 00:00:00,7.0,79.9,25,1004,TS,NOAA IBTrACS v04r01
2008338N06092,2008,UNNAMED,2008-12-08 03:00:00,6.8,79.4,25,1004,TS,NOAA IBTrACS v04r01
2008338N06092,2008,UNNAMED,2008-12-08 06:00:00,6.7,79.1,25,1004,TS,NOAA IBTrACS v04r01
2008338N06092,2008,UNNAMED,2008-12-08 09:00:00,6.5,78.9,25,1004,TS,NOAA IBTrACS v04r01
2008338N06092,2008,UNNAMED,2008-12-08 12:00:00,6.4,78.7,25,1004,TS,NOAA IBTrACS v04r01
2008338N06092,2008,UNNAMED,2008-12-08 15:00:00,6.5,78.4,25,1004,TS,NOAA IBTrACS v04r01
2008338N06092,2008,UNNAMED,2008-12-08 18:00:00,6.6,78.1,25,1004,TS,NOAA IBTrACS v04r01
2008338N06092,2008,UNNAMED,2008-12-08 21:00:00,6.7,77.7,23,1006,TS,NOAA IBTrACS v04r01
2008338N06092,2008,UNNAMED,2008-12-09 00:00:00,6.7,77.3,20,1007,DS,NOAA IBTrACS v04r01
2008338N06092,2008,UNNAMED,2008-12-09 03:00:00,6.7,76.9,18,1009,DS,NOAA IBTrACS v04r01
2008338N06092,2008,UNNAMED,2008-12-09 06:00:00,6.7,76.5,15,1010,DS,NOAA IBTrACS v04r01
2008338N06092,2008,UNNAMED,2008-12-09 09:00:00,6.7,75.9,15,1010,DS,NOAA IBTrACS v04r01
2008338N06092,2008,UNNAMED,2008-12-09 12:00:00,6.7,75.3,15,1010,DS,NOAA IBTrACS v04r01
2008338N06092,2008,UNNAMED,2008-12-09 15:00:00,6.9,74.6,15,1010,DS,NOAA IBTrACS v04r01
2008338N06092,2008,UNNAMED,2008-12-09 18:00:00,7.1,73.9,15,1010,DS,NOAA IBTrACS v04r01
2009104N13088,2009,BIJLI,2009-04-14 00:00:00,12.6,87.7,25,1004,DS,NOAA IBTrACS v04r01
2009104N13088,2009,BIJLI,2009-04-14 03:00:00,12.7,87.9,28,1002,DS,NOAA IBTrACS v04r01
2009104N13088,2009,BIJLI,2009-04-14 06:00:00,12.7,88.1,30,1000,TS,NOAA IBTrACS v04r01
2009104N13088,2009,BIJLI,2009-04-14 09:00:00,12.5,88.1,25,1004,TS,NOAA IBTrACS v04r01
2009104N13088,2009,BIJLI,2009-04-14 12:00:00,12.4,87.9,25,1002,TS,NOAA IBTrACS v04r01
2009104N13088,2009,BIJLI,2009-04-14 15:00:00,12.4,87.8,30,1000,TS,NOAA IBTrACS v04r01
2009104N13088,2009,BIJLI,2009-04-14 18:00:00,12.5,87.7,25,1002,TS,NOAA IBTrACS v04r01
2009104N13088,2009,BIJLI,2009-04-14 21:00:00,12.8,87.7,30,1000,TS,NOAA IBTrACS v04r01
2009104N13088,2009,BIJLI,2009-04-15 00:00:00,13.3,87.7,25,1000,TS,NOAA IBTrACS v04r01
2009104N13088,2009,BIJLI,2009-04-15 03:00:00,13.9,87.3,25,1000,TS,NOAA IBTrACS v04r01
2009104N13088,2009,BIJLI,2009-04-15 06:00:00,14.5,87.1,30,1000,TS,NOAA IBTrACS v04r01
2009104N13088,2009,BIJLI,2009-04-15 09:00:00,15.0,86.7,38,995,TS,NOAA IBTrACS v04r01
2009104N13088,2009,BIJLI,2009-04-15 12:00:00,15.4,86.3,35,996,TS,NOAA IBTrACS v04r01
2009104N13088,2009,BIJLI,2009-04-15 15:00:00,15.8,86.2,40,996,TS,NOAA IBTrACS v04r01
2009104N13088,2009,BIJLI,2009-04-15 18:00:00,16.2,86.2,40,996,TS,NOAA IBTrACS v04r01
2009104N13088,2009,BIJLI,2009-04-15 21:00:00,16.3,86.2,40,996,TS,NOAA IBTrACS v04r01
2009104N13088,2009,BIJLI,2009-04-16 00:00:00,16.7,86.0,40,996,TS,NOAA IBTrACS v04r01
2009104N13088,2009,BIJLI,2009-04-16 03:00:00,17.1,86.0,40,996,TS,NOAA IBTrACS v04r01
2009104N13088,2009,BIJLI,2009-04-16 06:00:00,17.6,86.1,40,996,TS,NOAA IBTrACS v04r01
2009104N13088,2009,BIJLI,2009-04-16 09:00:00,18.0,86.2,40,996,TS,NOAA IBTrACS v04r01
2009104N13088,2009,BIJLI,2009-04-16 12:00:00,18.5,86.6,40,996,TS,NOAA IBTrACS v04r01
2009104N13088,2009,BIJLI,2009-04-16 15:00:00,18.6,86.7,40,996,TS,NOAA IBTrACS v04r01
2009104N13088,2009,BIJLI,2009-04-16 18:00:00,19.3,87.1,40,996,TS,NOAA IBTrACS v04r01
2009104N13088,2009,BIJLI,2009-04-16 21:00:00,19.8,87.6,40,996,TS,NOAA IBTrACS v04r01
2009104N13088,2009,BIJLI,2009-04-17 00:00:00,20.3,88.1,40,996,TS,NOAA IBTrACS v04r01
2009104N13088,2009,BIJLI,2009-04-17 03:00:00,20.5,88.6,35,996,TS,NOAA IBTrACS v04r01
2009104N13088,2009,BIJLI,2009-04-17 06:00:00,20.9,89.2,35,996,TS,NOAA IBTrACS v04r01
2009104N13088,2009,BIJLI,2009-04-17 09:00:00,21.3,89.8,30,996,TS,NOAA IBTrACS v04r01
2009104N13088,2009,BIJLI,2009-04-17 12:00:00,21.4,90.4,25,996,TS,NOAA IBTrACS v04r01
2009104N13088,2009,BIJLI,2009-04-17 15:00:00,21.7,91.3,25,996,TS,NOAA IBTrACS v04r01
2009104N13088,2009,BIJLI,2009-04-17 18:00:00,21.9,91.8,45,989,TS,NOAA IBTrACS v04r01
2009104N13088,2009,BIJLI,2009-04-17 21:00:00,22.1,92.4,43,991,TS,NOAA IBTrACS v04r01
2009104N13088,2009,BIJLI,2009-04-18 00:00:00,22.4,93.1,40,993,TS,NOAA IBTrACS v04r01
2009143N17089,2009,AILA,2009-05-22 18:00:00,16.9,88.8,25,1004,DS,NOAA IBTrACS v04r01
2009143N17089,2009,AILA,2009-05-22 21:00:00,16.7,88.8,25,1004,DS,NOAA IBTrACS v04r01
2009143N17089,2009,AILA,2009-05-23 00:00:00,16.7,88.8,25,1004,DS,NOAA IBTrACS v04r01
2009143N17089,2009,AILA,2009-05-23 03:00:00,16.8,88.9,28,1001,DS,NOAA IBTrACS v04r01
2009143N17089,2009,AILA,2009-05-23 06:00:00,16.9,88.8,25,998,TS,NOAA IBTrACS v04r01
2009143N17089,2009,AILA,2009-05-23 09:00:00,16.9,88.6,30,998,TS,NOAA IBTrACS v04r01
2009143N17089,2009,AILA,2009-05-23 12:00:00,16.9,88.5,25,994,TS,NOAA IBTrACS v04r01
2009143N17089,2009,AILA,2009-05-23 15:00:00,17.1,88.5,30,997,TS,NOAA IBTrACS v04r01
2009143N17089,2009,AILA,2009-05-23 18:00:00,17.3,88.6,25,996,TS,NOAA IBTrACS v04r01
2009143N17089,2009,AILA,2009-05-23 21:00:00,17.2,88.6,33,995,TS,NOAA IBTrACS v04r01
2009143N17089,2009,AILA,2009-05-24 00:00:00,17.4,88.5,25,996,TS,NOAA IBTrACS v04r01
2009143N17089,2009,AILA,2009-05-24 03:00:00,17.9,88.4,30,992,TS,NOAA IBTrACS v04r01
2009143N17089,2009,AILA,2009-05-24 06:00:00,18.0,88.4,30,988,TS,NOAA IBTrACS v04r01
2009143N17089,2009,AILA,2009-05-24 09:00:00,18.1,88.3,30,986,TS,NOAA IBTrACS v04r01
2009143N17089,2009,AILA,2009-05-24 12:00:00,18.5,88.3,35,986,TS,NOAA IBTrACS v04r01
2009143N17089,2009,AILA,2009-05-24 15:00:00,18.9,88.3,35,986,TS,NOAA IBTrACS v04r01
2009143N17089,2009,AILA,2009-05-24 18:00:00,19.1,88.3,35,986,TS,NOAA IBTrACS v04r01
2009143N17089,2009,AILA,2009-05-24 21:00:00,19.7,88.0,40,984,TS,NOAA IBTrACS v04r01
2009143N17089,2009,AILA,2009-05-25 00:00:00,20.0,88.1,40,980,TS,NOAA IBTrACS v04r01
2009143N17089,2009,AILA,2009-05-25 03:00:00,20.6,88.1,50,978,TS,NOAA IBTrACS v04r01
2009143N17089,2009,AILA,2009-05-25 06:00:00,21.6,88.2,55,974,TS,NOAA IBTrACS v04r01
2009143N17089,2009,AILA,2009-05-25 09:00:00,22.1,88.2,60,968,TS,NOAA IBTrACS v04r01
2009143N17089,2009,AILA,2009-05-25 12:00:00,22.7,88.2,50,970,TS,NOAA IBTrACS v04r01
2009143N17089,2009,AILA,2009-05-25 15:00:00,23.3,88.2,45,978,TS,NOAA IBTrACS v04r01
2009143N17089,2009,AILA,2009-05-25 18:00:00,23.9,88.3,40,980,TS,NOAA IBTrACS v04r01
2009143N17089,2009,AILA,2009-05-25 21:00:00,24.5,88.3,35,981,TS,NOAA IBTrACS v04r01
2009143N17089,2009,AILA,2009-05-26 00:00:00,25.4,88.4,30,982,TS,NOAA IBTrACS v04r01
2009143N17089,2009,AILA,2009-05-26 03:00:00,25.9,88.4,25,988,TS,NOAA IBTrACS v04r01
2009143N17089,2009,AILA,2009-05-26 06:00:00,26.9,88.8,20,992,MX,NOAA IBTrACS v04r01
2009174N18072,2009,UNNAMED,2009-06-23 00:00:00,18.0,71.5,25,998,TS,NOAA IBTrACS v04r01
2009174N18072,2009,UNNAMED,2009-06-23 03:00:00,19.0,71.5,25,1000,TS,NOAA IBTrACS v04r01
2009174N18072,2009,UNNAMED,2009-06-23 06:00:00,19.0,71.5,25,1000,TS,NOAA IBTrACS v04r01
2009174N18072,2009,UNNAMED,2009-06-23 09:00:00,20.0,71.5,25,1000,TS,NOAA IBTrACS v04r01
2009174N18072,2009,UNNAMED,2009-06-23 12:00:00,20.5,71.0,25,998,TS,NOAA IBTrACS v04r01
2009174N18072,2009,UNNAMED,2009-06-23 15:00:00,21.0,71.0,25,998,TS,NOAA IBTrACS v04r01
2009174N18072,2009,UNNAMED,2009-06-23 18:00:00,21.3,71.0,,,TS,NOAA IBTrACS v04r01
2009174N18072,2009,UNNAMED,2009-06-23 21:00:00,21.4,70.8,,,TS,NOAA IBTrACS v04r01
2009174N18072,2009,UNNAMED,2009-06-24 00:00:00,21.5,70.5,25,998,TS,NOAA IBTrACS v04r01
2009176N23069,2009,UNNAMED,2009-06-25 09:00:00,22.5,68.5,25,996,TS,NOAA IBTrACS v04r01
2009176N23069,2009,UNNAMED,2009-06-25 12:00:00,22.5,68.5,25,996,TS,NOAA IBTrACS v04r01
2009176N23069,2009,UNNAMED,2009-06-25 15:00:00,22.8,68.5,,,TS,NOAA IBTrACS v04r01
2009176N23069,2009,UNNAMED,2009-06-25 18:00:00,23.0,68.5,25,996,TS,NOAA IBTrACS v04r01
2009201N21089,2009,UNNAMED,2009-07-20 03:00:00,21.0,88.5,25,992,TS,NOAA IBTrACS v04r01
2009201N21089,2009,UNNAMED,2009-07-20 06:00:00,21.0,88.5,25,992,TS,NOAA IBTrACS v04r01
2009201N21089,2009,UNNAMED,2009-07-20 09:00:00,21.0,88.3,,,TS,NOAA IBTrACS v04r01
2009201N21089,2009,UNNAMED,2009-07-20 12:00:00,21.0,88.0,30,988,TS,NOAA IBTrACS v04r01
2009201N21089,2009,UNNAMED,2009-07-20 15:00:00,21.2,87.6,,,TS,NOAA IBTrACS v04r01
2009201N21089,2009,UNNAMED,2009-07-20 18:00:00,21.5,87.0,30,992,TS,NOAA IBTrACS v04r01
2009201N21089,2009,UNNAMED,2009-07-20 21:00:00,21.8,86.0,,,TS,NOAA IBTrACS v04r01
2009201N21089,2009,UNNAMED,2009-07-21 00:00:00,22.0,85.0,30,992,TS,NOAA IBTrACS v04r01
2009201N21089,2009,UNNAMED,2009-07-21 03:00:00,22.0,84.5,30,992,TS,NOAA IBTrACS v04r01
2009201N21089,2009,UNNAMED,2009-07-21 06:00:00,22.0,84.0,25,994,TS,NOAA IBTrACS v04r01
2009247N19089,2009,UNNAMED,2009-09-03 18:00:00,19.4,88.8,15,1010,DS,NOAA IBTrACS v04r01
2009247N19089,2009,UNNAMED,2009-09-03 21:00:00,19.5,88.6,18,1009,DS,NOAA IBTrACS v04r01
2009247N19089,2009,UNNAMED,2009-09-04 00:00:00,19.5,88.4,20,1007,DS,NOAA IBTrACS v04r01
2009247N19089,2009,UNNAMED,2009-09-04 03:00:00,19.5,88.2,20,1007,DS,NOAA IBTrACS v04r01
2009247N19089,2009,UNNAMED,2009-09-04 06:00:00,19.6,88.0,20,1007,DS,NOAA IBTrACS v04r01
2009247N19089,2009,UNNAMED,2009-09-04 09:00:00,19.7,87.9,20,1007,DS,NOAA IBTrACS v04r01
2009247N19089,2009,UNNAMED,2009-09-04 12:00:00,19.9,87.8,20,1007,DS,NOAA IBTrACS v04r01
2009247N19089,2009,UNNAMED,2009-09-04 15:00:00,20.1,87.8,23,1002,DS,NOAA IBTrACS v04r01
2009247N19089,2009,UNNAMED,2009-09-04 18:00:00,20.4,87.9,25,997,TS,NOAA IBTrACS v04r01
2009247N19089,2009,UNNAMED,2009-09-04 21:00:00,20.6,88.1,28,997,TS,NOAA IBTrACS v04r01
2009247N19089,2009,UNNAMED,2009-09-05 00:00:00,20.8,88.2,25,990,TS,NOAA IBTrACS v04r01
2009247N19089,2009,UNNAMED,2009-09-05 03:00:00,21.2,88.0,30,988,TS,NOAA IBTrACS v04r01
2009247N19089,2009,UNNAMED,2009-09-05 06:00:00,21.6,88.1,30,988,TS,NOAA IBTrACS v04r01
2009247N19089,2009,UNNAMED,2009-09-05 09:00:00,22.0,87.7,30,988,TS,NOAA IBTrACS v04r01
2009247N19089,2009,UNNAMED,2009-09-05 12:00:00,22.4,87.6,30,988,TS,NOAA IBTrACS v04r01
2009247N19089,2009,UNNAMED,2009-09-05 15:00:00,22.6,87.4,38,995,TS,NOAA IBTrACS v04r01
2009247N19089,2009,UNNAMED,2009-09-05 18:00:00,22.8,87.1,30,988,TS,NOAA IBTrACS v04r01
2009247N19089,2009,UNNAMED,2009-09-05 21:00:00,22.9,86.9,33,998,TS,NOAA IBTrACS v04r01
2009247N19089,2009,UNNAMED,2009-09-06 00:00:00,23.1,86.6,30,988,TS,NOAA IBTrACS v04r01
2009247N19089,2009,UNNAMED,2009-09-06 03:00:00,23.4,86.2,30,988,TS,NOAA IBTrACS v04r01
2009247N19089,2009,UNNAMED,2009-09-06 06:00:00,23.4,85.9,30,1000,TS,NOAA IBTrACS v04r01
2009247N19089,2009,UNNAMED,2009-09-06 09:00:00,23.5,85.7,30,988,TS,NOAA IBTrACS v04r01
2009247N19089,2009,UNNAMED,2009-09-06 12:00:00,23.8,85.3,30,988,MX,NOAA IBTrACS v04r01
2009247N19089,2009,UNNAMED,2009-09-06 15:00:00,24.0,84.9,25,1004,MX,NOAA IBTrACS v04r01
2009247N19089,2009,UNNAMED,2009-09-06 18:00:00,24.1,84.7,30,988,MX,NOAA IBTrACS v04r01
2009247N19089,2009,UNNAMED,2009-09-06 21:00:00,24.3,84.3,20,1007,MX,NOAA IBTrACS v04r01
2009247N19089,2009,UNNAMED,2009-09-07 00:00:00,24.4,84.1,30,988,MX,NOAA IBTrACS v04r01
2009247N19089,2009,UNNAMED,2009-09-07 03:00:00,24.5,84.0,30,990,TS,NOAA IBTrACS v04r01
2009247N19089,2009,UNNAMED,2009-09-07 06:00:00,24.5,84.0,,,TS,NOAA IBTrACS v04r01
2009247N19089,2009,UNNAMED,2009-09-07 09:00:00,24.5,84.0,25,994,TS,NOAA IBTrACS v04r01
2009313N11072,2009,PHYAN,2009-11-09 03:00:00,11.0,72.0,25,1000,TS,NOAA IBTrACS v04r01
2009313N11072,2009,PHYAN,2009-11-09 06:00:00,11.6,71.4,25,1000,MX,NOAA IBTrACS v04r01
2009313N11072,2009,PHYAN,2009-11-09 09:00:00,11.9,71.2,25,1004,MX,NOAA IBTrACS v04r01
2009313N11072,2009,PHYAN,2009-11-09 12:00:00,12.1,71.1,25,1000,TS,NOAA IBTrACS v04r01
2009313N11072,2009,PHYAN,2009-11-09 15:00:00,12.4,70.9,33,998,TS,NOAA IBTrACS v04r01
2009313N11072,2009,PHYAN,2009-11-09 18:00:00,12.7,70.8,25,998,TS,NOAA IBTrACS v04r01
2009313N11072,2009,PHYAN,2009-11-09 21:00:00,13.0,70.8,30,998,TS,NOAA IBTrACS v04r01
2009313N11072,2009,PHYAN,2009-11-10 00:00:00,13.4,70.8,30,998,TS,NOAA IBTrACS v04r01
2009313N11072,2009,PHYAN,2009-11-10 03:00:00,13.9,71.0,35,996,TS,NOAA IBTrACS v04r01
2009313N11072,2009,PHYAN,2009-11-10 06:00:00,14.4,71.2,30,996,TS,NOAA IBTrACS v04r01
2009313N11072,2009,PHYAN,2009-11-10 09:00:00,14.6,71.2,40,993,TS,NOAA IBTrACS v04r01
2009313N11072,2009,PHYAN,2009-11-10 12:00:00,15.0,71.3,35,996,TS,NOAA IBTrACS v04r01
2009313N11072,2009,PHYAN,2009-11-10 15:00:00,15.4,71.6,35,994,TS,NOAA IBTrACS v04r01
2009313N11072,2009,PHYAN,2009-11-10 18:00:00,15.8,71.8,40,992,TS,NOAA IBTrACS v04r01
2009313N11072,2009,PHYAN,2009-11-10 21:00:00,16.5,72.2,45,990,TS,NOAA IBTrACS v04r01
2009313N11072,2009,PHYAN,2009-11-11 00:00:00,17.0,72.6,45,988,TS,NOAA IBTrACS v04r01
2009313N11072,2009,PHYAN,2009-11-11 03:00:00,17.9,72.7,40,992,TS,NOAA IBTrACS v04r01
2009313N11072,2009,PHYAN,2009-11-11 06:00:00,18.8,73.3,30,996,TS,NOAA IBTrACS v04r01
2009313N11072,2009,PHYAN,2009-11-11 09:00:00,19.4,73.7,30,998,TS,NOAA IBTrACS v04r01
2009313N11072,2009,PHYAN,2009-11-11 12:00:00,19.7,73.9,20,1000,TS,NOAA IBTrACS v04r01
2009344N06085,2009,WARD,2009-12-10 09:00:00,6.5,85.0,25,1004,TS,NOAA IBTrACS v04r01
2009344N06085,2009,WARD,2009-12-10 12:00:00,6.5,85.0,25,1004,TS,NOAA IBTrACS v04r01
2009344N06085,2009,WARD,2009-12-10 15:00:00,6.5,85.0,,,TS,NOAA IBTrACS v04r01
2009344N06085,2009,WARD,2009-12-10 18:00:00,6.7,85.0,25,1003,MX,NOAA IBTrACS v04r01
2009344N06085,2009,WARD,2009-12-10 21:00:00,7.1,84.8,23,1006,MX,NOAA IBTrACS v04r01
2009344N06085,2009,WARD,2009-12-11 00:00:00,7.4,84.6,30,1000,TS,NOAA IBTrACS v04r01
2009344N06085,2009,WARD,2009-12-11 03:00:00,7.7,84.7,30,1000,TS,NOAA IBTrACS v04r01
2009344N06085,2009,WARD,2009-12-11 06:00:00,8.4,84.7,30,1000,TS,NOAA IBTrACS v04r01
2009344N06085,2009,WARD,2009-12-11 09:00:00,8.7,84.8,35,998,TS,NOAA IBTrACS v04r01
2009344N06085,2009,WARD,2009-12-11 12:00:00,8.8,84.9,35,998,TS,NOAA IBTrACS v04r01
2009344N06085,2009,WARD,2009-12-11 15:00:00,9.2,84.9,35,998,TS,NOAA IBTrACS v04r01
2009344N06085,2009,WARD,2009-12-11 18:00:00,9.3,84.8,40,998,TS,NOAA IBTrACS v04r01
2009344N06085,2009,WARD,2009-12-11 21:00:00,9.6,84.7,45,996,TS,NOAA IBTrACS v04r01
2009344N06085,2009,WARD,2009-12-12 00:00:00,9.9,84.6,45,996,TS,NOAA IBTrACS v04r01
2009344N06085,2009,WARD,2009-12-12 03:00:00,9.9,84.5,45,996,TS,NOAA IBTrACS v04r01
2009344N06085,2009,WARD,2009-12-12 06:00:00,10.0,84.4,45,996,TS,NOAA IBTrACS v04r01
2009344N06085,2009,WARD,2009-12-12 09:00:00,9.9,84.0,40,998,TS,NOAA IBTrACS v04r01
2009344N06085,2009,WARD,2009-12-12 12:00:00,9.9,83.7,35,998,TS,NOAA IBTrACS v04r01
2009344N06085,2009,WARD,2009-12-12 15:00:00,9.7,83.6,35,998,TS,NOAA IBTrACS v04r01
2009344N06085,2009,WARD,2009-12-12 18:00:00,9.4,83.5,30,1000,TS,NOAA IBTrACS v04r01
2009344N06085,2009,WARD,2009-12-12 21:00:00,9.3,83.3,43,991,TS,NOAA IBTrACS v04r01
2009344N06085,2009,WARD,2009-12-13 00:00:00,9.3,83.2,30,1000,TS,NOAA IBTrACS v04r01
2009344N06085,2009,WARD,2009-12-13 03:00:00,9.3,83.1,30,1000,TS,NOAA IBTrACS v04r01
2009344N06085,2009,WARD,2009-12-13 06:00:00,9.0,83.0,30,1002,TS,NOAA IBTrACS v04r01
2009344N06085,2009,WARD,2009-12-13 09:00:00,8.9,82.9,35,996,TS,NOAA IBTrACS v04r01
2009344N06085,2009,WARD,2009-12-13 12:00:00,9.0,82.8,30,1002,TS,NOAA IBTrACS v04r01
2009344N06085,2009,WARD,2009-12-13 15:00:00,8.9,82.6,35,996,TS,NOAA IBTrACS v04r01
2009344N06085,2009,WARD,2009-12-13 18:00:00,9.0,82.3,30,1002,TS,NOAA IBTrACS v04r01
2009344N06085,2009,WARD,2009-12-13 21:00:00,9.0,82.1,33,998,TS,NOAA IBTrACS v04r01
2009344N06085,2009,WARD,2009-12-14 00:00:00,9.0,81.8,30,1002,TS,NOAA IBTrACS v04r01
2009344N06085,2009,WARD,2009-12-14 03:00:00,8.6,81.5,30,1004,TS,NOAA IBTrACS v04r01
2009344N06085,2009,WARD,2009-12-14 06:00:00,8.5,81.5,30,1004,TS,NOAA IBTrACS v04r01
2009344N06085,2009,WARD,2009-12-14 09:00:00,8.5,81.2,25,1004,TS,NOAA IBTrACS v04r01
2009344N06085,2009,WARD,2009-12-14 12:00:00,8.5,81.1,25,1004,MX,NOAA IBTrACS v04r01
2009344N06085,2009,WARD,2009-12-14 15:00:00,8.5,81.1,20,1007,MX,NOAA IBTrACS v04r01
2009344N06085,2009,WARD,2009-12-14 18:00:00,8.5,81.0,25,1005,MX,NOAA IBTrACS v04r01
2009344N06085,2009,WARD,2009-12-14 21:00:00,8.5,80.8,,,TS,NOAA IBTrACS v04r01
2009344N06085,2009,WARD,2009-12-15 00:00:00,8.5,80.5,25,1007,TS,NOAA IBTrACS v04r01
2010136N09057,2010,BANDU,2010-05-15 12:00:00,9.3,56.5,15,1010,DS,NOAA IBTrACS v04r01
2010136N09057,2010,BANDU,2010-05-15 15:00:00,9.3,56.8,15,1010,DS,NOAA IBTrACS v04r01
2010136N09057,2010,BANDU,2010-05-15 18:00:00,9.4,57.0,15,1010,DS,NOAA IBTrACS v04r01
2010136N09057,2010,BANDU,2010-05-15 21:00:00,9.6,57.1,15,1010,DS,NOAA IBTrACS v04r01
2010136N09057,2010,BANDU,2010-05-16 00:00:00,9.8,57.0,15,1010,DS,NOAA IBTrACS v04r01
2010136N09057,2010,BANDU,2010-05-16 03:00:00,9.9,57.0,15,1010,DS,NOAA IBTrACS v04r01
2010136N09057,2010,BANDU,2010-05-16 06:00:00,10.0,56.8,15,1010,DS,NOAA IBTrACS v04r01
2010136N09057,2010,BANDU,2010-05-16 09:00:00,10.1,56.4,15,1010,DS,NOAA IBTrACS v04r01
2010136N09057,2010,BANDU,2010-05-16 12:00:00,10.1,56.1,15,1010,DS,NOAA IBTrACS v04r01
2010136N09057,2010,BANDU,2010-05-16 15:00:00,10.0,56.0,15,1010,DS,NOAA IBTrACS v04r01
2010136N09057,2010,BANDU,2010-05-16 18:00:00,9.9,56.0,15,1010,DS,NOAA IBTrACS v04r01
2010136N09057,2010,BANDU,2010-05-16 21:00:00,9.7,56.2,15,1010,DS,NOAA IBTrACS v04r01
2010136N09057,2010,BANDU,2010-05-17 00:00:00,9.6,56.6,15,1010,DS,NOAA IBTrACS v04r01
2010136N09057,2010,BANDU,2010-05-17 03:00:00,9.7,57.0,15,1010,DS,NOAA IBTrACS v04r01
2010136N09057,2010,BANDU,2010-05-17 06:00:00,9.7,57.3,15,1010,DS,NOAA IBTrACS v04r01
2010136N09057,2010,BANDU,2010-05-17 09:00:00,9.5,57.5,15,1010,DS,NOAA IBTrACS v04r01
2010136N09057,2010,BANDU,2010-05-17 12:00:00,9.3,57.6,15,1010,DS,NOAA IBTrACS v04r01
2010136N09057,2010,BANDU,2010-05-17 15:00:00,9.0,57.5,15,1010,DS,NOAA IBTrACS v04r01
2010136N09057,2010,BANDU,2010-05-17 18:00:00,8.9,57.3,15,1010,DS,NOAA IBTrACS v04r01
2010136N09057,2010,BANDU,2010-05-17 21:00:00,9.0,57.0,15,1010,DS,NOAA IBTrACS v04r01
2010136N09057,2010,BANDU,2010-05-18 00:00:00,9.2,56.7,15,1010,DS,NOAA IBTrACS v04r01
2010136N09057,2010,BANDU,2010-05-18 03:00:00,9.4,56.6,15,1010,DS,NOAA IBTrACS v04r01
2010136N09057,2010,BANDU,2010-05-18 06:00:00,9.6,56.5,15,1010,DS,NOAA IBTrACS v04r01
2010136N09057,2010,BANDU,2010-05-18 09:00:00,9.9,56.3,15,1010,DS,NOAA IBTrACS v04r01
2010136N09057,2010,BANDU,2010-05-18 12:00:00,10.2,56.1,15,1010,DS,NOAA IBTrACS v04r01
2010136N09057,2010,BANDU,2010-05-18 15:00:00,10.4,55.8,18,1009,DS,NOAA IBTrACS v04r01
2010136N09057,2010,BANDU,2010-05-18 18:00:00,10.6,55.4,20,1007,DS,NOAA IBTrACS v04r01
2010136N09057,2010,BANDU,2010-05-18 21:00:00,10.8,54.9,23,1006,DS,NOAA IBTrACS v04r01
2010136N09057,2010,BANDU,2010-05-19 00:00:00,10.9,54.5,25,1004,TS,NOAA IBTrACS v04r01
2010136N09057,2010,BANDU,2010-05-19 03:00:00,11.0,54.2,28,1002,TS,NOAA IBTrACS v04r01
2010136N09057,2010,BANDU,2010-05-19 06:00:00,11.1,54.0,30,1000,TS,NOAA IBTrACS v04r01
2010136N09057,2010,BANDU,2010-05-19 09:00:00,11.1,53.8,25,1002,TS,NOAA IBTrACS v04r01
2010136N09057,2010,BANDU,2010-05-19 12:00:00,11.2,53.7,25,1002,TS,NOAA IBTrACS v04r01
2010136N09057,2010,BANDU,2010-05-19 15:00:00,11.4,53.4,25,1002,TS,NOAA IBTrACS v04r01
2010136N09057,2010,BANDU,2010-05-19 18:00:00,11.5,53.3,30,1000,TS,NOAA IBTrACS v04r01
2010136N09057,2010,BANDU,2010-05-19 21:00:00,11.5,53.0,30,1000,TS,NOAA IBTrACS v04r01
2010136N09057,2010,BANDU,2010-05-20 00:00:00,11.6,53.0,30,1000,TS,NOAA IBTrACS v04r01
2010136N09057,2010,BANDU,2010-05-20 03:00:00,11.7,52.9,30,999,TS,NOAA IBTrACS v04r01
2010136N09057,2010,BANDU,2010-05-20 06:00:00,11.8,52.9,30,999,TS,NOAA IBTrACS v04r01
2010136N09057,2010,BANDU,2010-05-20 09:00:00,12.1,52.8,30,999,TS,NOAA IBTrACS v04r01
2010136N09057,2010,BANDU,2010-05-20 12:00:00,12.4,52.5,30,999,TS,NOAA IBTrACS v04r01
2010136N09057,2010,BANDU,2010-05-20 15:00:00,12.5,52.2,45,989,TS,NOAA IBTrACS v04r01
2010136N09057,2010,BANDU,2010-05-20 18:00:00,12.5,51.9,30,999,TS,NOAA IBTrACS v04r01
2010136N09057,2010,BANDU,2010-05-20 21:00:00,12.5,51.8,45,989,TS,NOAA IBTrACS v04r01
2010136N09057,2010,BANDU,2010-05-21 00:00:00,12.5,51.8,30,998,TS,NOAA IBTrACS v04r01
2010136N09057,2010,BANDU,2010-05-21 03:00:00,12.6,51.7,30,998,TS,NOAA IBTrACS v04r01
2010136N09057,2010,BANDU,2010-05-21 06:00:00,12.6,51.7,30,998,TS,NOAA IBTrACS v04r01
2010136N09057,2010,BANDU,2010-05-21 09:00:00,12.6,51.7,30,996,TS,NOAA IBTrACS v04r01
2010136N09057,2010,BANDU,2010-05-21 12:00:00,12.7,51.7,40,994,TS,NOAA IBTrACS v04r01
2010136N09057,2010,BANDU,2010-05-21 15:00:00,12.6,51.7,40,994,TS,NOAA IBTrACS v04r01
2010136N09057,2010,BANDU,2010-05-21 18:00:00,12.6,51.7,40,994,TS,NOAA IBTrACS v04r01
2010136N09057,2010,BANDU,2010-05-21 21:00:00,12.5,51.3,40,994,TS,NOAA IBTrACS v04r01
2010136N09057,2010,BANDU,2010-05-22 00:00:00,12.6,51.0,40,994,TS,NOAA IBTrACS v04r01
2010136N09057,2010,BANDU,2010-05-22 03:00:00,12.5,50.9,40,994,TS,NOAA IBTrACS v04r01
2010136N09057,2010,BANDU,2010-05-22 06:00:00,12.6,50.9,40,994,TS,NOAA IBTrACS v04r01
2010136N09057,2010,BANDU,2010-05-22 09:00:00,12.5,50.6,35,996,TS,NOAA IBTrACS v04r01
2010136N09057,2010,BANDU,2010-05-22 12:00:00,12.6,50.6,30,998,TS,NOAA IBTrACS v04r01
2010136N09057,2010,BANDU,2010-05-22 15:00:00,12.6,50.5,33,998,TS,NOAA IBTrACS v04r01
2010136N09057,2010,BANDU,2010-05-22 18:00:00,12.6,50.4,25,1000,TS,NOAA IBTrACS v04r01
2010137N10090,2010,LAILA,2010-05-16 18:00:00,9.8,90.4,15,1010,DS,NOAA IBTrACS v04r01
2010137N10090,2010,LAILA,2010-05-16 21:00:00,10.2,90.1,18,1009,DS,NOAA IBTrACS v04r01
2010137N10090,2010,LAILA,2010-05-17 00:00:00,10.5,89.7,20,1007,DS,NOAA IBTrACS v04r01
2010137N10090,2010,LAILA,2010-05-17 03:00:00,10.7,89.3,23,1006,DS,NOAA IBTrACS v04r01
2010137N10090,2010,LAILA,2010-05-17 06:00:00,10.8,88.7,25,1004,TS,NOAA IBTrACS v04r01
2010137N10090,2010,LAILA,2010-05-17 09:00:00,11.0,88.3,28,1002,TS,NOAA IBTrACS v04r01
2010137N10090,2010,LAILA,2010-05-17 12:00:00,11.2,87.9,30,1000,TS,NOAA IBTrACS v04r01
2010137N10090,2010,LAILA,2010-05-17 15:00:00,11.4,87.6,33,998,TS,NOAA IBTrACS v04r01
2010137N10090,2010,LAILA,2010-05-17 18:00:00,11.6,87.2,30,998,TS,NOAA IBTrACS v04r01
2010137N10090,2010,LAILA,2010-05-17 21:00:00,11.7,86.8,38,995,TS,NOAA IBTrACS v04r01
2010137N10090,2010,LAILA,2010-05-18 00:00:00,11.8,86.3,35,998,TS,NOAA IBTrACS v04r01
2010137N10090,2010,LAILA,2010-05-18 03:00:00,12.1,85.4,40,996,TS,NOAA IBTrACS v04r01
2010137N10090,2010,LAILA,2010-05-18 06:00:00,12.5,84.6,45,992,TS,NOAA IBTrACS v04r01
2010137N10090,2010,LAILA,2010-05-18 09:00:00,12.9,84.0,45,992,TS,NOAA IBTrACS v04r01
2010137N10090,2010,LAILA,2010-05-18 12:00:00,13.1,83.5,45,990,TS,NOAA IBTrACS v04r01
2010137N10090,2010,LAILA,2010-05-18 15:00:00,13.1,83.0,45,990,TS,NOAA IBTrACS v04r01
2010137N10090,2010,LAILA,2010-05-18 18:00:00,13.1,82.6,45,990,TS,NOAA IBTrACS v04r01
2010137N10090,2010,LAILA,2010-05-18 21:00:00,13.1,82.1,45,990,TS,NOAA IBTrACS v04r01
2010137N10090,2010,LAILA,2010-05-19 00:00:00,13.5,82.0,45,990,TS,NOAA IBTrACS v04r01
2010137N10090,2010,LAILA,2010-05-19 03:00:00,13.5,81.8,45,990,TS,NOAA IBTrACS v04r01
2010137N10090,2010,LAILA,2010-05-19 06:00:00,13.6,81.5,55,986,TS,NOAA IBTrACS v04r01
2010137N10090,2010,LAILA,2010-05-19 09:00:00,13.9,81.5,55,986,TS,NOAA IBTrACS v04r01
2010137N10090,2010,LAILA,2010-05-19 12:00:00,14.0,81.5,55,986,TS,NOAA IBTrACS v04r01
2010137N10090,2010,LAILA,2010-05-19 15:00:00,14.1,81.4,55,986,TS,NOAA IBTrACS v04r01
2010137N10090,2010,LAILA,2010-05-19 18:00:00,14.6,81.1,55,986,TS,NOAA IBTrACS v04r01
2010137N10090,2010,LAILA,2010-05-19 21:00:00,14.7,81.0,55,986,TS,NOAA IBTrACS v04r01
2010137N10090,2010,LAILA,2010-05-20 00:00:00,15.1,81.0,55,986,TS,NOAA IBTrACS v04r01
2010137N10090,2010,LAILA,2010-05-20 03:00:00,15.4,80.6,55,986,TS,NOAA IBTrACS v04r01
2010137N10090,2010,LAILA,2010-05-20 06:00:00,15.6,80.6,55,986,TS,NOAA IBTrACS v04r01
2010137N10090,2010,LAILA,2010-05-20 09:00:00,15.7,80.5,55,986,TS,NOAA IBTrACS v04r01
2010137N10090,2010,LAILA,2010-05-20 12:00:00,15.9,80.5,45,990,TS,NOAA IBTrACS v04r01
2010137N10090,2010,LAILA,2010-05-20 15:00:00,15.9,80.5,45,990,TS,NOAA IBTrACS v04r01
2010137N10090,2010,LAILA,2010-05-20 18:00:00,16.0,80.6,45,990,TS,NOAA IBTrACS v04r01
2010137N10090,2010,LAILA,2010-05-20 21:00:00,16.1,80.7,40,990,TS,NOAA IBTrACS v04r01
2010137N10090,2010,LAILA,2010-05-21 00:00:00,16.3,80.8,35,990,TS,NOAA IBTrACS v04r01
2010137N10090,2010,LAILA,2010-05-21 03:00:00,16.5,81.0,30,995,TS,NOAA IBTrACS v04r01
2010137N10090,2010,LAILA,2010-05-21 06:00:00,16.8,81.2,20,999,TS,NOAA IBTrACS v04r01
2010137N10090,2010,LAILA,2010-05-21 09:00:00,16.8,81.3,35,997,TS,NOAA IBTrACS v04r01
2010137N10090,2010,LAILA,2010-05-21 12:00:00,16.9,81.5,30,1000,TS,NOAA IBTrACS v04r01
2010137N10090,2010,LAILA,2010-05-21 15:00:00,17.0,81.7,28,1002,TS,NOAA IBTrACS v04r01
2010137N10090,2010,LAILA,2010-05-21 18:00:00,17.1,81.9,25,1004,TS,NOAA IBTrACS v04r01
2010151N14065,2010,PHET,2010-05-30 12:00:00,14.4,65.0,15,1010,DS,NOAA IBTrACS v04r01
2010151N14065,2010,PHET,2010-05-30 15:00:00,14.5,64.9,18,1008,DS,NOAA IBTrACS v04r01
2010151N14065,2010,PHET,2010-05-30 18:00:00,14.5,64.7,20,1005,DS,NOAA IBTrACS v04r01
2010151N14065,2010,PHET,2010-05-30 21:00:00,14.5,64.5,23,1005,DS,NOAA IBTrACS v04r01
2010151N14065,2010,PHET,2010-05-31 00:00:00,14.5,64.4,25,1004,TS,NOAA IBTrACS v04r01
2010151N14065,2010,PHET,2010-05-31 03:00:00,14.6,64.3,28,1003,TS,NOAA IBTrACS v04r01
2010151N14065,2010,PHET,2010-05-31 06:00:00,14.8,64.2,25,1001,TS,NOAA IBTrACS v04r01
2010151N14065,2010,PHET,2010-05-31 09:00:00,15.0,64.0,30,1001,TS,NOAA IBTrACS v04r01
2010151N14065,2010,PHET,2010-05-31 12:00:00,15.2,63.8,25,1001,TS,NOAA IBTrACS v04r01
2010151N14065,2010,PHET,2010-05-31 15:00:00,15.4,63.7,33,998,TS,NOAA IBTrACS v04r01
2010151N14065,2010,PHET,2010-05-31 18:00:00,15.5,63.6,25,999,TS,NOAA IBTrACS v04r01
2010151N14065,2010,PHET,2010-05-31 21:00:00,15.5,63.5,40,993,TS,NOAA IBTrACS v04r01
2010151N14065,2010,PHET,2010-06-01 00:00:00,15.7,63.4,30,998,TS,NOAA IBTrACS v04r01
2010151N14065,2010,PHET,2010-06-01 03:00:00,15.8,63.2,30,998,TS,NOAA IBTrACS v04r01
2010151N14065,2010,PHET,2010-06-01 06:00:00,16.2,62.9,30,996,TS,NOAA IBTrACS v04r01
2010151N14065,2010,PHET,2010-06-01 09:00:00,16.3,62.8,35,995,TS,NOAA IBTrACS v04r01
2010151N14065,2010,PHET,2010-06-01 12:00:00,16.7,62.4,35,994,TS,NOAA IBTrACS v04r01
2010151N14065,2010,PHET,2010-06-01 15:00:00,16.7,62.2,40,992,TS,NOAA IBTrACS v04r01
2010151N14065,2010,PHET,2010-06-01 18:00:00,17.1,61.8,45,990,TS,NOAA IBTrACS v04r01
2010151N14065,2010,PHET,2010-06-01 21:00:00,17.1,61.6,45,990,TS,NOAA IBTrACS v04r01
2010151N14065,2010,PHET,2010-06-02 00:00:00,17.5,61.3,55,986,TS,NOAA IBTrACS v04r01
2010151N14065,2010,PHET,2010-06-02 03:00:00,17.5,60.9,60,984,TS,NOAA IBTrACS v04r01
2010151N14065,2010,PHET,2010-06-02 06:00:00,17.7,60.8,70,978,TS,NOAA IBTrACS v04r01
2010151N14065,2010,PHET,2010-06-02 09:00:00,18.0,60.4,80,968,TS,NOAA IBTrACS v04r01
2010151N14065,2010,PHET,2010-06-02 12:00:00,18.1,60.3,85,964,TS,NOAA IBTrACS v04r01
2010151N14065,2010,PHET,2010-06-02 15:00:00,18.4,59.9,85,964,TS,NOAA IBTrACS v04r01
2010151N14065,2010,PHET,2010-06-02 18:00:00,18.5,59.9,85,966,TS,NOAA IBTrACS v04r01
2010151N14065,2010,PHET,2010-06-02 21:00:00,18.5,59.8,80,970,TS,NOAA IBTrACS v04r01
2010151N14065,2010,PHET,2010-06-03 00:00:00,18.5,59.6,75,974,TS,NOAA IBTrACS v04r01
2010151N14065,2010,PHET,2010-06-03 03:00:00,18.6,59.5,75,974,TS,NOAA IBTrACS v04r01
2010151N14065,2010,PHET,2010-06-03 06:00:00,19.1,59.6,70,978,TS,NOAA IBTrACS v04r01
2010151N14065,2010,PHET,2010-06-03 09:00:00,19.5,59.5,70,978,TS,NOAA IBTrACS v04r01
2010151N14065,2010,PHET,2010-06-03 12:00:00,20.0,59.5,70,978,TS,NOAA IBTrACS v04r01
2010151N14065,2010,PHET,2010-06-03 15:00:00,20.2,59.4,70,978,TS,NOAA IBTrACS v04r01
2010151N14065,2010,PHET,2010-06-03 18:00:00,20.7,59.4,65,980,TS,NOAA IBTrACS v04r01
2010151N14065,2010,PHET,2010-06-03 21:00:00,21.1,59.3,65,980,TS,NOAA IBTrACS v04r01
2010151N14065,2010,PHET,2010-06-04 00:00:00,21.5,59.3,65,980,TS,NOAA IBTrACS v04r01
2010151N14065,2010,PHET,2010-06-04 03:00:00,21.9,59.3,60,982,TS,NOAA IBTrACS v04r01
2010151N14065,2010,PHET,2010-06-04 06:00:00,22.2,59.4,60,984,TS,NOAA IBTrACS v04r01
2010151N14065,2010,PHET,2010-06-04 09:00:00,22.6,59.4,60,984,TS,NOAA IBTrACS v04r01
2010151N14065,2010,PHET,2010-06-04 12:00:00,23.0,59.5,60,984,TS,NOAA IBTrACS v04r01
2010151N14065,2010,PHET,2010-06-04 15:00:00,23.2,59.5,55,986,TS,NOAA IBTrACS v04r01
2010151N14065,2010,PHET,2010-06-04 18:00:00,23.3,59.6,55,988,TS,NOAA IBTrACS v04r01
2010151N14065,2010,PHET,2010-06-04 21:00:00,23.7,60.0,50,990,TS,NOAA IBTrACS v04r01
2010151N14065,2010,PHET,2010-06-05 00:00:00,24.0,60.4,45,990,TS,NOAA IBTrACS v04r01
2010151N14065,2010,PHET,2010-06-05 03:00:00,24.2,60.8,40,992,TS,NOAA IBTrACS v04r01
2010151N14065,2010,PHET,2010-06-05 06:00:00,24.2,61.0,40,992,TS,NOAA IBTrACS v04r01
2010151N14065,2010,PHET,2010-06-05 09:00:00,24.1,61.1,40,992,TS,NOAA IBTrACS v04r01
2010151N14065,2010,PHET,2010-06-05 12:00:00,24.0,61.6,40,992,TS,NOAA IBTrACS v04r01
2010151N14065,2010,PHET,2010-06-05 15:00:00,23.9,62.0,35,994,TS,NOAA IBTrACS v04r01
2010151N14065,2010,PHET,2010-06-05 18:00:00,23.9,62.5,30,994,TS,NOAA IBTrACS v04r01
2010151N14065,2010,PHET,2010-06-05 21:00:00,23.7,63.1,30,994,TS,NOAA IBTrACS v04r01
2010151N14065,2010,PHET,2010-06-06 00:00:00,23.7,64.1,30,994,TS,NOAA IBTrACS v04r01
2010151N14065,2010,PHET,2010-06-06 03:00:00,23.8,65.0,25,994,TS,NOAA IBTrACS v04r01
2010151N14065,2010,PHET,2010-06-06 06:00:00,24.0,65.9,25,994,TS,NOAA IBTrACS v04r01
2010151N14065,2010,PHET,2010-06-06 09:00:00,24.2,66.6,25,994,TS,NOAA IBTrACS v04r01
2010151N14065,2010,PHET,2010-06-06 12:00:00,24.6,67.2,25,1000,TS,NOAA IBTrACS v04r01
2010151N14065,2010,PHET,2010-06-06 15:00:00,25.0,67.9,25,993,TS,NOAA IBTrACS v04r01
2010151N14065,2010,PHET,2010-06-06 18:00:00,25.1,68.7,25,991,TS,NOAA IBTrACS v04r01
2010151N14065,2010,PHET,2010-06-06 21:00:00,25.7,69.6,28,1002,TS,NOAA IBTrACS v04r01
2010151N14065,2010,PHET,2010-06-07 00:00:00,26.4,70.5,25,993,TS,NOAA IBTrACS v04r01
2010151N14065,2010,PHET,2010-06-07 03:00:00,26.7,71.5,25,993,TS,NOAA IBTrACS v04r01
2010151N14065,2010,PHET,2010-06-07 06:00:00,27.1,72.9,20,995,MX,NOAA IBTrACS v04r01
2010280N17085,2010,UNNAMED,2010-10-07 03:00:00,16.5,84.5,25,998,TS,NOAA IBTrACS v04r01
2010280N17085,2010,UNNAMED,2010-10-07 06:00:00,17.5,84.5,25,998,TS,NOAA IBTrACS v04r01
2010280N17085,2010,UNNAMED,2010-10-07 09:00:00,18.1,84.7,,,TS,NOAA IBTrACS v04r01
2010280N17085,2010,UNNAMED,2010-10-07 12:00:00,18.5,85.0,25,996,TS,NOAA IBTrACS v04r01
2010280N17085,2010,UNNAMED,2010-10-07 15:00:00,18.7,85.2,,,TS,NOAA IBTrACS v04r01
2010280N17085,2010,UNNAMED,2010-10-07 18:00:00,19.0,85.5,25,996,TS,NOAA IBTrACS v04r01
2010280N17085,2010,UNNAMED,2010-10-07 21:00:00,19.4,85.9,,,TS,NOAA IBTrACS v04r01
2010280N17085,2010,UNNAMED,2010-10-08 00:00:00,20.0,86.5,25,998,TS,NOAA IBTrACS v04r01
2010280N17085,2010,UNNAMED,2010-10-08 03:00:00,21.0,87.5,25,998,TS,NOAA IBTrACS v04r01
2010280N17085,2010,UNNAMED,2010-10-08 06:00:00,22.0,89.0,25,998,TS,NOAA IBTrACS v04r01
2010280N17085,2010,UNNAMED,2010-10-08 09:00:00,22.8,90.0,,,TS,NOAA IBTrACS v04r01
2010280N17085,2010,UNNAMED,2010-10-08 12:00:00,23.5,90.5,25,1000,TS,NOAA IBTrACS v04r01
2010280N17085,2010,UNNAMED,2010-10-08 15:00:00,24.0,90.8,,,TS,NOAA IBTrACS v04r01
2010280N17085,2010,UNNAMED,2010-10-08 18:00:00,24.5,91.0,25,1002,TS,NOAA IBTrACS v04r01
2010286N18090,2010,UNNAMED,2010-10-13 06:00:00,17.5,90.0,25,1002,TS,NOAA IBTrACS v04r01
2010286N18090,2010,UNNAMED,2010-10-13 09:00:00,17.4,89.5,,,TS,NOAA IBTrACS v04r01
2010286N18090,2010,UNNAMED,2010-10-13 12:00:00,17.5,89.0,25,998,TS,NOAA IBTrACS v04r01
2010286N18090,2010,UNNAMED,2010-10-13 15:00:00,17.7,88.7,,,TS,NOAA IBTrACS v04r01
2010286N18090,2010,UNNAMED,2010-10-13 18:00:00,18.0,88.5,25,998,TS,NOAA IBTrACS v04r01
2010286N18090,2010,UNNAMED,2010-10-13 21:00:00,18.0,88.5,,,TS,NOAA IBTrACS v04r01
2010286N18090,2010,UNNAMED,2010-10-14 00:00:00,18.0,88.5,25,998,TS,NOAA IBTrACS v04r01
2010286N18090,2010,UNNAMED,2010-10-14 03:00:00,18.0,88.5,25,998,TS,NOAA IBTrACS v04r01
2010286N18090,2010,UNNAMED,2010-10-14 06:00:00,18.0,88.5,25,998,TS,NOAA IBTrACS v04r01
2010286N18090,2010,UNNAMED,2010-10-14 09:00:00,18.0,88.3,,,TS,NOAA IBTrACS v04r01
2010286N18090,2010,UNNAMED,2010-10-14 12:00:00,18.0,88.0,25,996,TS,NOAA IBTrACS v04r01
2010286N18090,2010,UNNAMED,2010-10-14 15:00:00,18.0,88.0,,,TS,NOAA IBTrACS v04r01
2010286N18090,2010,UNNAMED,2010-10-14 18:00:00,18.0,88.0,25,996,TS,NOAA IBTrACS v04r01
2010286N18090,2010,UNNAMED,2010-10-14 21:00:00,18.2,87.8,,,TS,NOAA IBTrACS v04r01
2010286N18090,2010,UNNAMED,2010-10-15 00:00:00,18.5,87.5,25,996,TS,NOAA IBTrACS v04r01
2010286N18090,2010,UNNAMED,2010-10-15 03:00:00,19.0,87.0,30,996,TS,NOAA IBTrACS v04r01
2010286N18090,2010,UNNAMED,2010-10-15 06:00:00,19.5,86.0,30,996,TS,NOAA IBTrACS v04r01
2010286N18090,2010,UNNAMED,2010-10-15 09:00:00,19.6,85.6,,,TS,NOAA IBTrACS v04r01
2010286N18090,2010,UNNAMED,2010-10-15 12:00:00,19.5,85.5,30,995,TS,NOAA IBTrACS v04r01
2010286N18090,2010,UNNAMED,2010-10-15 15:00:00,19.3,85.0,,,TS,NOAA IBTrACS v04r01
2010286N18090,2010,UNNAMED,2010-10-15 18:00:00,19.0,84.5,30,996,TS,NOAA IBTrACS v04r01
2010286N18090,2010,UNNAMED,2010-10-15 21:00:00,18.9,84.2,,,TS,NOAA IBTrACS v04r01
2010286N18090,2010,UNNAMED,2010-10-16 00:00:00,19.0,84.0,25,998,TS,NOAA IBTrACS v04r01
2010293N17093,2010,GIRI,2010-10-19 12:00:00,16.7,92.6,15,1010,DS,NOAA IBTrACS v04r01
2010293N17093,2010,GIRI,2010-10-19 15:00:00,16.8,92.4,18,1009,DS,NOAA IBTrACS v04r01
2010293N17093,2010,GIRI,2010-10-19 18:00:00,16.9,92.3,20,1007,DS,NOAA IBTrACS v04r01
2010293N17093,2010,GIRI,2010-10-19 21:00:00,17.0,92.2,23,1006,DS,NOAA IBTrACS v04r01
2010293N17093,2010,GIRI,2010-10-20 00:00:00,17.0,92.1,25,1004,TS,NOAA IBTrACS v04r01
2010293N17093,2010,GIRI,2010-10-20 03:00:00,17.0,92.0,28,1002,TS,NOAA IBTrACS v04r01
2010293N17093,2010,GIRI,2010-10-20 06:00:00,17.0,91.8,30,1000,TS,NOAA IBTrACS v04r01
2010293N17093,2010,GIRI,2010-10-20 09:00:00,16.9,91.6,30,1000,TS,NOAA IBTrACS v04r01
2010293N17093,2010,GIRI,2010-10-20 12:00:00,16.9,91.5,25,1002,TS,NOAA IBTrACS v04r01
2010293N17093,2010,GIRI,2010-10-20 15:00:00,17.1,91.5,33,998,TS,NOAA IBTrACS v04r01
2010293N17093,2010,GIRI,2010-10-20 18:00:00,17.3,91.6,25,1002,TS,NOAA IBTrACS v04r01
2010293N17093,2010,GIRI,2010-10-20 21:00:00,17.4,91.5,43,991,TS,NOAA IBTrACS v04r01
2010293N17093,2010,GIRI,2010-10-21 00:00:00,17.4,91.5,25,1002,TS,NOAA IBTrACS v04r01
2010293N17093,2010,GIRI,2010-10-21 03:00:00,17.4,91.6,30,1000,TS,NOAA IBTrACS v04r01
2010293N17093,2010,GIRI,2010-10-21 06:00:00,17.5,91.7,35,998,TS,NOAA IBTrACS v04r01
2010293N17093,2010,GIRI,2010-10-21 09:00:00,17.6,91.8,40,996,TS,NOAA IBTrACS v04r01
2010293N17093,2010,GIRI,2010-10-21 12:00:00,17.9,92.1,45,990,TS,NOAA IBTrACS v04r01
2010293N17093,2010,GIRI,2010-10-21 15:00:00,18.0,92.2,45,990,TS,NOAA IBTrACS v04r01
2010293N17093,2010,GIRI,2010-10-21 18:00:00,18.1,92.2,50,988,TS,NOAA IBTrACS v04r01
2010293N17093,2010,GIRI,2010-10-21 21:00:00,18.4,92.5,55,984,TS,NOAA IBTrACS v04r01
2010293N17093,2010,GIRI,2010-10-22 00:00:00,18.5,92.6,60,980,TS,NOAA IBTrACS v04r01
2010293N17093,2010,GIRI,2010-10-22 03:00:00,18.9,92.9,80,974,TS,NOAA IBTrACS v04r01
2010293N17093,2010,GIRI,2010-10-22 06:00:00,19.0,93.0,90,964,TS,NOAA IBTrACS v04r01
2010293N17093,2010,GIRI,2010-10-22 09:00:00,19.4,93.3,105,950,TS,NOAA IBTrACS v04r01
2010293N17093,2010,GIRI,2010-10-22 12:00:00,19.8,93.4,105,950,TS,NOAA IBTrACS v04r01
2010293N17093,2010,GIRI,2010-10-22 15:00:00,20.1,93.5,80,966,TS,NOAA IBTrACS v04r01
2010293N17093,2010,GIRI,2010-10-22 18:00:00,20.5,93.9,70,976,TS,NOAA IBTrACS v04r01
2010293N17093,2010,GIRI,2010-10-22 21:00:00,20.7,94.2,55,986,TS,NOAA IBTrACS v04r01
2010293N17093,2010,GIRI,2010-10-23 00:00:00,21.2,94.8,45,992,TS,NOAA IBTrACS v04r01
2010293N17093,2010,GIRI,2010-10-23 03:00:00,21.6,95.2,35,996,TS,NOAA IBTrACS v04r01
2010293N17093,2010,GIRI,2010-10-23 06:00:00,22.1,95.5,25,998,TS,NOAA IBTrACS v04r01
2010293N17093,2010,GIRI,2010-10-23 09:00:00,22.4,95.8,38,995,TS,NOAA IBTrACS v04r01
2010293N17093,2010,GIRI,2010-10-23 12:00:00,22.7,96.2,35,996,TS,NOAA IBTrACS v04r01
2010293N17093,2010,GIRI,2010-10-23 15:00:00,22.8,96.7,35,996,TS,NOAA IBTrACS v04r01
2010293N17093,2010,GIRI,2010-10-23 18:00:00,23.0,97.4,35,996,TS,NOAA IBTrACS v04r01
2010293N17093,2010,GIRI,2010-10-23 21:00:00,23.3,98.5,33,998,TS,NOAA IBTrACS v04r01
2010293N17093,2010,GIRI,2010-10-24 00:00:00,23.7,99.8,30,1000,TS,NOAA IBTrACS v04r01
2010305N06105,2010,JAL,2010-10-31 18:00:00,6.3,104.5,15,1005,DS,NOAA IBTrACS v04r01
2010305N06105,2010,JAL,2010-10-31 21:00:00,6.1,104.0,18,1005,DS,NOAA IBTrACS v04r01
2010305N06105,2010,JAL,2010-11-01 00:00:00,6.0,103.5,20,1004,DS,NOAA IBTrACS v04r01
2010305N06105,2010,JAL,2010-11-01 03:00:00,6.2,103.0,20,1006,DS,NOAA IBTrACS v04r01
2010305N06105,2010,JAL,2010-11-01 06:00:00,6.5,102.6,20,1007,DS,NOAA IBTrACS v04r01
2010305N06105,2010,JAL,2010-11-01 09:00:00,6.8,102.2,20,1007,DS,NOAA IBTrACS v04r01
2010305N06105,2010,JAL,2010-11-01 12:00:00,7.1,101.7,20,1007,DS,NOAA IBTrACS v04r01
2010305N06105,2010,JAL,2010-11-01 15:00:00,7.4,101.3,20,1007,DS,NOAA IBTrACS v04r01
2010305N06105,2010,JAL,2010-11-01 18:00:00,7.6,100.7,20,1007,DS,NOAA IBTrACS v04r01
2010305N06105,2010,JAL,2010-11-01 21:00:00,7.6,99.8,20,1007,DS,NOAA IBTrACS v04r01
2010305N06105,2010,JAL,2010-11-02 00:00:00,7.7,98.9,20,1007,DS,NOAA IBTrACS v04r01
2010305N06105,2010,JAL,2010-11-02 03:00:00,8.1,98.3,20,1007,DS,NOAA IBTrACS v04r01
2010305N06105,2010,JAL,2010-11-02 06:00:00,8.4,97.9,20,1007,DS,NOAA IBTrACS v04r01
2010305N06105,2010,JAL,2010-11-02 09:00:00,8.4,97.4,20,1007,DS,NOAA IBTrACS v04r01
2010305N06105,2010,JAL,2010-11-02 12:00:00,8.3,96.9,20,1007,DS,NOAA IBTrACS v04r01
2010305N06105,2010,JAL,2010-11-02 15:00:00,8.3,96.4,23,1006,DS,NOAA IBTrACS v04r01
2010305N06105,2010,JAL,2010-11-02 18:00:00,8.3,95.9,25,1004,TS,NOAA IBTrACS v04r01
2010305N06105,2010,JAL,2010-11-02 21:00:00,8.3,95.4,25,1004,TS,NOAA IBTrACS v04r01
2010305N06105,2010,JAL,2010-11-03 00:00:00,8.3,94.9,25,1004,TS,NOAA IBTrACS v04r01
2010305N06105,2010,JAL,2010-11-03 03:00:00,8.3,94.4,25,1004,TS,NOAA IBTrACS v04r01
2010305N06105,2010,JAL,2010-11-03 06:00:00,8.3,94.0,25,1004,TS,NOAA IBTrACS v04r01
2010305N06105,2010,JAL,2010-11-03 09:00:00,8.3,93.6,25,1004,TS,NOAA IBTrACS v04r01
2010305N06105,2010,JAL,2010-11-03 12:00:00,8.3,93.2,25,1004,TS,NOAA IBTrACS v04r01
2010305N06105,2010,JAL,2010-11-03 15:00:00,8.3,92.8,28,1002,TS,NOAA IBTrACS v04r01
2010305N06105,2010,JAL,2010-11-03 18:00:00,8.4,92.3,30,1000,TS,NOAA IBTrACS v04r01
2010305N06105,2010,JAL,2010-11-03 21:00:00,8.4,91.9,30,1000,TS,NOAA IBTrACS v04r01
2010305N06105,2010,JAL,2010-11-04 00:00:00,8.4,91.6,25,1002,TS,NOAA IBTrACS v04r01
2010305N06105,2010,JAL,2010-11-04 03:00:00,8.6,91.1,25,1002,TS,NOAA IBTrACS v04r01
2010305N06105,2010,JAL,2010-11-04 06:00:00,8.6,90.7,25,1002,TS,NOAA IBTrACS v04r01
2010305N06105,2010,JAL,2010-11-04 09:00:00,8.6,90.3,33,998,TS,NOAA IBTrACS v04r01
2010305N06105,2010,JAL,2010-11-04 12:00:00,8.7,90.0,25,1002,TS,NOAA IBTrACS v04r01
2010305N06105,2010,JAL,2010-11-04 15:00:00,8.7,89.7,35,996,TS,NOAA IBTrACS v04r01
2010305N06105,2010,JAL,2010-11-04 18:00:00,8.8,89.4,25,1002,TS,NOAA IBTrACS v04r01
2010305N06105,2010,JAL,2010-11-04 21:00:00,8.9,89.0,40,993,TS,NOAA IBTrACS v04r01
2010305N06105,2010,JAL,2010-11-05 00:00:00,9.1,88.6,30,1000,TS,NOAA IBTrACS v04r01
2010305N06105,2010,JAL,2010-11-05 03:00:00,9.1,88.1,30,1000,TS,NOAA IBTrACS v04r01
2010305N06105,2010,JAL,2010-11-05 06:00:00,9.2,87.7,35,998,TS,NOAA IBTrACS v04r01
2010305N06105,2010,JAL,2010-11-05 09:00:00,9.3,87.5,40,996,TS,NOAA IBTrACS v04r01
2010305N06105,2010,JAL,2010-11-05 12:00:00,9.6,87.1,45,994,TS,NOAA IBTrACS v04r01
2010305N06105,2010,JAL,2010-11-05 15:00:00,9.7,86.9,45,994,TS,NOAA IBTrACS v04r01
2010305N06105,2010,JAL,2010-11-05 18:00:00,10.1,86.5,50,992,TS,NOAA IBTrACS v04r01
2010305N06105,2010,JAL,2010-11-05 21:00:00,10.1,86.1,55,990,TS,NOAA IBTrACS v04r01
2010305N06105,2010,JAL,2010-11-06 00:00:00,10.2,85.8,55,990,TS,NOAA IBTrACS v04r01
2010305N06105,2010,JAL,2010-11-06 03:00:00,10.3,85.6,55,990,TS,NOAA IBTrACS v04r01
2010305N06105,2010,JAL,2010-11-06 06:00:00,10.4,85.3,55,990,TS,NOAA IBTrACS v04r01
2010305N06105,2010,JAL,2010-11-06 09:00:00,10.5,85.1,55,990,TS,NOAA IBTrACS v04r01
2010305N06105,2010,JAL,2010-11-06 12:00:00,11.1,84.6,60,988,TS,NOAA IBTrACS v04r01
2010305N06105,2010,JAL,2010-11-06 15:00:00,11.2,84.4,60,988,TS,NOAA IBTrACS v04r01
2010305N06105,2010,JAL,2010-11-06 18:00:00,11.3,84.0,60,988,TS,NOAA IBTrACS v04r01
2010305N06105,2010,JAL,2010-11-06 21:00:00,11.4,83.7,60,988,TS,NOAA IBTrACS v04r01
2010305N06105,2010,JAL,2010-11-07 00:00:00,11.6,83.2,60,988,TS,NOAA IBTrACS v04r01
2010305N06105,2010,JAL,2010-11-07 03:00:00,12.2,82.7,55,990,TS,NOAA IBTrACS v04r01
2010305N06105,2010,JAL,2010-11-07 06:00:00,12.3,82.2,45,992,TS,NOAA IBTrACS v04r01
2010305N06105,2010,JAL,2010-11-07 09:00:00,12.3,81.5,40,994,TS,NOAA IBTrACS v04r01
2010305N06105,2010,JAL,2010-11-07 12:00:00,13.0,81.1,30,996,TS,NOAA IBTrACS v04r01
2010305N06105,2010,JAL,2010-11-07 15:00:00,13.0,80.6,30,998,TS,NOAA IBTrACS v04r01
2010305N06105,2010,JAL,2010-11-07 18:00:00,13.1,80.0,30,1000,TS,NOAA IBTrACS v04r01
2010305N06105,2010,JAL,2010-11-07 21:00:00,13.5,79.5,33,998,TS,NOAA IBTrACS v04r01
2010305N06105,2010,JAL,2010-11-08 00:00:00,14.2,78.9,25,1002,TS,NOAA IBTrACS v04r01
2010305N06105,2010,JAL,2010-11-08 03:00:00,15.0,78.0,25,1004,TS,NOAA IBTrACS v04r01
2010341N14082,2010,UNNAMED,2010-12-07 03:00:00,14.0,82.0,25,1000,TS,NOAA IBTrACS v04r01
2010341N14082,2010,UNNAMED,2010-12-07 06:00:00,14.5,82.0,25,1000,TS,NOAA IBTrACS v04r01
2010341N14082,2010,UNNAMED,2010-12-07 09:00:00,14.8,81.8,,,TS,NOAA IBTrACS v04r01
2010341N14082,2010,UNNAMED,2010-12-07 12:00:00,15.0,81.5,25,1000,TS,NOAA IBTrACS v04r01
2010341N14082,2010,UNNAMED,2010-12-07 15:00:00,15.2,81.3,,,TS,NOAA IBTrACS v04r01
2010341N14082,2010,UNNAMED,2010-12-07 18:00:00,15.5,81.0,25,1000,TS,NOAA IBTrACS v04r01
2010341N14082,2010,UNNAMED,2010-12-07 21:00:00,15.8,80.6,,,TS,NOAA IBTrACS v04r01
2010341N14082,2010,UNNAMED,2010-12-08 00:00:00,16.0,80.0,20,1000,TS,NOAA IBTrACS v04r01
2011033N06083,2011,UNNAMED,2011-02-02 09:00:00,6.5,82.5,25,1002,TS,NOAA IBTrACS v04r01
2011033N06083,2011,UNNAMED,2011-02-02 12:00:00,6.5,82.5,25,1002,TS,NOAA IBTrACS v04r01
2011033N06083,2011,UNNAMED,2011-02-02 15:00:00,6.5,82.5,,,TS,NOAA IBTrACS v04r01
2011033N06083,2011,UNNAMED,2011-02-02 18:00:00,6.5,82.5,25,1002,TS,NOAA IBTrACS v04r01
2011160N18070,2011,UNNAMED,2011-06-09 06:00:00,18.1,69.9,20,1007,DS,NOAA IBTrACS v04r01
2011160N18070,2011,UNNAMED,2011-06-09 09:00:00,18.2,70.1,23,1006,DS,NOAA IBTrACS v04r01
2011160N18070,2011,UNNAMED,2011-06-09 12:00:00,18.3,70.3,25,1004,TS,NOAA IBTrACS v04r01
2011160N18070,2011,UNNAMED,2011-06-09 15:00:00,18.4,70.5,25,1004,TS,NOAA IBTrACS v04r01
2011160N18070,2011,UNNAMED,2011-06-09 18:00:00,18.6,70.6,25,1004,TS,NOAA IBTrACS v04r01
2011160N18070,2011,UNNAMED,2011-06-09 21:00:00,18.8,70.6,25,1004,TS,NOAA IBTrACS v04r01
2011160N18070,2011,UNNAMED,2011-06-10 00:00:00,19.0,70.7,25,1004,TS,NOAA IBTrACS v04r01
2011160N18070,2011,UNNAMED,2011-06-10 03:00:00,19.1,70.9,25,1004,TS,NOAA IBTrACS v04r01
2011160N18070,2011,UNNAMED,2011-06-10 06:00:00,19.1,71.1,25,1004,TS,NOAA IBTrACS v04r01
2011160N18070,2011,UNNAMED,2011-06-10 09:00:00,19.1,71.4,28,1002,TS,NOAA IBTrACS v04r01
2011160N18070,2011,UNNAMED,2011-06-10 12:00:00,19.0,71.7,30,1000,TS,NOAA IBTrACS v04r01
2011160N18070,2011,UNNAMED,2011-06-10 15:00:00,19.0,71.8,30,1000,TS,NOAA IBTrACS v04r01
2011160N18070,2011,UNNAMED,2011-06-10 18:00:00,19.1,71.9,30,999,TS,NOAA IBTrACS v04r01
2011160N18070,2011,UNNAMED,2011-06-10 21:00:00,19.1,72.0,30,999,TS,NOAA IBTrACS v04r01
2011160N18070,2011,UNNAMED,2011-06-11 00:00:00,19.2,72.1,30,998,TS,NOAA IBTrACS v04r01
2011160N18070,2011,UNNAMED,2011-06-11 03:00:00,19.3,72.1,33,997,TS,NOAA IBTrACS v04r01
2011160N18070,2011,UNNAMED,2011-06-11 06:00:00,19.5,72.0,35,996,TS,NOAA IBTrACS v04r01
2011160N18070,2011,UNNAMED,2011-06-11 09:00:00,19.7,71.9,35,996,TS,NOAA IBTrACS v04r01
2011160N18070,2011,UNNAMED,2011-06-11 12:00:00,20.0,71.7,25,996,TS,NOAA IBTrACS v04r01
2011160N18070,2011,UNNAMED,2011-06-11 15:00:00,20.1,71.6,35,996,TS,NOAA IBTrACS v04r01
2011160N18070,2011,UNNAMED,2011-06-11 18:00:00,20.2,71.4,25,996,TS,NOAA IBTrACS v04r01
2011160N18070,2011,UNNAMED,2011-06-11 21:00:00,20.5,71.0,33,998,TS,NOAA IBTrACS v04r01
2011160N18070,2011,UNNAMED,2011-06-12 00:00:00,20.7,70.7,25,996,TS,NOAA IBTrACS v04r01
2011160N18070,2011,UNNAMED,2011-06-12 03:00:00,20.6,70.6,20,998,TS,NOAA IBTrACS v04r01
2011160N18070,2011,UNNAMED,2011-06-12 06:00:00,20.6,70.4,20,999,MX,NOAA IBTrACS v04r01
2011160N18070,2011,UNNAMED,2011-06-12 09:00:00,20.6,70.2,23,1006,DS,NOAA IBTrACS v04r01
2011160N18070,2011,UNNAMED,2011-06-12 12:00:00,20.9,70.1,25,1004,TS,NOAA IBTrACS v04r01
2011167N22089,2011,UNNAMED,2011-06-16 03:00:00,21.5,89.0,25,986,TS,NOAA IBTrACS v04r01
2011167N22089,2011,UNNAMED,2011-06-16 06:00:00,21.5,89.0,25,986,TS,NOAA IBTrACS v04r01
2011167N22089,2011,UNNAMED,2011-06-16 09:00:00,21.7,89.0,,,TS,NOAA IBTrACS v04r01
2011167N22089,2011,UNNAMED,2011-06-16 12:00:00,22.0,89.0,30,984,TS,NOAA IBTrACS v04r01
2011167N22089,2011,UNNAMED,2011-06-16 15:00:00,22.3,89.0,,,TS,NOAA IBTrACS v04r01
2011167N22089,2011,UNNAMED,2011-06-16 18:00:00,22.5,89.0,30,984,TS,NOAA IBTrACS v04r01
2011167N22089,2011,UNNAMED,2011-06-16 21:00:00,22.5,89.0,,,TS,NOAA IBTrACS v04r01
2011167N22089,2011,UNNAMED,2011-06-17 00:00:00,22.5,89.0,30,984,TS,NOAA IBTrACS v04r01
2011167N22089,2011,UNNAMED,2011-06-17 03:00:00,22.5,89.0,30,984,TS,NOAA IBTrACS v04r01
2011167N22089,2011,UNNAMED,2011-06-17 06:00:00,22.8,88.5,35,978,TS,NOAA IBTrACS v04r01
2011167N22089,2011,UNNAMED,2011-06-17 09:00:00,23.0,88.2,,,TS,NOAA IBTrACS v04r01
2011167N22089,2011,UNNAMED,2011-06-17 12:00:00,23.0,88.0,25,982,TS,NOAA IBTrACS v04r01
2011167N22089,2011,UNNAMED,2011-06-17 15:00:00,23.0,88.0,,,TS,NOAA IBTrACS v04r01
2011167N22089,2011,UNNAMED,2011-06-17 18:00:00,23.0,88.0,25,984,TS,NOAA IBTrACS v04r01
2011167N22089,2011,UNNAMED,2011-06-17 21:00:00,23.0,87.8,,,TS,NOAA IBTrACS v04r01
2011167N22089,2011,UNNAMED,2011-06-18 00:00:00,23.0,87.5,25,984,TS,NOAA IBTrACS v04r01
2011167N22089,2011,UNNAMED,2011-06-18 03:00:00,23.0,87.0,25,984,TS,NOAA IBTrACS v04r01
2011167N22089,2011,UNNAMED,2011-06-18 06:00:00,23.0,87.0,25,984,TS,NOAA IBTrACS v04r01
2011167N22089,2011,UNNAMED,2011-06-18 09:00:00,23.0,87.0,,,TS,NOAA IBTrACS v04r01
2011167N22089,2011,UNNAMED,2011-06-18 12:00:00,23.0,87.0,25,984,TS,NOAA IBTrACS v04r01
2011167N22089,2011,UNNAMED,2011-06-18 15:00:00,23.0,86.8,,,TS,NOAA IBTrACS v04r01
2011167N22089,2011,UNNAMED,2011-06-18 18:00:00,23.0,86.5,25,986,TS,NOAA IBTrACS v04r01
2011167N22089,2011,UNNAMED,2011-06-18 21:00:00,22.9,86.3,,,TS,NOAA IBTrACS v04r01
2011167N22089,2011,UNNAMED,2011-06-19 00:00:00,23.0,86.0,25,986,TS,NOAA IBTrACS v04r01
2011167N22089,2011,UNNAMED,2011-06-19 03:00:00,23.5,85.5,25,987,TS,NOAA IBTrACS v04r01
2011167N22089,2011,UNNAMED,2011-06-19 06:00:00,23.5,85.5,25,987,TS,NOAA IBTrACS v04r01
2011167N22089,2011,UNNAMED,2011-06-19 09:00:00,23.5,85.3,,,TS,NOAA IBTrACS v04r01
2011167N22089,2011,UNNAMED,2011-06-19 12:00:00,23.5,85.0,25,987,TS,NOAA IBTrACS v04r01
2011167N22089,2011,UNNAMED,2011-06-19 15:00:00,23.5,84.8,,,TS,NOAA IBTrACS v04r01
2011167N22089,2011,UNNAMED,2011-06-19 18:00:00,23.5,84.5,25,987,TS,NOAA IBTrACS v04r01
2011167N22089,2011,UNNAMED,2011-06-19 21:00:00,23.5,84.3,,,TS,NOAA IBTrACS v04r01
2011167N22089,2011,UNNAMED,2011-06-20 00:00:00,23.5,84.0,25,987,TS,NOAA IBTrACS v04r01
2011167N22089,2011,UNNAMED,2011-06-20 03:00:00,23.7,83.5,25,987,TS,NOAA IBTrACS v04r01
2011167N22089,2011,UNNAMED,2011-06-20 06:00:00,23.7,83.5,20,990,TS,NOAA IBTrACS v04r01
2011167N22089,2011,UNNAMED,2011-06-20 09:00:00,23.8,83.3,,,TS,NOAA IBTrACS v04r01
2011167N22089,2011,UNNAMED,2011-06-20 12:00:00,24.0,83.0,20,990,TS,NOAA IBTrACS v04r01
2011167N22089,2011,UNNAMED,2011-06-20 15:00:00,24.0,83.0,,,TS,NOAA IBTrACS v04r01
2011167N22089,2011,UNNAMED,2011-06-20 18:00:00,24.0,83.0,20,990,TS,NOAA IBTrACS v04r01
2011167N22089,2011,UNNAMED,2011-06-20 21:00:00,24.3,82.8,,,TS,NOAA IBTrACS v04r01
2011167N22089,2011,UNNAMED,2011-06-21 00:00:00,24.5,82.5,20,990,TS,NOAA IBTrACS v04r01
2011167N22089,2011,UNNAMED,2011-06-21 03:00:00,24.5,82.0,20,990,TS,NOAA IBTrACS v04r01
2011167N22089,2011,UNNAMED,2011-06-21 06:00:00,24.5,81.5,20,990,TS,NOAA IBTrACS v04r01
2011167N22089,2011,UNNAMED,2011-06-21 09:00:00,24.5,81.2,,,TS,NOAA IBTrACS v04r01
2011167N22089,2011,UNNAMED,2011-06-21 12:00:00,24.5,81.0,20,990,TS,NOAA IBTrACS v04r01
2011167N22089,2011,UNNAMED,2011-06-21 15:00:00,24.5,81.0,,,TS,NOAA IBTrACS v04r01
2011167N22089,2011,UNNAMED,2011-06-21 18:00:00,24.5,81.0,20,990,TS,NOAA IBTrACS v04r01
2011167N22089,2011,UNNAMED,2011-06-21 21:00:00,24.5,80.8,,,TS,NOAA IBTrACS v04r01
2011167N22089,2011,UNNAMED,2011-06-22 00:00:00,24.5,80.5,20,991,TS,NOAA IBTrACS v04r01
2011167N22089,2011,UNNAMED,2011-06-22 03:00:00,24.5,80.0,20,992,TS,NOAA IBTrACS v04r01
2011167N22089,2011,UNNAMED,2011-06-22 06:00:00,24.5,80.0,20,992,TS,NOAA IBTrACS v04r01
2011167N22089,2011,UNNAMED,2011-06-22 09:00:00,24.5,79.6,,,TS,NOAA IBTrACS v04r01
2011167N22089,2011,UNNAMED,2011-06-22 12:00:00,24.5,79.1,20,994,TS,NOAA IBTrACS v04r01
2011167N22089,2011,UNNAMED,2011-06-22 15:00:00,24.5,78.7,,,TS,NOAA IBTrACS v04r01
2011167N22089,2011,UNNAMED,2011-06-22 18:00:00,24.5,78.5,20,992,TS,NOAA IBTrACS v04r01
2011203N24085,2011,UNNAMED,2011-07-22 03:00:00,23.5,84.5,20,990,TS,NOAA IBTrACS v04r01
2011203N24085,2011,UNNAMED,2011-07-22 06:00:00,24.0,84.0,20,990,TS,NOAA IBTrACS v04r01
2011203N24085,2011,UNNAMED,2011-07-22 09:00:00,24.0,84.0,20,990,TS,NOAA IBTrACS v04r01
2011203N24085,2011,UNNAMED,2011-07-22 12:00:00,24.0,83.0,20,990,TS,NOAA IBTrACS v04r01
2011203N24085,2011,UNNAMED,2011-07-22 15:00:00,24.0,82.2,,,TS,NOAA IBTrACS v04r01
2011203N24085,2011,UNNAMED,2011-07-22 18:00:00,24.0,81.5,20,992,TS,NOAA IBTrACS v04r01
2011203N24085,2011,UNNAMED,2011-07-22 21:00:00,24.2,81.0,,,TS,NOAA IBTrACS v04r01
2011203N24085,2011,UNNAMED,2011-07-23 00:00:00,24.5,80.5,20,992,TS,NOAA IBTrACS v04r01
2011265N21088,2011,UNNAMED,2011-09-22 03:00:00,21.5,87.5,4,998,TS,NOAA IBTrACS v04r01
2011265N21088,2011,UNNAMED,2011-09-22 06:00:00,21.6,87.3,4,998,TS,NOAA IBTrACS v04r01
2011265N21088,2011,UNNAMED,2011-09-22 09:00:00,21.7,87.2,,,TS,NOAA IBTrACS v04r01
2011265N21088,2011,UNNAMED,2011-09-22 12:00:00,21.7,87.2,4,995,TS,NOAA IBTrACS v04r01
2011265N21088,2011,UNNAMED,2011-09-22 15:00:00,21.7,87.1,,,TS,NOAA IBTrACS v04r01
2011265N21088,2011,UNNAMED,2011-09-22 18:00:00,21.8,87.0,4,998,TS,NOAA IBTrACS v04r01
2011265N21088,2011,UNNAMED,2011-09-22 21:00:00,22.2,86.7,,,TS,NOAA IBTrACS v04r01
2011265N21088,2011,UNNAMED,2011-09-23 00:00:00,22.5,86.5,4,1000,TS,NOAA IBTrACS v04r01
2011265N21088,2011,UNNAMED,2011-09-23 03:00:00,22.5,86.5,4,1002,TS,NOAA IBTrACS v04r01
2011265N21088,2011,UNNAMED,2011-09-23 06:00:00,22.5,86.5,4,1004,TS,NOAA IBTrACS v04r01
2011290N15090,2011,UNNAMED,2011-10-17 00:00:00,15.2,89.5,15,1010,DS,NOAA IBTrACS v04r01
2011290N15090,2011,UNNAMED,2011-10-17 03:00:00,15.3,89.4,15,1010,DS,NOAA IBTrACS v04r01
2011290N15090,2011,UNNAMED,2011-10-17 06:00:00,15.5,89.2,15,1010,DS,NOAA IBTrACS v04r01
2011290N15090,2011,UNNAMED,2011-10-17 09:00:00,15.7,89.0,15,1010,DS,NOAA IBTrACS v04r01
2011290N15090,2011,UNNAMED,2011-10-17 12:00:00,15.9,88.8,15,1010,DS,NOAA IBTrACS v04r01
2011290N15090,2011,UNNAMED,2011-10-17 15:00:00,16.2,88.7,15,1010,DS,NOAA IBTrACS v04r01
2011290N15090,2011,UNNAMED,2011-10-17 18:00:00,16.6,88.6,15,1010,DS,NOAA IBTrACS v04r01
2011290N15090,2011,UNNAMED,2011-10-17 21:00:00,17.0,88.6,15,1008,DS,NOAA IBTrACS v04r01
2011290N15090,2011,UNNAMED,2011-10-18 00:00:00,17.4,88.6,15,1006,DS,NOAA IBTrACS v04r01
2011290N15090,2011,UNNAMED,2011-10-18 03:00:00,17.8,88.4,18,1006,DS,NOAA IBTrACS v04r01
2011290N15090,2011,UNNAMED,2011-10-18 06:00:00,18.3,88.4,20,1006,DS,NOAA IBTrACS v04r01
2011290N15090,2011,UNNAMED,2011-10-18 09:00:00,18.8,88.7,23,1005,DS,NOAA IBTrACS v04r01
2011290N15090,2011,UNNAMED,2011-10-18 12:00:00,19.2,89.2,25,1004,TS,NOAA IBTrACS v04r01
2011290N15090,2011,UNNAMED,2011-10-18 15:00:00,19.5,89.7,28,1002,TS,NOAA IBTrACS v04r01
2011290N15090,2011,UNNAMED,2011-10-18 18:00:00,19.7,90.1,30,1000,TS,NOAA IBTrACS v04r01
2011290N15090,2011,UNNAMED,2011-10-18 21:00:00,20.0,90.5,33,998,TS,NOAA IBTrACS v04r01
2011290N15090,2011,UNNAMED,2011-10-19 00:00:00,20.2,90.8,3,1002,TS,NOAA IBTrACS v04r01
2011290N15090,2011,UNNAMED,2011-10-19 03:00:00,20.3,91.1,3,1000,TS,NOAA IBTrACS v04r01
2011290N15090,2011,UNNAMED,2011-10-19 06:00:00,20.6,91.5,5,1000,TS,NOAA IBTrACS v04r01
2011290N15090,2011,UNNAMED,2011-10-19 09:00:00,20.9,91.8,33,998,TS,NOAA IBTrACS v04r01
2011290N15090,2011,UNNAMED,2011-10-19 12:00:00,21.2,92.0,5,1000,TS,NOAA IBTrACS v04r01
2011290N15090,2011,UNNAMED,2011-10-19 15:00:00,21.4,92.3,28,1002,TS,NOAA IBTrACS v04r01
2011290N15090,2011,UNNAMED,2011-10-19 18:00:00,21.5,92.7,5,1002,TS,NOAA IBTrACS v04r01
2011290N15090,2011,UNNAMED,2011-10-19 21:00:00,21.6,93.0,,,TS,NOAA IBTrACS v04r01
2011290N15090,2011,UNNAMED,2011-10-20 00:00:00,21.5,93.5,3,1004,TS,NOAA IBTrACS v04r01
2011302N13062,2011,KEILA,2011-10-29 06:00:00,13.0,62.0,25,1004,TS,NOAA IBTrACS v04r01
2011302N13062,2011,KEILA,2011-10-29 09:00:00,13.0,61.4,,,TS,NOAA IBTrACS v04r01
2011302N13062,2011,KEILA,2011-10-29 12:00:00,13.0,61.0,25,1004,TS,NOAA IBTrACS v04r01
2011302N13062,2011,KEILA,2011-10-29 15:00:00,13.0,61.0,,,TS,NOAA IBTrACS v04r01
2011302N13062,2011,KEILA,2011-10-29 18:00:00,13.0,61.0,25,1004,TS,NOAA IBTrACS v04r01
2011302N13062,2011,KEILA,2011-10-29 21:00:00,13.0,60.8,,,TS,NOAA IBTrACS v04r01
2011302N13062,2011,KEILA,2011-10-30 00:00:00,13.0,60.5,25,1004,TS,NOAA IBTrACS v04r01
2011302N13062,2011,KEILA,2011-10-30 03:00:00,13.0,60.0,25,1004,TS,NOAA IBTrACS v04r01
2011302N13062,2011,KEILA,2011-10-30 06:00:00,13.0,60.0,25,1002,TS,NOAA IBTrACS v04r01
2011302N13062,2011,KEILA,2011-10-30 09:00:00,13.2,59.8,,,TS,NOAA IBTrACS v04r01
2011302N13062,2011,KEILA,2011-10-30 12:00:00,13.5,59.5,25,1002,TS,NOAA IBTrACS v04r01
2011302N13062,2011,KEILA,2011-10-30 15:00:00,13.8,59.2,,,TS,NOAA IBTrACS v04r01
2011302N13062,2011,KEILA,2011-10-30 18:00:00,14.0,59.0,25,1002,TS,NOAA IBTrACS v04r01
2011302N13062,2011,KEILA,2011-10-30 21:00:00,14.2,59.1,,,TS,NOAA IBTrACS v04r01
2011302N13062,2011,KEILA,2011-10-31 00:00:00,14.5,59.0,25,1002,TS,NOAA IBTrACS v04r01
2011302N13062,2011,KEILA,2011-10-31 03:00:00,15.0,58.5,25,1000,TS,NOAA IBTrACS v04r01
2011302N13062,2011,KEILA,2011-10-31 06:00:00,16.0,57.0,25,1000,TS,NOAA IBTrACS v04r01
2011302N13062,2011,KEILA,2011-10-31 09:00:00,16.2,57.0,,,TS,NOAA IBTrACS v04r01
2011302N13062,2011,KEILA,2011-10-31 12:00:00,16.0,57.5,25,1000,TS,NOAA IBTrACS v04r01
2011302N13062,2011,KEILA,2011-10-31 15:00:00,16.0,57.3,,,TS,NOAA IBTrACS v04r01
2011302N13062,2011,KEILA,2011-10-31 18:00:00,16.0,57.0,25,1000,TS,NOAA IBTrACS v04r01
2011302N13062,2011,KEILA,2011-10-31 21:00:00,16.0,56.8,,,TS,NOAA IBTrACS v04r01
2011302N13062,2011,KEILA,2011-11-01 00:00:00,15.9,56.6,25,1000,MX,NOAA IBTrACS v04r01
2011302N13062,2011,KEILA,2011-11-01 03:00:00,15.9,56.2,30,1000,MX,NOAA IBTrACS v04r01
2011302N13062,2011,KEILA,2011-11-01 06:00:00,15.9,56.1,30,1000,MX,NOAA IBTrACS v04r01
2011302N13062,2011,KEILA,2011-11-01 09:00:00,15.9,55.9,25,1004,MX,NOAA IBTrACS v04r01
2011302N13062,2011,KEILA,2011-11-01 12:00:00,16.0,55.7,30,1000,TS,NOAA IBTrACS v04r01
2011302N13062,2011,KEILA,2011-11-01 15:00:00,16.0,55.5,30,999,TS,NOAA IBTrACS v04r01
2011302N13062,2011,KEILA,2011-11-01 18:00:00,16.0,55.5,30,1000,TS,NOAA IBTrACS v04r01
2011302N13062,2011,KEILA,2011-11-01 21:00:00,16.0,55.4,33,997,TS,NOAA IBTrACS v04r01
2011302N13062,2011,KEILA,2011-11-02 00:00:00,16.1,55.3,30,1000,TS,NOAA IBTrACS v04r01
2011302N13062,2011,KEILA,2011-11-02 03:00:00,16.2,55.0,35,998,TS,NOAA IBTrACS v04r01
2011302N13062,2011,KEILA,2011-11-02 06:00:00,16.3,54.8,35,996,TS,NOAA IBTrACS v04r01
2011302N13062,2011,KEILA,2011-11-02 09:00:00,16.4,54.7,35,996,TS,NOAA IBTrACS v04r01
2011302N13062,2011,KEILA,2011-11-02 12:00:00,16.7,54.8,35,996,TS,NOAA IBTrACS v04r01
2011302N13062,2011,KEILA,2011-11-02 15:00:00,16.9,54.6,35,996,TS,NOAA IBTrACS v04r01
2011302N13062,2011,KEILA,2011-11-02 18:00:00,17.0,54.5,30,1000,TS,NOAA IBTrACS v04r01
2011302N13062,2011,KEILA,2011-11-02 21:00:00,17.0,54.5,48,987,TS,NOAA IBTrACS v04r01
2011302N13062,2011,KEILA,2011-11-03 00:00:00,17.0,54.6,30,1000,TS,NOAA IBTrACS v04r01
2011302N13062,2011,KEILA,2011-11-03 03:00:00,17.0,54.6,30,1000,TS,NOAA IBTrACS v04r01
2011302N13062,2011,KEILA,2011-11-03 06:00:00,17.1,54.6,30,1000,TS,NOAA IBTrACS v04r01
2011302N13062,2011,KEILA,2011-11-03 09:00:00,17.1,54.7,53,984,TS,NOAA IBTrACS v04r01
2011302N13062,2011,KEILA,2011-11-03 12:00:00,17.1,54.9,30,1000,TS,NOAA IBTrACS v04r01
2011302N13062,2011,KEILA,2011-11-03 15:00:00,17.1,55.1,48,987,TS,NOAA IBTrACS v04r01
2011302N13062,2011,KEILA,2011-11-03 18:00:00,17.1,55.2,30,1001,TS,NOAA IBTrACS v04r01
2011302N13062,2011,KEILA,2011-11-03 21:00:00,17.0,55.1,43,991,TS,NOAA IBTrACS v04r01
2011302N13062,2011,KEILA,2011-11-04 00:00:00,16.7,54.9,30,1001,TS,NOAA IBTrACS v04r01
2011302N13062,2011,KEILA,2011-11-04 03:00:00,16.4,54.7,25,1002,TS,NOAA IBTrACS v04r01
2011302N13062,2011,KEILA,2011-11-04 06:00:00,16.3,54.3,30,1000,TS,NOAA IBTrACS v04r01
2011302N13062,2011,KEILA,2011-11-04 09:00:00,16.1,54.1,30,1000,TS,NOAA IBTrACS v04r01
2011302N13062,2011,KEILA,2011-11-04 12:00:00,16.0,53.9,30,1000,TS,NOAA IBTrACS v04r01
2011302N13062,2011,KEILA,2011-11-04 15:00:00,15.9,53.7,30,1000,TS,NOAA IBTrACS v04r01
2011302N13062,2011,KEILA,2011-11-04 18:00:00,15.9,53.5,30,1000,TS,NOAA IBTrACS v04r01
2011302N13062,2011,KEILA,2011-11-04 21:00:00,15.9,53.2,28,1002,TS,NOAA IBTrACS v04r01
2011302N13062,2011,KEILA,2011-11-05 00:00:00,16.0,53.0,25,1004,TS,NOAA IBTrACS v04r01
2011302N13062,2011,KEILA,2011-11-05 03:00:00,16.3,52.8,25,1004,TS,NOAA IBTrACS v04r01
2011302N13062,2011,KEILA,2011-11-05 06:00:00,16.6,52.6,25,1004,TS,NOAA IBTrACS v04r01
2011310N11066,2011,UNNAMED,2011-11-06 06:00:00,10.5,65.5,25,1004,TS,NOAA IBTrACS v04r01
2011310N11066,2011,UNNAMED,2011-11-06 09:00:00,10.4,65.6,,,TS,NOAA IBTrACS v04r01
2011310N11066,2011,UNNAMED,2011-11-06 12:00:00,10.5,65.5,25,1004,TS,NOAA IBTrACS v04r01
2011310N11066,2011,UNNAMED,2011-11-06 15:00:00,10.7,65.0,,,TS,NOAA IBTrACS v04r01
2011310N11066,2011,UNNAMED,2011-11-06 18:00:00,11.0,64.5,25,1004,TS,NOAA IBTrACS v04r01
2011310N11066,2011,UNNAMED,2011-11-06 21:00:00,11.3,64.3,,,TS,NOAA IBTrACS v04r01
2011310N11066,2011,UNNAMED,2011-11-07 00:00:00,11.5,64.0,25,1002,TS,NOAA IBTrACS v04r01
2011310N11066,2011,UNNAMED,2011-11-07 03:00:00,11.5,63.5,25,1002,TS,NOAA IBTrACS v04r01
2011310N11066,2011,UNNAMED,2011-11-07 06:00:00,12.5,62.0,25,1002,TS,NOAA IBTrACS v04r01
2011310N11066,2011,UNNAMED,2011-11-07 09:00:00,13.2,61.0,,,TS,NOAA IBTrACS v04r01
2011310N11066,2011,UNNAMED,2011-11-07 12:00:00,13.4,60.5,25,1002,MX,NOAA IBTrACS v04r01
2011310N11066,2011,UNNAMED,2011-11-07 15:00:00,13.4,60.3,23,1006,MX,NOAA IBTrACS v04r01
2011310N11066,2011,UNNAMED,2011-11-07 18:00:00,13.4,60.2,25,1002,TS,NOAA IBTrACS v04r01
2011310N11066,2011,UNNAMED,2011-11-07 21:00:00,13.5,60.0,28,1002,TS,NOAA IBTrACS v04r01
2011310N11066,2011,UNNAMED,2011-11-08 00:00:00,13.6,59.8,25,1002,TS,NOAA IBTrACS v04r01
2011310N11066,2011,UNNAMED,2011-11-08 03:00:00,13.6,59.7,30,1000,TS,NOAA IBTrACS v04r01
2011310N11066,2011,UNNAMED,2011-11-08 06:00:00,13.8,59.3,30,1000,TS,NOAA IBTrACS v04r01
2011310N11066,2011,UNNAMED,2011-11-08 09:00:00,13.9,59.1,33,998,TS,NOAA IBTrACS v04r01
2011310N11066,2011,UNNAMED,2011-11-08 12:00:00,14.2,59.0,30,1000,TS,NOAA IBTrACS v04r01
2011310N11066,2011,UNNAMED,2011-11-08 15:00:00,14.4,58.8,35,996,TS,NOAA IBTrACS v04r01
2011310N11066,2011,UNNAMED,2011-11-08 18:00:00,14.7,58.7,30,1000,TS,NOAA IBTrACS v04r01
2011310N11066,2011,UNNAMED,2011-11-08 21:00:00,14.9,58.6,35,996,TS,NOAA IBTrACS v04r01
2011310N11066,2011,UNNAMED,2011-11-09 00:00:00,15.1,58.6,30,1000,TS,NOAA IBTrACS v04r01
2011310N11066,2011,UNNAMED,2011-11-09 03:00:00,15.2,58.5,30,1000,TS,NOAA IBTrACS v04r01
2011310N11066,2011,UNNAMED,2011-11-09 06:00:00,15.3,58.5,30,1000,TS,NOAA IBTrACS v04r01
2011310N11066,2011,UNNAMED,2011-11-09 09:00:00,15.4,58.5,30,1000,TS,NOAA IBTrACS v04r01
2011310N11066,2011,UNNAMED,2011-11-09 12:00:00,15.7,58.5,25,1002,TS,NOAA IBTrACS v04r01
2011310N11066,2011,UNNAMED,2011-11-09 15:00:00,15.7,58.5,28,1002,TS,NOAA IBTrACS v04r01
2011310N11066,2011,UNNAMED,2011-11-09 18:00:00,15.8,58.6,25,1002,TS,NOAA IBTrACS v04r01
2011310N11066,2011,UNNAMED,2011-11-09 21:00:00,16.0,58.5,25,1004,TS,NOAA IBTrACS v04r01
2011310N11066,2011,UNNAMED,2011-11-10 00:00:00,16.2,58.5,25,1002,TS,NOAA IBTrACS v04r01
2011310N11066,2011,UNNAMED,2011-11-10 03:00:00,16.2,58.4,25,1002,TS,NOAA IBTrACS v04r01
2011310N11066,2011,UNNAMED,2011-11-10 06:00:00,15.9,58.3,25,1004,TS,NOAA IBTrACS v04r01
2011310N11066,2011,UNNAMED,2011-11-10 09:00:00,15.4,58.6,25,1004,TS,NOAA IBTrACS v04r01
2011310N11066,2011,UNNAMED,2011-11-10 12:00:00,14.9,58.8,25,1004,TS,NOAA IBTrACS v04r01
2011310N11066,2011,UNNAMED,2011-11-10 15:00:00,14.7,58.8,25,1004,TS,NOAA IBTrACS v04r01
2011310N11066,2011,UNNAMED,2011-11-10 18:00:00,14.5,58.6,25,1004,TS,NOAA IBTrACS v04r01
2011310N11066,2011,UNNAMED,2011-11-10 21:00:00,14.3,58.1,25,1004,TS,NOAA IBTrACS v04r01
2011310N11066,2011,UNNAMED,2011-11-11 00:00:00,14.1,57.5,25,1004,TS,NOAA IBTrACS v04r01
2011310N11066,2011,UNNAMED,2011-11-11 03:00:00,13.9,57.1,20,1007,TS,NOAA IBTrACS v04r01
2011310N11066,2011,UNNAMED,2011-11-11 06:00:00,13.7,56.8,15,1010,DS,NOAA IBTrACS v04r01
2011310N11066,2011,UNNAMED,2011-11-11 09:00:00,13.6,56.5,15,1010,DS,NOAA IBTrACS v04r01
2011310N11066,2011,UNNAMED,2011-11-11 12:00:00,13.5,56.3,15,1010,DS,NOAA IBTrACS v04r01
2011330N06078,2011,UNNAMED,2011-11-25 12:00:00,6.0,78.1,25,1004,TS,NOAA IBTrACS v04r01
2011330N06078,2011,UNNAMED,2011-11-25 15:00:00,6.4,77.6,28,1002,TS,NOAA IBTrACS v04r01
2011330N06078,2011,UNNAMED,2011-11-25 18:00:00,6.8,77.2,30,1000,TS,NOAA IBTrACS v04r01
2011330N06078,2011,UNNAMED,2011-11-25 21:00:00,7.2,76.8,30,1000,TS,NOAA IBTrACS v04r01
2011330N06078,2011,UNNAMED,2011-11-26 00:00:00,7.6,76.4,30,1000,TS,NOAA IBTrACS v04r01
2011330N06078,2011,UNNAMED,2011-11-26 03:00:00,7.9,76.1,25,1002,TS,NOAA IBTrACS v04r01
2011330N06078,2011,UNNAMED,2011-11-26 06:00:00,8.2,75.6,25,1002,TS,NOAA IBTrACS v04r01
2011330N06078,2011,UNNAMED,2011-11-26 09:00:00,8.5,75.2,30,1000,TS,NOAA IBTrACS v04r01
2011330N06078,2011,UNNAMED,2011-11-26 12:00:00,8.7,74.9,25,1000,TS,NOAA IBTrACS v04r01
2011330N06078,2011,UNNAMED,2011-11-26 15:00:00,8.8,74.7,30,1000,TS,NOAA IBTrACS v04r01
2011330N06078,2011,UNNAMED,2011-11-26 18:00:00,9.1,74.5,25,1000,TS,NOAA IBTrACS v04r01
2011330N06078,2011,UNNAMED,2011-11-26 21:00:00,9.4,74.1,30,1000,TS,NOAA IBTrACS v04r01
2011330N06078,2011,UNNAMED,2011-11-27 00:00:00,10.0,73.6,25,1000,TS,NOAA IBTrACS v04r01
2011330N06078,2011,UNNAMED,2011-11-27 03:00:00,10.7,72.9,25,1000,TS,NOAA IBTrACS v04r01
2011330N06078,2011,UNNAMED,2011-11-27 06:00:00,11.2,72.4,25,1000,TS,NOAA IBTrACS v04r01
2011330N06078,2011,UNNAMED,2011-11-27 09:00:00,11.6,71.9,30,1000,TS,NOAA IBTrACS v04r01
2011330N06078,2011,UNNAMED,2011-11-27 12:00:00,12.1,71.5,25,1000,TS,NOAA IBTrACS v04r01
2011330N06078,2011,UNNAMED,2011-11-27 15:00:00,12.4,71.1,30,1000,TS,NOAA IBTrACS v04r01
2011330N06078,2011,UNNAMED,2011-11-27 18:00:00,12.8,70.7,25,1000,TS,NOAA IBTrACS v04r01
2011330N06078,2011,UNNAMED,2011-11-27 21:00:00,13.2,70.2,30,1000,TS,NOAA IBTrACS v04r01
2011330N06078,2011,UNNAMED,2011-11-28 00:00:00,13.7,69.8,30,998,TS,NOAA IBTrACS v04r01
2011330N06078,2011,UNNAMED,2011-11-28 03:00:00,14.1,69.3,30,998,TS,NOAA IBTrACS v04r01
2011330N06078,2011,UNNAMED,2011-11-28 06:00:00,14.6,68.9,30,998,TS,NOAA IBTrACS v04r01
2011330N06078,2011,UNNAMED,2011-11-28 09:00:00,14.8,68.4,35,996,TS,NOAA IBTrACS v04r01
2011330N06078,2011,UNNAMED,2011-11-28 12:00:00,15.1,68.1,30,998,TS,NOAA IBTrACS v04r01
2011330N06078,2011,UNNAMED,2011-11-28 15:00:00,15.3,67.8,35,996,TS,NOAA IBTrACS v04r01
2011330N06078,2011,UNNAMED,2011-11-28 18:00:00,15.5,67.6,30,998,TS,NOAA IBTrACS v04r01
2011330N06078,2011,UNNAMED,2011-11-28 21:00:00,15.5,67.3,33,998,TS,NOAA IBTrACS v04r01
2011330N06078,2011,UNNAMED,2011-11-29 00:00:00,15.6,67.1,30,998,TS,NOAA IBTrACS v04r01
2011330N06078,2011,UNNAMED,2011-11-29 03:00:00,15.6,66.8,30,998,TS,NOAA IBTrACS v04r01
2011330N06078,2011,UNNAMED,2011-11-29 06:00:00,15.9,66.6,30,998,TS,NOAA IBTrACS v04r01
2011330N06078,2011,UNNAMED,2011-11-29 09:00:00,16.1,66.4,30,1000,TS,NOAA IBTrACS v04r01
2011330N06078,2011,UNNAMED,2011-11-29 12:00:00,16.3,66.3,25,1000,TS,NOAA IBTrACS v04r01
2011330N06078,2011,UNNAMED,2011-11-29 15:00:00,16.5,65.9,28,1002,TS,NOAA IBTrACS v04r01
2011330N06078,2011,UNNAMED,2011-11-29 18:00:00,16.7,65.4,25,1000,TS,NOAA IBTrACS v04r01
2011330N06078,2011,UNNAMED,2011-11-29 21:00:00,16.9,64.9,25,1004,TS,NOAA IBTrACS v04r01
2011330N06078,2011,UNNAMED,2011-11-30 00:00:00,17.1,64.5,25,1000,TS,NOAA IBTrACS v04r01
2011330N06078,2011,UNNAMED,2011-11-30 03:00:00,17.2,64.3,25,1000,TS,NOAA IBTrACS v04r01
2011330N06078,2011,UNNAMED,2011-11-30 06:00:00,17.7,63.7,25,1000,TS,NOAA IBTrACS v04r01
2011330N06078,2011,UNNAMED,2011-11-30 09:00:00,18.1,63.5,25,1004,TS,NOAA IBTrACS v04r01
2011330N06078,2011,UNNAMED,2011-11-30 12:00:00,18.4,63.4,25,1000,TS,NOAA IBTrACS v04r01
2011330N06078,2011,UNNAMED,2011-11-30 15:00:00,18.7,63.0,25,1004,TS,NOAA IBTrACS v04r01
2011330N06078,2011,UNNAMED,2011-11-30 18:00:00,19.0,62.7,25,1000,TS,NOAA IBTrACS v04r01
2011330N06078,2011,UNNAMED,2011-11-30 21:00:00,19.2,62.6,25,1004,TS,NOAA IBTrACS v04r01
2011330N06078,2011,UNNAMED,2011-12-01 00:00:00,19.3,62.6,25,1002,TS,NOAA IBTrACS v04r01
2011330N06078,2011,UNNAMED,2011-12-01 03:00:00,19.4,62.5,25,1002,TS,NOAA IBTrACS v04r01
2011330N06078,2011,UNNAMED,2011-12-01 06:00:00,19.5,62.4,20,1007,DS,NOAA IBTrACS v04r01
2011360N09088,2011,THANE,2011-12-25 12:00:00,8.9,88.4,25,1000,TS,NOAA IBTrACS v04r01
2011360N09088,2011,THANE,2011-12-25 15:00:00,9.1,88.3,30,1001,TS,NOAA IBTrACS v04r01
2011360N09088,2011,THANE,2011-12-25 18:00:00,9.3,88.3,25,1000,TS,NOAA IBTrACS v04r01
2011360N09088,2011,THANE,2011-12-25 21:00:00,9.6,88.1,30,1000,TS,NOAA IBTrACS v04r01
2011360N09088,2011,THANE,2011-12-26 00:00:00,9.8,88.0,30,998,TS,NOAA IBTrACS v04r01
2011360N09088,2011,THANE,2011-12-26 03:00:00,9.9,88.0,30,998,TS,NOAA IBTrACS v04r01
2011360N09088,2011,THANE,2011-12-26 06:00:00,10.3,88.0,30,998,TS,NOAA IBTrACS v04r01
2011360N09088,2011,THANE,2011-12-26 09:00:00,10.6,87.9,45,989,TS,NOAA IBTrACS v04r01
2011360N09088,2011,THANE,2011-12-26 12:00:00,10.8,87.9,30,998,TS,NOAA IBTrACS v04r01
2011360N09088,2011,THANE,2011-12-26 15:00:00,11.1,87.8,50,985,TS,NOAA IBTrACS v04r01
2011360N09088,2011,THANE,2011-12-26 18:00:00,11.3,87.7,35,996,TS,NOAA IBTrACS v04r01
2011360N09088,2011,THANE,2011-12-26 21:00:00,11.4,87.6,35,996,TS,NOAA IBTrACS v04r01
2011360N09088,2011,THANE,2011-12-27 00:00:00,11.7,87.5,40,994,TS,NOAA IBTrACS v04r01
2011360N09088,2011,THANE,2011-12-27 03:00:00,12.0,87.2,40,994,TS,NOAA IBTrACS v04r01
2011360N09088,2011,THANE,2011-12-27 06:00:00,12.1,87.1,40,994,TS,NOAA IBTrACS v04r01
2011360N09088,2011,THANE,2011-12-27 09:00:00,12.2,86.8,40,992,TS,NOAA IBTrACS v04r01
2011360N09088,2011,THANE,2011-12-27 12:00:00,12.4,86.6,40,992,TS,NOAA IBTrACS v04r01
2011360N09088,2011,THANE,2011-12-27 15:00:00,12.4,86.4,45,992,TS,NOAA IBTrACS v04r01
2011360N09088,2011,THANE,2011-12-27 18:00:00,12.3,86.0,45,992,TS,NOAA IBTrACS v04r01
2011360N09088,2011,THANE,2011-12-27 21:00:00,12.2,85.8,45,992,TS,NOAA IBTrACS v04r01
2011360N09088,2011,THANE,2011-12-28 00:00:00,12.2,85.4,45,992,TS,NOAA IBTrACS v04r01
2011360N09088,2011,THANE,2011-12-28 03:00:00,12.2,85.2,45,987,TS,NOAA IBTrACS v04r01
2011360N09088,2011,THANE,2011-12-28 06:00:00,12.3,84.9,45,988,TS,NOAA IBTrACS v04r01
2011360N09088,2011,THANE,2011-12-28 09:00:00,12.3,84.7,55,986,TS,NOAA IBTrACS v04r01
2011360N09088,2011,THANE,2011-12-28 12:00:00,12.4,84.4,65,982,TS,NOAA IBTrACS v04r01
2011360N09088,2011,THANE,2011-12-28 15:00:00,12.3,83.9,65,980,TS,NOAA IBTrACS v04r01
2011360N09088,2011,THANE,2011-12-28 18:00:00,12.3,83.8,65,978,TS,NOAA IBTrACS v04r01
2011360N09088,2011,THANE,2011-12-28 21:00:00,12.2,83.3,65,976,TS,NOAA IBTrACS v04r01
2011360N09088,2011,THANE,2011-12-29 00:00:00,12.1,82.9,70,974,TS,NOAA IBTrACS v04r01
2011360N09088,2011,THANE,2011-12-29 03:00:00,11.9,82.5,75,976,TS,NOAA IBTrACS v04r01
2011360N09088,2011,THANE,2011-12-29 06:00:00,12.0,82.1,75,972,TS,NOAA IBTrACS v04r01
2011360N09088,2011,THANE,2011-12-29 09:00:00,12.0,81.7,75,972,TS,NOAA IBTrACS v04r01
2011360N09088,2011,THANE,2011-12-29 12:00:00,12.0,81.3,75,972,TS,NOAA IBTrACS v04r01
2011360N09088,2011,THANE,2011-12-29 15:00:00,11.9,81.0,75,970,TS,NOAA IBTrACS v04r01
2011360N09088,2011,THANE,2011-12-29 18:00:00,11.8,80.6,75,970,TS,NOAA IBTrACS v04r01
2011360N09088,2011,THANE,2011-12-29 21:00:00,11.8,80.3,75,969,TS,NOAA IBTrACS v04r01
2011360N09088,2011,THANE,2011-12-30 00:00:00,11.7,79.9,75,969,TS,NOAA IBTrACS v04r01
2011360N09088,2011,THANE,2011-12-30 03:00:00,11.6,79.5,55,986,TS,NOAA IBTrACS v04r01
2011360N09088,2011,THANE,2011-12-30 06:00:00,11.6,79.1,30,998,TS,NOAA IBTrACS v04r01
2011360N09088,2011,THANE,2011-12-30 09:00:00,11.8,78.6,45,989,TS,NOAA IBTrACS v04r01
2011360N09088,2011,THANE,2011-12-30 12:00:00,12.2,78.2,25,1000,TS,NOAA IBTrACS v04r01
2012285N21091,2012,UNNAMED,2012-10-10 12:00:00,21.0,91.0,25,1003,TS,NOAA IBTrACS v04r01
2012285N21091,2012,UNNAMED,2012-10-10 15:00:00,21.5,91.0,25,1003,TS,NOAA IBTrACS v04r01
2012285N21091,2012,UNNAMED,2012-10-10 18:00:00,22.0,91.0,30,1002,TS,NOAA IBTrACS v04r01
2012285N21091,2012,UNNAMED,2012-10-10 21:00:00,22.3,91.1,,,TS,NOAA IBTrACS v04r01
2012285N21091,2012,UNNAMED,2012-10-11 00:00:00,22.5,91.3,30,1002,TS,NOAA IBTrACS v04r01
2012285N21091,2012,UNNAMED,2012-10-11 03:00:00,23.0,91.5,20,1006,TS,NOAA IBTrACS v04r01
2012297N11067,2012,MURJAN,2012-10-22 15:00:00,11.0,66.5,25,1004,TS,NOAA IBTrACS v04r01
2012297N11067,2012,MURJAN,2012-10-22 18:00:00,11.1,66.0,15,1008,MX,NOAA IBTrACS v04r01
2012297N11067,2012,MURJAN,2012-10-22 21:00:00,11.2,65.6,25,1004,MX,NOAA IBTrACS v04r01
2012297N11067,2012,MURJAN,2012-10-23 00:00:00,11.3,65.1,20,1007,MX,NOAA IBTrACS v04r01
2012297N11067,2012,MURJAN,2012-10-23 03:00:00,11.4,64.4,20,1007,MX,NOAA IBTrACS v04r01
2012297N11067,2012,MURJAN,2012-10-23 06:00:00,11.5,63.8,25,1003,MX,NOAA IBTrACS v04r01
2012297N11067,2012,MURJAN,2012-10-23 09:00:00,11.5,63.2,30,1002,MX,NOAA IBTrACS v04r01
2012297N11067,2012,MURJAN,2012-10-23 12:00:00,11.4,62.4,25,1004,MX,NOAA IBTrACS v04r01
2012297N11067,2012,MURJAN,2012-10-23 15:00:00,11.2,61.4,28,1002,MX,NOAA IBTrACS v04r01
2012297N11067,2012,MURJAN,2012-10-23 18:00:00,11.0,60.4,30,1000,MX,NOAA IBTrACS v04r01
2012297N11067,2012,MURJAN,2012-10-23 21:00:00,10.9,59.4,30,1002,MX,NOAA IBTrACS v04r01
2012297N11067,2012,MURJAN,2012-10-24 00:00:00,10.7,58.6,30,1000,MX,NOAA IBTrACS v04r01
2012297N11067,2012,MURJAN,2012-10-24 03:00:00,10.6,57.8,30,1000,MX,NOAA IBTrACS v04r01
2012297N11067,2012,MURJAN,2012-10-24 06:00:00,10.5,57.1,35,1000,MX,NOAA IBTrACS v04r01
2012297N11067,2012,MURJAN,2012-10-24 09:00:00,10.5,56.5,33,998,MX,NOAA IBTrACS v04r01
2012297N11067,2012,MURJAN,2012-10-24 12:00:00,10.5,55.9,40,998,TS,NOAA IBTrACS v04r01
2012297N11067,2012,MURJAN,2012-10-24 15:00:00,10.5,55.2,35,996,TS,NOAA IBTrACS v04r01
2012297N11067,2012,MURJAN,2012-10-24 18:00:00,10.5,54.5,35,1000,TS,NOAA IBTrACS v04r01
2012297N11067,2012,MURJAN,2012-10-24 21:00:00,10.4,53.9,35,1000,TS,NOAA IBTrACS v04r01
2012297N11067,2012,MURJAN,2012-10-25 00:00:00,10.1,53.4,35,1000,TS,NOAA IBTrACS v04r01
2012297N11067,2012,MURJAN,2012-10-25 03:00:00,9.9,52.7,35,996,TS,NOAA IBTrACS v04r01
2012297N11067,2012,MURJAN,2012-10-25 06:00:00,9.7,52.0,35,1000,TS,NOAA IBTrACS v04r01
2012297N11067,2012,MURJAN,2012-10-25 09:00:00,9.6,51.4,35,996,TS,NOAA IBTrACS v04r01
2012297N11067,2012,MURJAN,2012-10-25 12:00:00,9.6,50.9,30,1001,TS,NOAA IBTrACS v04r01
2012297N11067,2012,MURJAN,2012-10-25 15:00:00,9.5,50.5,33,998,TS,NOAA IBTrACS v04r01
2012297N11067,2012,MURJAN,2012-10-25 18:00:00,9.5,49.9,25,1002,TS,NOAA IBTrACS v04r01
2012297N11067,2012,MURJAN,2012-10-25 21:00:00,9.4,48.8,25,1002,TS,NOAA IBTrACS v04r01
2012297N11067,2012,MURJAN,2012-10-26 00:00:00,9.2,47.7,25,1004,TS,NOAA IBTrACS v04r01
2012301N11087,2012,NILAM,2012-10-27 06:00:00,11.1,87.1,15,1010,DS,NOAA IBTrACS v04r01
2012301N11087,2012,NILAM,2012-10-27 09:00:00,10.9,87.0,18,1009,DS,NOAA IBTrACS v04r01
2012301N11087,2012,NILAM,2012-10-27 12:00:00,10.7,86.8,20,1007,DS,NOAA IBTrACS v04r01
2012301N11087,2012,NILAM,2012-10-27 15:00:00,10.4,86.6,20,1007,DS,NOAA IBTrACS v04r01
2012301N11087,2012,NILAM,2012-10-27 18:00:00,10.2,86.4,20,1007,DS,NOAA IBTrACS v04r01
2012301N11087,2012,NILAM,2012-10-27 21:00:00,10.1,86.2,23,1006,DS,NOAA IBTrACS v04r01
2012301N11087,2012,NILAM,2012-10-28 00:00:00,10.0,85.9,25,1004,TS,NOAA IBTrACS v04r01
2012301N11087,2012,NILAM,2012-10-28 03:00:00,9.9,85.7,25,1004,TS,NOAA IBTrACS v04r01
2012301N11087,2012,NILAM,2012-10-28 06:00:00,9.7,85.5,25,1004,TS,NOAA IBTrACS v04r01
2012301N11087,2012,NILAM,2012-10-28 09:00:00,9.6,85.3,25,1004,TS,NOAA IBTrACS v04r01
2012301N11087,2012,NILAM,2012-10-28 12:00:00,9.6,84.9,25,1003,TS,NOAA IBTrACS v04r01
2012301N11087,2012,NILAM,2012-10-28 15:00:00,9.5,84.6,28,1002,TS,NOAA IBTrACS v04r01
2012301N11087,2012,NILAM,2012-10-28 18:00:00,9.5,84.4,25,1002,TS,NOAA IBTrACS v04r01
2012301N11087,2012,NILAM,2012-10-28 21:00:00,9.6,84.0,30,1000,TS,NOAA IBTrACS v04r01
2012301N11087,2012,NILAM,2012-10-29 00:00:00,9.6,83.7,30,1000,TS,NOAA IBTrACS v04r01
2012301N11087,2012,NILAM,2012-10-29 03:00:00,9.5,83.3,30,1000,TS,NOAA IBTrACS v04r01
2012301N11087,2012,NILAM,2012-10-29 06:00:00,9.1,82.9,30,1000,TS,NOAA IBTrACS v04r01
2012301N11087,2012,NILAM,2012-10-29 09:00:00,8.9,82.6,33,998,TS,NOAA IBTrACS v04r01
2012301N11087,2012,NILAM,2012-10-29 12:00:00,8.8,82.5,30,1000,TS,NOAA IBTrACS v04r01
2012301N11087,2012,NILAM,2012-10-29 15:00:00,8.7,82.4,38,995,TS,NOAA IBTrACS v04r01
2012301N11087,2012,NILAM,2012-10-29 18:00:00,8.7,82.5,30,1000,TS,NOAA IBTrACS v04r01
2012301N11087,2012,NILAM,2012-10-29 21:00:00,8.7,82.6,40,993,TS,NOAA IBTrACS v04r01
2012301N11087,2012,NILAM,2012-10-30 00:00:00,8.8,82.8,30,999,TS,NOAA IBTrACS v04r01
2012301N11087,2012,NILAM,2012-10-30 03:00:00,8.9,82.7,35,998,TS,NOAA IBTrACS v04r01
2012301N11087,2012,NILAM,2012-10-30 06:00:00,9.1,82.7,35,996,TS,NOAA IBTrACS v04r01
2012301N11087,2012,NILAM,2012-10-30 09:00:00,9.5,82.6,35,996,TS,NOAA IBTrACS v04r01
2012301N11087,2012,NILAM,2012-10-30 12:00:00,9.7,82.6,40,994,TS,NOAA IBTrACS v04r01
2012301N11087,2012,NILAM,2012-10-30 15:00:00,9.9,82.6,40,994,TS,NOAA IBTrACS v04r01
2012301N11087,2012,NILAM,2012-10-30 18:00:00,10.4,82.5,40,992,TS,NOAA IBTrACS v04r01
2012301N11087,2012,NILAM,2012-10-30 21:00:00,10.5,82.3,40,990,TS,NOAA IBTrACS v04r01
2012301N11087,2012,NILAM,2012-10-31 00:00:00,10.9,81.8,45,988,TS,NOAA IBTrACS v04r01
2012301N11087,2012,NILAM,2012-10-31 03:00:00,11.3,81.3,45,987,TS,NOAA IBTrACS v04r01
2012301N11087,2012,NILAM,2012-10-31 06:00:00,11.7,81.0,45,987,TS,NOAA IBTrACS v04r01
2012301N11087,2012,NILAM,2012-10-31 09:00:00,12.3,80.5,45,987,TS,NOAA IBTrACS v04r01
2012301N11087,2012,NILAM,2012-10-31 12:00:00,12.7,79.8,35,991,TS,NOAA IBTrACS v04r01
2012301N11087,2012,NILAM,2012-10-31 15:00:00,13.0,79.2,35,996,TS,NOAA IBTrACS v04r01
2012301N11087,2012,NILAM,2012-10-31 18:00:00,13.2,78.3,30,998,TS,NOAA IBTrACS v04r01
2012301N11087,2012,NILAM,2012-10-31 21:00:00,13.3,77.7,40,993,TS,NOAA IBTrACS v04r01
2012301N11087,2012,NILAM,2012-11-01 00:00:00,13.3,77.3,20,999,TS,NOAA IBTrACS v04r01
2012301N11087,2012,NILAM,2012-11-01 03:00:00,13.5,77.0,20,1002,TS,NOAA IBTrACS v04r01
2012301N11087,2012,NILAM,2012-11-01 06:00:00,13.5,77.0,20,1002,TS,NOAA IBTrACS v04r01
2012301N11087,2012,NILAM,2012-11-01 09:00:00,13.7,77.0,,,TS,NOAA IBTrACS v04r01
2012301N11087,2012,NILAM,2012-11-01 12:00:00,14.0,77.0,20,1002,TS,NOAA IBTrACS v04r01
2012301N11087,2012,NILAM,2012-11-01 15:00:00,14.3,77.0,,,TS,NOAA IBTrACS v04r01
2012301N11087,2012,NILAM,2012-11-01 18:00:00,14.5,77.0,20,1004,TS,NOAA IBTrACS v04r01
2012321N14090,2012,UNNAMED,2012-11-16 00:00:00,14.2,90.2,20,1007,DS,NOAA IBTrACS v04r01
2012321N14090,2012,UNNAMED,2012-11-16 03:00:00,14.4,90.1,20,1007,DS,NOAA IBTrACS v04r01
2012321N14090,2012,UNNAMED,2012-11-16 06:00:00,14.6,89.9,20,1007,DS,NOAA IBTrACS v04r01
2012321N14090,2012,UNNAMED,2012-11-16 09:00:00,14.8,89.7,20,1007,DS,NOAA IBTrACS v04r01
2012321N14090,2012,UNNAMED,2012-11-16 12:00:00,14.9,89.6,20,1007,DS,NOAA IBTrACS v04r01
2012321N14090,2012,UNNAMED,2012-11-16 15:00:00,15.0,89.4,20,1007,DS,NOAA IBTrACS v04r01
2012321N14090,2012,UNNAMED,2012-11-16 18:00:00,15.1,89.3,20,1007,TS,NOAA IBTrACS v04r01
2012321N14090,2012,UNNAMED,2012-11-16 21:00:00,15.2,89.2,23,1006,TS,NOAA IBTrACS v04r01
2012321N14090,2012,UNNAMED,2012-11-17 00:00:00,15.4,89.1,25,1004,TS,NOAA IBTrACS v04r01
2012321N14090,2012,UNNAMED,2012-11-17 03:00:00,15.6,89.1,28,1002,TS,NOAA IBTrACS v04r01
2012321N14090,2012,UNNAMED,2012-11-17 06:00:00,15.7,89.3,25,1004,MX,NOAA IBTrACS v04r01
2012321N14090,2012,UNNAMED,2012-11-17 09:00:00,15.8,89.2,30,1003,MX,NOAA IBTrACS v04r01
2012321N14090,2012,UNNAMED,2012-11-17 12:00:00,16.1,89.0,30,1002,MX,NOAA IBTrACS v04r01
2012321N14090,2012,UNNAMED,2012-11-17 15:00:00,16.2,88.9,33,998,MX,NOAA IBTrACS v04r01
2012321N14090,2012,UNNAMED,2012-11-17 18:00:00,16.2,88.9,30,1002,TS,NOAA IBTrACS v04r01
2012321N14090,2012,UNNAMED,2012-11-17 21:00:00,16.1,88.6,35,996,TS,NOAA IBTrACS v04r01
2012321N14090,2012,UNNAMED,2012-11-18 00:00:00,16.1,88.5,30,1002,TS,NOAA IBTrACS v04r01
2012321N14090,2012,UNNAMED,2012-11-18 03:00:00,16.0,88.4,30,1002,TS,NOAA IBTrACS v04r01
2012321N14090,2012,UNNAMED,2012-11-18 06:00:00,16.0,88.0,30,1002,TS,NOAA IBTrACS v04r01
2012321N14090,2012,UNNAMED,2012-11-18 09:00:00,15.9,87.7,35,996,TS,NOAA IBTrACS v04r01
2012321N14090,2012,UNNAMED,2012-11-18 12:00:00,15.9,87.6,30,1002,TS,NOAA IBTrACS v04r01
2012321N14090,2012,UNNAMED,2012-11-18 15:00:00,15.8,87.5,35,996,TS,NOAA IBTrACS v04r01
2012321N14090,2012,UNNAMED,2012-11-18 18:00:00,15.7,87.4,30,1002,TS,NOAA IBTrACS v04r01
2012321N14090,2012,UNNAMED,2012-11-18 21:00:00,15.6,87.2,33,998,TS,NOAA IBTrACS v04r01
2012321N14090,2012,UNNAMED,2012-11-19 00:00:00,15.4,86.9,25,1004,TS,NOAA IBTrACS v04r01
2012321N14090,2012,UNNAMED,2012-11-19 03:00:00,15.1,86.6,25,1004,TS,NOAA IBTrACS v04r01
2012321N14090,2012,UNNAMED,2012-11-19 06:00:00,15.1,86.4,25,1004,TS,NOAA IBTrACS v04r01
2012321N14090,2012,UNNAMED,2012-11-19 09:00:00,15.1,86.3,28,1002,TS,NOAA IBTrACS v04r01
2012321N14090,2012,UNNAMED,2012-11-19 12:00:00,15.1,86.0,20,1005,TS,NOAA IBTrACS v04r01
2012321N14090,2012,UNNAMED,2012-11-19 15:00:00,15.1,85.8,25,1004,TS,NOAA IBTrACS v04r01
2012321N14090,2012,UNNAMED,2012-11-19 18:00:00,15.1,85.5,25,1004,TS,NOAA IBTrACS v04r01
2012321N14090,2012,UNNAMED,2012-11-19 21:00:00,15.1,85.3,25,1004,TS,NOAA IBTrACS v04r01
2012321N14090,2012,UNNAMED,2012-11-20 00:00:00,15.2,85.0,25,1004,TS,NOAA IBTrACS v04r01
2012321N14090,2012,UNNAMED,2012-11-20 03:00:00,15.2,84.8,25,1004,TS,NOAA IBTrACS v04r01
2012321N14090,2012,UNNAMED,2012-11-20 06:00:00,15.2,84.5,25,1004,TS,NOAA IBTrACS v04r01
2012321N14090,2012,UNNAMED,2012-11-20 09:00:00,15.0,84.2,25,1004,TS,NOAA IBTrACS v04r01
2012321N14090,2012,UNNAMED,2012-11-20 12:00:00,14.8,84.0,25,1004,TS,NOAA IBTrACS v04r01
2012321N14090,2012,UNNAMED,2012-11-20 15:00:00,14.7,83.8,25,1004,TS,NOAA IBTrACS v04r01
2012321N14090,2012,UNNAMED,2012-11-20 18:00:00,14.5,83.6,25,1004,TS,NOAA IBTrACS v04r01
2012321N14090,2012,UNNAMED,2012-11-20 21:00:00,14.3,83.5,25,1004,TS,NOAA IBTrACS v04r01
2012321N14090,2012,UNNAMED,2012-11-21 00:00:00,14.0,83.3,25,1004,TS,NOAA IBTrACS v04r01
2012321N14090,2012,UNNAMED,2012-11-21 03:00:00,13.7,83.1,25,1004,TS,NOAA IBTrACS v04r01
2012321N14090,2012,UNNAMED,2012-11-21 06:00:00,13.5,82.9,25,1004,TS,NOAA IBTrACS v04r01
2012321N14090,2012,UNNAMED,2012-11-21 09:00:00,13.3,82.7,25,1004,TS,NOAA IBTrACS v04r01
2012321N14090,2012,UNNAMED,2012-11-21 12:00:00,13.1,82.5,25,1004,TS,NOAA IBTrACS v04r01
2012321N14090,2012,UNNAMED,2012-11-21 15:00:00,13.1,82.3,25,1004,TS,NOAA IBTrACS v04r01
2012321N14090,2012,UNNAMED,2012-11-21 18:00:00,13.1,82.1,25,1004,TS,NOAA IBTrACS v04r01
2012321N14090,2012,UNNAMED,2012-11-21 21:00:00,13.0,81.8,25,1004,TS,NOAA IBTrACS v04r01
2012321N14090,2012,UNNAMED,2012-11-22 00:00:00,12.9,81.6,25,1004,TS,NOAA IBTrACS v04r01
2012321N14090,2012,UNNAMED,2012-11-22 03:00:00,12.9,81.4,25,1004,TS,NOAA IBTrACS v04r01
2012321N14090,2012,UNNAMED,2012-11-22 06:00:00,12.9,81.2,25,1004,TS,NOAA IBTrACS v04r01
2012321N14090,2012,UNNAMED,2012-11-22 09:00:00,12.9,81.0,25,1004,TS,NOAA IBTrACS v04r01
2012321N14090,2012,UNNAMED,2012-11-22 12:00:00,12.9,80.7,25,1004,TS,NOAA IBTrACS v04r01
2012321N14090,2012,UNNAMED,2012-11-22 15:00:00,12.9,80.5,25,1004,TS,NOAA IBTrACS v04r01
2012321N14090,2012,UNNAMED,2012-11-22 18:00:00,12.8,80.2,25,1004,TS,NOAA IBTrACS v04r01
2012321N14090,2012,UNNAMED,2012-11-22 21:00:00,12.8,79.9,25,1004,TS,NOAA IBTrACS v04r01
2012321N14090,2012,UNNAMED,2012-11-23 00:00:00,12.7,79.5,25,1004,TS,NOAA IBTrACS v04r01
2012321N14090,2012,UNNAMED,2012-11-23 03:00:00,12.7,79.2,23,1006,TS,NOAA IBTrACS v04r01
2012321N14090,2012,UNNAMED,2012-11-23 06:00:00,12.6,78.9,20,1007,DS,NOAA IBTrACS v04r01
2012357N09064,2012,UNNAMED,2012-12-22 06:00:00,9.1,63.8,25,1004,MX,NOAA IBTrACS v04r01
2012357N09064,2012,UNNAMED,2012-12-22 09:00:00,9.0,63.1,25,1004,MX,NOAA IBTrACS v04r01
2012357N09064,2012,UNNAMED,2012-12-22 12:00:00,8.9,62.6,25,1003,MX,NOAA IBTrACS v04r01
2012357N09064,2012,UNNAMED,2012-12-22 15:00:00,8.8,62.0,28,1002,MX,NOAA IBTrACS v04r01
2012357N09064,2012,UNNAMED,2012-12-22 18:00:00,8.7,61.4,30,1000,TS,NOAA IBTrACS v04r01
2012357N09064,2012,UNNAMED,2012-12-22 21:00:00,8.7,60.8,33,998,TS,NOAA IBTrACS v04r01
2012357N09064,2012,UNNAMED,2012-12-23 00:00:00,8.7,60.2,30,1002,TS,NOAA IBTrACS v04r01
2012357N09064,2012,UNNAMED,2012-12-23 03:00:00,8.7,59.5,30,1002,TS,NOAA IBTrACS v04r01
2012357N09064,2012,UNNAMED,2012-12-23 06:00:00,8.6,58.8,35,996,TS,NOAA IBTrACS v04r01
2012357N09064,2012,UNNAMED,2012-12-23 09:00:00,8.6,57.9,35,996,TS,NOAA IBTrACS v04r01
2012357N09064,2012,UNNAMED,2012-12-23 12:00:00,8.5,57.1,30,1002,TS,NOAA IBTrACS v04r01
2012357N09064,2012,UNNAMED,2012-12-23 15:00:00,8.4,56.4,35,996,TS,NOAA IBTrACS v04r01
2012357N09064,2012,UNNAMED,2012-12-23 18:00:00,8.4,55.8,35,996,TS,NOAA IBTrACS v04r01
2012357N09064,2012,UNNAMED,2012-12-23 21:00:00,8.3,55.1,35,996,TS,NOAA IBTrACS v04r01
2012357N09064,2012,UNNAMED,2012-12-24 00:00:00,8.2,54.5,35,996,TS,NOAA IBTrACS v04r01
2012357N09064,2012,UNNAMED,2012-12-24 03:00:00,8.0,53.9,30,1002,TS,NOAA IBTrACS v04r01
2012357N09064,2012,UNNAMED,2012-12-24 06:00:00,7.7,53.2,35,996,TS,NOAA IBTrACS v04r01
2012357N09064,2012,UNNAMED,2012-12-24 09:00:00,7.4,52.6,33,998,TS,NOAA IBTrACS v04r01
2012357N09064,2012,UNNAMED,2012-12-24 12:00:00,7.2,51.9,25,1004,TS,NOAA IBTrACS v04r01
2012357N09064,2012,UNNAMED,2012-12-24 15:00:00,6.9,51.3,28,1002,TS,NOAA IBTrACS v04r01
2012357N09064,2012,UNNAMED,2012-12-24 18:00:00,6.7,50.7,25,1004,TS,NOAA IBTrACS v04r01
2012357N09064,2012,UNNAMED,2012-12-24 21:00:00,6.5,50.1,23,1006,TS,NOAA IBTrACS v04r01
2012357N09064,2012,UNNAMED,2012-12-25 00:00:00,6.2,49.6,20,1007,TS,NOAA IBTrACS v04r01
2013130N04093,2013,MAHASEN:VIYARU,2013-05-09 18:00:00,4.4,93.0,20,1007,DS,NOAA IBTrACS v04r01
2013130N04093,2013,MAHASEN:VIYARU,2013-05-09 21:00:00,4.4,93.3,23,1006,DS,NOAA IBTrACS v04r01
2013130N04093,2013,MAHASEN:VIYARU,2013-05-10 00:00:00,4.5,93.5,25,1004,TS,NOAA IBTrACS v04r01
2013130N04093,2013,MAHASEN:VIYARU,2013-05-10 03:00:00,4.7,93.3,30,1000,TS,NOAA IBTrACS v04r01
2013130N04093,2013,MAHASEN:VIYARU,2013-05-10 06:00:00,4.9,93.0,35,996,TS,NOAA IBTrACS v04r01
2013130N04093,2013,MAHASEN:VIYARU,2013-05-10 09:00:00,5.1,92.6,25,1004,TS,NOAA IBTrACS v04r01
2013130N04093,2013,MAHASEN:VIYARU,2013-05-10 12:00:00,5.4,92.3,30,1002,TS,NOAA IBTrACS v04r01
2013130N04093,2013,MAHASEN:VIYARU,2013-05-10 15:00:00,5.8,92.0,35,996,TS,NOAA IBTrACS v04r01
2013130N04093,2013,MAHASEN:VIYARU,2013-05-10 18:00:00,6.1,91.7,30,1000,TS,NOAA IBTrACS v04r01
2013130N04093,2013,MAHASEN:VIYARU,2013-05-10 21:00:00,6.4,91.3,38,995,TS,NOAA IBTrACS v04r01
2013130N04093,2013,MAHASEN:VIYARU,2013-05-11 00:00:00,6.8,91.0,30,998,TS,NOAA IBTrACS v04r01
2013130N04093,2013,MAHASEN:VIYARU,2013-05-11 03:00:00,7.3,90.4,35,996,TS,NOAA IBTrACS v04r01
2013130N04093,2013,MAHASEN:VIYARU,2013-05-11 06:00:00,7.8,90.2,35,996,TS,NOAA IBTrACS v04r01
2013130N04093,2013,MAHASEN:VIYARU,2013-05-11 09:00:00,7.9,89.7,35,996,TS,NOAA IBTrACS v04r01
2013130N04093,2013,MAHASEN:VIYARU,2013-05-11 12:00:00,8.3,89.2,40,994,TS,NOAA IBTrACS v04r01
2013130N04093,2013,MAHASEN:VIYARU,2013-05-11 15:00:00,8.7,88.8,40,994,TS,NOAA IBTrACS v04r01
2013130N04093,2013,MAHASEN:VIYARU,2013-05-11 18:00:00,9.1,88.7,40,994,TS,NOAA IBTrACS v04r01
2013130N04093,2013,MAHASEN:VIYARU,2013-05-11 21:00:00,9.4,88.3,40,994,TS,NOAA IBTrACS v04r01
2013130N04093,2013,MAHASEN:VIYARU,2013-05-12 00:00:00,9.8,87.9,40,994,TS,NOAA IBTrACS v04r01
2013130N04093,2013,MAHASEN:VIYARU,2013-05-12 03:00:00,9.8,87.5,40,994,TS,NOAA IBTrACS v04r01
2013130N04093,2013,MAHASEN:VIYARU,2013-05-12 06:00:00,10.0,87.5,40,994,TS,NOAA IBTrACS v04r01
2013130N04093,2013,MAHASEN:VIYARU,2013-05-12 09:00:00,10.3,87.1,40,994,TS,NOAA IBTrACS v04r01
2013130N04093,2013,MAHASEN:VIYARU,2013-05-12 12:00:00,10.4,87.0,40,994,TS,NOAA IBTrACS v04r01
2013130N04093,2013,MAHASEN:VIYARU,2013-05-12 15:00:00,10.5,86.7,40,994,TS,NOAA IBTrACS v04r01
2013130N04093,2013,MAHASEN:VIYARU,2013-05-12 18:00:00,10.9,86.6,40,994,TS,NOAA IBTrACS v04r01
2013130N04093,2013,MAHASEN:VIYARU,2013-05-12 21:00:00,11.0,86.5,40,994,TS,NOAA IBTrACS v04r01
2013130N04093,2013,MAHASEN:VIYARU,2013-05-13 00:00:00,11.5,86.5,40,994,TS,NOAA IBTrACS v04r01
2013130N04093,2013,MAHASEN:VIYARU,2013-05-13 03:00:00,11.8,86.4,40,994,TS,NOAA IBTrACS v04r01
2013130N04093,2013,MAHASEN:VIYARU,2013-05-13 06:00:00,12.0,86.4,40,994,TS,NOAA IBTrACS v04r01
2013130N04093,2013,MAHASEN:VIYARU,2013-05-13 09:00:00,12.0,85.9,40,994,TS,NOAA IBTrACS v04r01
2013130N04093,2013,MAHASEN:VIYARU,2013-05-13 12:00:00,12.2,85.8,40,994,TS,NOAA IBTrACS v04r01
2013130N04093,2013,MAHASEN:VIYARU,2013-05-13 15:00:00,12.6,85.7,40,994,TS,NOAA IBTrACS v04r01
2013130N04093,2013,MAHASEN:VIYARU,2013-05-13 18:00:00,12.8,85.5,40,994,TS,NOAA IBTrACS v04r01
2013130N04093,2013,MAHASEN:VIYARU,2013-05-13 21:00:00,13.2,85.4,40,994,TS,NOAA IBTrACS v04r01
2013130N04093,2013,MAHASEN:VIYARU,2013-05-14 00:00:00,13.6,85.5,40,994,TS,NOAA IBTrACS v04r01
2013130N04093,2013,MAHASEN:VIYARU,2013-05-14 03:00:00,13.7,85.5,40,994,TS,NOAA IBTrACS v04r01
2013130N04093,2013,MAHASEN:VIYARU,2013-05-14 06:00:00,14.1,85.7,40,994,TS,NOAA IBTrACS v04r01
2013130N04093,2013,MAHASEN:VIYARU,2013-05-14 09:00:00,14.2,85.7,40,994,TS,NOAA IBTrACS v04r01
2013130N04093,2013,MAHASEN:VIYARU,2013-05-14 12:00:00,14.6,86.1,40,994,TS,NOAA IBTrACS v04r01
2013130N04093,2013,MAHASEN:VIYARU,2013-05-14 15:00:00,14.8,86.2,40,994,TS,NOAA IBTrACS v04r01
2013130N04093,2013,MAHASEN:VIYARU,2013-05-14 18:00:00,15.3,86.6,40,994,TS,NOAA IBTrACS v04r01
2013130N04093,2013,MAHASEN:VIYARU,2013-05-14 21:00:00,15.8,86.7,40,994,TS,NOAA IBTrACS v04r01
2013130N04093,2013,MAHASEN:VIYARU,2013-05-15 00:00:00,16.3,87.1,40,994,TS,NOAA IBTrACS v04r01
2013130N04093,2013,MAHASEN:VIYARU,2013-05-15 03:00:00,16.7,87.2,40,992,TS,NOAA IBTrACS v04r01
2013130N04093,2013,MAHASEN:VIYARU,2013-05-15 06:00:00,17.3,87.6,45,990,TS,NOAA IBTrACS v04r01
2013130N04093,2013,MAHASEN:VIYARU,2013-05-15 09:00:00,17.7,87.7,45,990,TS,NOAA IBTrACS v04r01
2013130N04093,2013,MAHASEN:VIYARU,2013-05-15 12:00:00,18.3,88.2,45,990,TS,NOAA IBTrACS v04r01
2013130N04093,2013,MAHASEN:VIYARU,2013-05-15 15:00:00,18.8,88.6,45,990,TS,NOAA IBTrACS v04r01
2013130N04093,2013,MAHASEN:VIYARU,2013-05-15 18:00:00,19.3,88.8,45,990,TS,NOAA IBTrACS v04r01
2013130N04093,2013,MAHASEN:VIYARU,2013-05-15 21:00:00,19.8,89.2,45,990,TS,NOAA IBTrACS v04r01
2013130N04093,2013,MAHASEN:VIYARU,2013-05-16 00:00:00,20.4,89.7,45,990,TS,NOAA IBTrACS v04r01
2013130N04093,2013,MAHASEN:VIYARU,2013-05-16 03:00:00,21.2,90.2,45,990,TS,NOAA IBTrACS v04r01
2013130N04093,2013,MAHASEN:VIYARU,2013-05-16 06:00:00,22.5,91.0,45,990,TS,NOAA IBTrACS v04r01
2013130N04093,2013,MAHASEN:VIYARU,2013-05-16 09:00:00,23.4,91.9,40,994,TS,NOAA IBTrACS v04r01
2013130N04093,2013,MAHASEN:VIYARU,2013-05-16 12:00:00,24.1,92.5,30,996,TS,NOAA IBTrACS v04r01
2013130N04093,2013,MAHASEN:VIYARU,2013-05-16 15:00:00,24.5,93.0,,,TS,NOAA IBTrACS v04r01
2013130N04093,2013,MAHASEN:VIYARU,2013-05-16 18:00:00,25.0,93.5,25,998,TS,NOAA IBTrACS v04r01
2013149N21090,2013,UNNAMED,2013-05-29 03:00:00,21.0,89.5,25,996,TS,NOAA IBTrACS v04r01
2013149N21090,2013,UNNAMED,2013-05-29 06:00:00,21.3,89.3,25,996,TS,NOAA IBTrACS v04r01
2013149N21090,2013,UNNAMED,2013-05-29 09:00:00,21.5,89.0,25,996,TS,NOAA IBTrACS v04r01
2013149N21090,2013,UNNAMED,2013-05-29 12:00:00,21.7,88.8,25,994,TS,NOAA IBTrACS v04r01
2013149N21090,2013,UNNAMED,2013-05-29 15:00:00,22.0,88.7,20,994,TS,NOAA IBTrACS v04r01
2013149N21090,2013,UNNAMED,2013-05-29 18:00:00,22.1,88.4,20,994,TS,NOAA IBTrACS v04r01
2013149N21090,2013,UNNAMED,2013-05-29 21:00:00,22.1,88.1,,,TS,NOAA IBTrACS v04r01
2013149N21090,2013,UNNAMED,2013-05-30 00:00:00,22.2,87.8,20,994,TS,NOAA IBTrACS v04r01
2013149N21090,2013,UNNAMED,2013-05-30 03:00:00,22.3,87.5,20,990,TS,NOAA IBTrACS v04r01
2013149N21090,2013,UNNAMED,2013-05-30 06:00:00,22.3,87.5,20,990,TS,NOAA IBTrACS v04r01
2013149N21090,2013,UNNAMED,2013-05-30 09:00:00,22.5,87.4,,,TS,NOAA IBTrACS v04r01
2013149N21090,2013,UNNAMED,2013-05-30 12:00:00,22.7,87.3,20,990,TS,NOAA IBTrACS v04r01
2013149N21090,2013,UNNAMED,2013-05-30 15:00:00,22.7,87.2,,,TS,NOAA IBTrACS v04r01
2013149N21090,2013,UNNAMED,2013-05-30 18:00:00,22.8,87.2,,,NR,NOAA IBTrACS v04r01
2013149N21090,2013,UNNAMED,2013-05-30 21:00:00,23.1,87.2,,,NR,NOAA IBTrACS v04r01
2013149N21090,2013,UNNAMED,2013-05-31 00:00:00,23.5,87.1,20,990,TS,NOAA IBTrACS v04r01
2013149N21090,2013,UNNAMED,2013-05-31 03:00:00,24.0,87.0,20,990,TS,NOAA IBTrACS v04r01
2013149N21090,2013,UNNAMED,2013-05-31 06:00:00,24.5,87.0,20,994,TS,NOAA IBTrACS v04r01
2013149N21090,2013,UNNAMED,2013-05-31 09:00:00,25.0,87.0,20,996,TS,NOAA IBTrACS v04r01
2013211N21088,2013,UNNAMED,2013-07-30 03:00:00,21.0,88.0,25,990,TS,NOAA IBTrACS v04r01
2013211N21088,2013,UNNAMED,2013-07-30 06:00:00,21.5,87.5,25,990,TS,NOAA IBTrACS v04r01
2013211N21088,2013,UNNAMED,2013-07-30 09:00:00,21.7,87.3,,,TS,NOAA IBTrACS v04r01
2013211N21088,2013,UNNAMED,2013-07-30 12:00:00,21.7,87.0,25,990,TS,NOAA IBTrACS v04r01
2013211N21088,2013,UNNAMED,2013-07-30 15:00:00,21.7,86.3,,,TS,NOAA IBTrACS v04r01
2013211N21088,2013,UNNAMED,2013-07-30 18:00:00,21.7,85.5,20,992,TS,NOAA IBTrACS v04r01
2013211N21088,2013,UNNAMED,2013-07-30 21:00:00,21.8,84.8,,,TS,NOAA IBTrACS v04r01
2013211N21088,2013,UNNAMED,2013-07-31 00:00:00,21.8,84.0,20,992,TS,NOAA IBTrACS v04r01
2013211N21088,2013,UNNAMED,2013-07-31 03:00:00,21.8,83.0,20,992,TS,NOAA IBTrACS v04r01
2013211N21088,2013,UNNAMED,2013-07-31 06:00:00,21.8,82.5,20,992,TS,NOAA IBTrACS v04r01
2013211N21088,2013,UNNAMED,2013-07-31 09:00:00,21.9,81.5,,,TS,NOAA IBTrACS v04r01
2013211N21088,2013,UNNAMED,2013-07-31 12:00:00,22.0,80.5,20,992,TS,NOAA IBTrACS v04r01
2013211N21088,2013,UNNAMED,2013-07-31 15:00:00,22.1,79.9,,,TS,NOAA IBTrACS v04r01
2013211N21088,2013,UNNAMED,2013-07-31 18:00:00,22.2,79.7,,,TS,NOAA IBTrACS v04r01
2013211N21088,2013,UNNAMED,2013-07-31 21:00:00,22.4,79.8,,,TS,NOAA IBTrACS v04r01
2013211N21088,2013,UNNAMED,2013-08-01 00:00:00,22.5,80.0,20,992,TS,NOAA IBTrACS v04r01
2013232N22088,2013,UNNAMED,2013-08-20 00:00:00,22.0,87.5,25,990,TS,NOAA IBTrACS v04r01
2013232N22088,2013,UNNAMED,2013-08-20 03:00:00,22.0,87.5,25,990,TS,NOAA IBTrACS v04r01
2013232N22088,2013,UNNAMED,2013-08-20 06:00:00,22.0,87.5,25,990,TS,NOAA IBTrACS v04r01
2013232N22088,2013,UNNAMED,2013-08-20 09:00:00,22.1,87.5,,,TS,NOAA IBTrACS v04r01
2013232N22088,2013,UNNAMED,2013-08-20 12:00:00,22.3,87.5,25,990,TS,NOAA IBTrACS v04r01
2013232N22088,2013,UNNAMED,2013-08-20 15:00:00,22.4,87.5,,,TS,NOAA IBTrACS v04r01
2013232N22088,2013,UNNAMED,2013-08-20 18:00:00,22.5,87.5,25,990,TS,NOAA IBTrACS v04r01
2013232N22088,2013,UNNAMED,2013-08-20 21:00:00,22.9,87.4,,,TS,NOAA IBTrACS v04r01
2013232N22088,2013,UNNAMED,2013-08-21 00:00:00,23.3,87.0,20,990,TS,NOAA IBTrACS v04r01
2013232N22088,2013,UNNAMED,2013-08-21 03:00:00,23.3,86.0,20,992,TS,NOAA IBTrACS v04r01
2013232N22088,2013,UNNAMED,2013-08-21 06:00:00,23.2,85.7,20,992,TS,NOAA IBTrACS v04r01
2013232N22088,2013,UNNAMED,2013-08-21 09:00:00,23.2,85.0,,,TS,NOAA IBTrACS v04r01
2013232N22088,2013,UNNAMED,2013-08-21 12:00:00,23.2,84.0,20,991,TS,NOAA IBTrACS v04r01
2013232N22088,2013,UNNAMED,2013-08-21 15:00:00,23.2,83.0,,,TS,NOAA IBTrACS v04r01
2013232N22088,2013,UNNAMED,2013-08-21 18:00:00,23.2,82.2,20,994,TS,NOAA IBTrACS v04r01
2013232N22088,2013,UNNAMED,2013-08-21 21:00:00,23.2,82.2,,,TS,NOAA IBTrACS v04r01
2013232N22088,2013,UNNAMED,2013-08-22 00:00:00,23.2,82.0,20,994,TS,NOAA IBTrACS v04r01
2013232N22088,2013,UNNAMED,2013-08-22 03:00:00,23.2,80.7,20,994,TS,NOAA IBTrACS v04r01
2013232N22088,2013,UNNAMED,2013-08-22 06:00:00,23.2,80.3,20,996,TS,NOAA IBTrACS v04r01
2013232N22088,2013,UNNAMED,2013-08-22 09:00:00,23.1,80.1,,,TS,NOAA IBTrACS v04r01
2013232N22088,2013,UNNAMED,2013-08-22 12:00:00,23.0,80.1,20,998,TS,NOAA IBTrACS v04r01
2013232N22088,2013,UNNAMED,2013-08-22 15:00:00,22.9,80.1,,,TS,NOAA IBTrACS v04r01
2013232N22088,2013,UNNAMED,2013-08-22 18:00:00,22.9,80.0,,,TS,NOAA IBTrACS v04r01
2013232N22088,2013,UNNAMED,2013-08-22 21:00:00,22.8,79.9,,,TS,NOAA IBTrACS v04r01
2013232N22088,2013,UNNAMED,2013-08-23 00:00:00,22.8,79.8,20,998,TS,NOAA IBTrACS v04r01
2013281N12098,2013,PHAILIN,2013-10-07 12:00:00,11.8,97.6,20,1007,DS,NOAA IBTrACS v04r01
2013281N12098,2013,PHAILIN,2013-10-07 15:00:00,12.0,97.0,23,1006,DS,NOAA IBTrACS v04r01
2013281N12098,2013,PHAILIN,2013-10-07 18:00:00,12.1,96.4,25,1004,TS,NOAA IBTrACS v04r01
2013281N12098,2013,PHAILIN,2013-10-07 21:00:00,12.2,95.9,25,1004,TS,NOAA IBTrACS v04r01
2013281N12098,2013,PHAILIN,2013-10-08 00:00:00,12.3,95.6,25,1004,TS,NOAA IBTrACS v04r01
2013281N12098,2013,PHAILIN,2013-10-08 03:00:00,12.4,95.5,25,1004,TS,NOAA IBTrACS v04r01
2013281N12098,2013,PHAILIN,2013-10-08 06:00:00,12.4,95.2,25,1004,TS,NOAA IBTrACS v04r01
2013281N12098,2013,PHAILIN,2013-10-08 09:00:00,12.4,94.9,28,1002,TS,NOAA IBTrACS v04r01
2013281N12098,2013,PHAILIN,2013-10-08 12:00:00,12.4,94.5,25,1003,TS,NOAA IBTrACS v04r01
2013281N12098,2013,PHAILIN,2013-10-08 15:00:00,12.5,94.2,30,1000,TS,NOAA IBTrACS v04r01
2013281N12098,2013,PHAILIN,2013-10-08 18:00:00,12.7,94.0,25,1003,TS,NOAA IBTrACS v04r01
2013281N12098,2013,PHAILIN,2013-10-08 21:00:00,12.9,93.7,33,998,TS,NOAA IBTrACS v04r01
2013281N12098,2013,PHAILIN,2013-10-09 00:00:00,13.1,93.5,30,1002,TS,NOAA IBTrACS v04r01
2013281N12098,2013,PHAILIN,2013-10-09 03:00:00,13.2,93.3,30,1001,TS,NOAA IBTrACS v04r01
2013281N12098,2013,PHAILIN,2013-10-09 06:00:00,13.2,92.9,30,1000,TS,NOAA IBTrACS v04r01
2013281N12098,2013,PHAILIN,2013-10-09 09:00:00,13.5,92.5,30,1000,TS,NOAA IBTrACS v04r01
2013281N12098,2013,PHAILIN,2013-10-09 12:00:00,13.6,92.4,35,999,TS,NOAA IBTrACS v04r01
2013281N12098,2013,PHAILIN,2013-10-09 15:00:00,13.7,92.3,35,999,TS,NOAA IBTrACS v04r01
2013281N12098,2013,PHAILIN,2013-10-09 18:00:00,14.0,91.9,40,998,TS,NOAA IBTrACS v04r01
2013281N12098,2013,PHAILIN,2013-10-09 21:00:00,14.1,91.8,45,996,TS,NOAA IBTrACS v04r01
2013281N12098,2013,PHAILIN,2013-10-10 00:00:00,14.5,91.4,45,996,TS,NOAA IBTrACS v04r01
2013281N12098,2013,PHAILIN,2013-10-10 03:00:00,14.6,91.0,55,990,TS,NOAA IBTrACS v04r01
2013281N12098,2013,PHAILIN,2013-10-10 06:00:00,15.0,90.7,65,984,TS,NOAA IBTrACS v04r01
2013281N12098,2013,PHAILIN,2013-10-10 09:00:00,15.1,90.5,70,982,TS,NOAA IBTrACS v04r01
2013281N12098,2013,PHAILIN,2013-10-10 12:00:00,15.4,90.1,75,976,TS,NOAA IBTrACS v04r01
2013281N12098,2013,PHAILIN,2013-10-10 15:00:00,15.5,89.9,90,966,TS,NOAA IBTrACS v04r01
2013281N12098,2013,PHAILIN,2013-10-10 18:00:00,15.6,89.5,95,960,TS,NOAA IBTrACS v04r01
2013281N12098,2013,PHAILIN,2013-10-10 21:00:00,15.6,89.0,100,954,TS,NOAA IBTrACS v04r01
2013281N12098,2013,PHAILIN,2013-10-11 00:00:00,15.9,88.6,110,946,TS,NOAA IBTrACS v04r01
2013281N12098,2013,PHAILIN,2013-10-11 03:00:00,15.9,88.5,115,940,TS,NOAA IBTrACS v04r01
2013281N12098,2013,PHAILIN,2013-10-11 06:00:00,16.2,88.3,115,940,TS,NOAA IBTrACS v04r01
2013281N12098,2013,PHAILIN,2013-10-11 09:00:00,16.5,88.0,115,940,TS,NOAA IBTrACS v04r01
2013281N12098,2013,PHAILIN,2013-10-11 12:00:00,16.8,87.7,115,940,TS,NOAA IBTrACS v04r01
2013281N12098,2013,PHAILIN,2013-10-11 15:00:00,16.8,87.3,115,940,TS,NOAA IBTrACS v04r01
2013281N12098,2013,PHAILIN,2013-10-11 18:00:00,16.9,87.0,115,940,TS,NOAA IBTrACS v04r01
2013281N12098,2013,PHAILIN,2013-10-11 21:00:00,17.1,86.7,115,940,TS,NOAA IBTrACS v04r01
2013281N12098,2013,PHAILIN,2013-10-12 00:00:00,17.5,86.5,115,940,TS,NOAA IBTrACS v04r01
2013281N12098,2013,PHAILIN,2013-10-12 03:00:00,17.7,86.0,115,940,TS,NOAA IBTrACS v04r01
2013281N12098,2013,PHAILIN,2013-10-12 06:00:00,18.1,85.8,115,940,TS,NOAA IBTrACS v04r01
2013281N12098,2013,PHAILIN,2013-10-12 09:00:00,18.5,85.4,115,940,TS,NOAA IBTrACS v04r01
2013281N12098,2013,PHAILIN,2013-10-12 12:00:00,18.7,85.2,115,940,TS,NOAA IBTrACS v04r01
2013281N12098,2013,PHAILIN,2013-10-12 15:00:00,19.1,85.1,115,940,TS,NOAA IBTrACS v04r01
2013281N12098,2013,PHAILIN,2013-10-12 18:00:00,19.5,84.9,100,956,TS,NOAA IBTrACS v04r01
2013281N12098,2013,PHAILIN,2013-10-12 21:00:00,19.9,84.6,90,966,TS,NOAA IBTrACS v04r01
2013281N12098,2013,PHAILIN,2013-10-13 00:00:00,20.4,84.5,75,976,TS,NOAA IBTrACS v04r01
2013281N12098,2013,PHAILIN,2013-10-13 03:00:00,20.9,84.1,55,990,TS,NOAA IBTrACS v04r01
2013281N12098,2013,PHAILIN,2013-10-13 06:00:00,21.5,84.0,40,992,TS,NOAA IBTrACS v04r01
2013281N12098,2013,PHAILIN,2013-10-13 09:00:00,22.0,83.9,35,993,TS,NOAA IBTrACS v04r01
2013281N12098,2013,PHAILIN,2013-10-13 12:00:00,22.6,83.9,35,994,TS,NOAA IBTrACS v04r01
2013281N12098,2013,PHAILIN,2013-10-13 15:00:00,22.8,83.6,,,TS,NOAA IBTrACS v04r01
2013281N12098,2013,PHAILIN,2013-10-13 18:00:00,23.0,83.5,30,996,TS,NOAA IBTrACS v04r01
2013281N12098,2013,PHAILIN,2013-10-13 21:00:00,23.2,83.7,,,TS,NOAA IBTrACS v04r01
2013281N12098,2013,PHAILIN,2013-10-14 00:00:00,23.5,84.0,30,1000,TS,NOAA IBTrACS v04r01
2013281N12098,2013,PHAILIN,2013-10-14 03:00:00,23.9,84.2,,,TS,NOAA IBTrACS v04r01
2013281N12098,2013,PHAILIN,2013-10-14 06:00:00,24.5,84.2,25,1004,TS,NOAA IBTrACS v04r01
2013305N07141,2013,UNNAMED,2013-11-01 06:00:00,7.0,141.0,15,1010,DS,NOAA IBTrACS v04r01
2013305N07141,2013,UNNAMED,2013-11-01 09:00:00,7.1,140.3,15,1010,DS,NOAA IBTrACS v04r01
2013305N07141,2013,UNNAMED,2013-11-01 12:00:00,7.1,139.6,15,1010,DS,NOAA IBTrACS v04r01
2013305N07141,2013,UNNAMED,2013-11-01 15:00:00,7.0,138.9,18,1009,DS,NOAA IBTrACS v04r01
2013305N07141,2013,UNNAMED,2013-11-01 18:00:00,7.0,138.3,20,1007,DS,NOAA IBTrACS v04r01
2013305N07141,2013,UNNAMED,2013-11-01 21:00:00,7.0,137.6,20,1007,DS,NOAA IBTrACS v04r01
2013305N07141,2013,UNNAMED,2013-11-02 00:00:00,7.1,137.0,20,1007,DS,NOAA IBTrACS v04r01
2013305N07141,2013,UNNAMED,2013-11-02 03:00:00,7.1,136.4,20,1007,DS,NOAA IBTrACS v04r01
2013305N07141,2013,UNNAMED,2013-11-02 06:00:00,7.1,135.9,20,1007,DS,NOAA IBTrACS v04r01
2013305N07141,2013,UNNAMED,2013-11-02 09:00:00,7.2,135.5,23,1006,DS,NOAA IBTrACS v04r01
2013305N07141,2013,UNNAMED,2013-11-02 12:00:00,7.3,135.1,25,1004,TS,NOAA IBTrACS v04r01
2013305N07141,2013,UNNAMED,2013-11-02 15:00:00,7.4,134.7,25,1004,TS,NOAA IBTrACS v04r01
2013305N07141,2013,UNNAMED,2013-11-02 18:00:00,7.5,134.2,25,1004,TS,NOAA IBTrACS v04r01
2013305N07141,2013,UNNAMED,2013-11-02 21:00:00,7.8,133.7,25,1004,TS,NOAA IBTrACS v04r01
2013305N07141,2013,UNNAMED,2013-11-03 00:00:00,8.2,133.0,25,1004,TS,NOAA IBTrACS v04r01
2013305N07141,2013,UNNAMED,2013-11-03 03:00:00,8.4,132.0,25,1004,TS,NOAA IBTrACS v04r01
2013305N07141,2013,UNNAMED,2013-11-03 06:00:00,8.6,131.1,25,1004,TS,NOAA IBTrACS v04r01
2013305N07141,2013,UNNAMED,2013-11-03 09:00:00,8.7,130.2,28,1002,TS,NOAA IBTrACS v04r01
2013305N07141,2013,UNNAMED,2013-11-03 12:00:00,8.9,129.4,30,1000,TS,NOAA IBTrACS v04r01
2013305N07141,2013,UNNAMED,2013-11-03 15:00:00,9.0,128.5,30,1000,TS,NOAA IBTrACS v04r01
2013305N07141,2013,UNNAMED,2013-11-03 18:00:00,9.2,127.7,30,1000,TS,NOAA IBTrACS v04r01
2013305N07141,2013,UNNAMED,2013-11-03 21:00:00,9.3,127.0,30,1000,TS,NOAA IBTrACS v04r01
2013305N07141,2013,UNNAMED,2013-11-04 00:00:00,9.4,126.4,30,1000,TS,NOAA IBTrACS v04r01
2013305N07141,2013,UNNAMED,2013-11-04 03:00:00,9.6,125.7,30,1000,TS,NOAA IBTrACS v04r01
2013305N07141,2013,UNNAMED,2013-11-04 06:00:00,9.8,125.0,30,1000,TS,NOAA IBTrACS v04r01
2013305N07141,2013,UNNAMED,2013-11-04 09:00:00,9.8,124.1,28,1002,TS,NOAA IBTrACS v04r01
2013305N07141,2013,UNNAMED,2013-11-04 12:00:00,9.9,123.2,25,1004,TS,NOAA IBTrACS v04r01
2013305N07141,2013,UNNAMED,2013-11-04 15:00:00,10.1,122.3,28,1002,TS,NOAA IBTrACS v04r01
2013305N07141,2013,UNNAMED,2013-11-04 18:00:00,10.4,121.5,30,1000,TS,NOAA IBTrACS v04r01
2013305N07141,2013,UNNAMED,2013-11-04 21:00:00,10.6,120.5,30,1000,TS,NOAA IBTrACS v04r01
2013305N07141,2013,UNNAMED,2013-11-05 00:00:00,10.8,119.4,30,1000,TS,NOAA IBTrACS v04r01
2013305N07141,2013,UNNAMED,2013-11-05 03:00:00,10.8,118.2,33,998,TS,NOAA IBTrACS v04r01
2013305N07141,2013,UNNAMED,2013-11-05 06:00:00,10.8,116.9,35,996,TS,NOAA IBTrACS v04r01
2013305N07141,2013,UNNAMED,2013-11-05 09:00:00,10.9,116.0,35,996,TS,NOAA IBTrACS v04r01
2013305N07141,2013,UNNAMED,2013-11-05 12:00:00,11.1,115.1,35,996,TS,NOAA IBTrACS v04r01
2013305N07141,2013,UNNAMED,2013-11-05 15:00:00,11.4,114.3,33,998,TS,NOAA IBTrACS v04r01
2013305N07141,2013,UNNAMED,2013-11-05 18:00:00,11.6,113.4,30,1000,TS,NOAA IBTrACS v04r01
2013305N07141,2013,UNNAMED,2013-11-05 21:00:00,11.8,112.4,30,1000,TS,NOAA IBTrACS v04r01
2013305N07141,2013,UNNAMED,2013-11-06 00:00:00,11.8,111.5,30,1000,TS,NOAA IBTrACS v04r01
2013305N07141,2013,UNNAMED,2013-11-06 03:00:00,11.7,110.8,28,1002,TS,NOAA IBTrACS v04r01
2013305N07141,2013,UNNAMED,2013-11-06 06:00:00,11.6,110.1,25,1004,TS,NOAA IBTrACS v04r01
2013305N07141,2013,UNNAMED,2013-11-06 09:00:00,11.5,109.5,25,1004,TS,NOAA IBTrACS v04r01
2013305N07141,2013,UNNAMED,2013-11-06 12:00:00,11.5,108.9,25,1004,TS,NOAA IBTrACS v04r01
2013305N07141,2013,UNNAMED,2013-11-06 15:00:00,11.7,108.4,25,1004,TS,NOAA IBTrACS v04r01
2013305N07141,2013,UNNAMED,2013-11-06 18:00:00,12.0,107.8,25,1004,TS,NOAA IBTrACS v04r01
2013305N07141,2013,UNNAMED,2013-11-06 21:00:00,12.1,107.0,23,1006,TS,NOAA IBTrACS v04r01
2013305N07141,2013,UNNAMED,2013-11-07 00:00:00,12.2,106.0,20,1007,MX,NOAA IBTrACS v04r01
2013305N07141,2013,UNNAMED,2013-11-07 03:00:00,12.2,104.7,20,1007,MX,NOAA IBTrACS v04r01
2013305N07141,2013,UNNAMED,2013-11-07 06:00:00,12.1,103.5,20,1007,MX,NOAA IBTrACS v04r01
2013305N07141,2013,UNNAMED,2013-11-07 09:00:00,11.9,102.7,23,1006,MX,NOAA IBTrACS v04r01
2013305N07141,2013,UNNAMED,2013-11-07 12:00:00,11.8,102.1,25,1004,TS,NOAA IBTrACS v04r01
2013305N07141,2013,UNNAMED,2013-11-07 15:00:00,11.9,101.5,28,1002,TS,NOAA IBTrACS v04r01
2013305N07141,2013,UNNAMED,2013-11-07 18:00:00,12.0,101.0,30,1000,TS,NOAA IBTrACS v04r01
2013305N07141,2013,UNNAMED,2013-11-07 21:00:00,12.1,100.6,30,1000,TS,NOAA IBTrACS v04r01
2013305N07141,2013,UNNAMED,2013-11-08 00:00:00,12.2,100.2,30,1000,TS,NOAA IBTrACS v04r01
2013305N07141,2013,UNNAMED,2013-11-08 03:00:00,12.5,99.6,28,1002,TS,NOAA IBTrACS v04r01
2013305N07141,2013,UNNAMED,2013-11-08 06:00:00,12.9,99.0,25,1004,TS,NOAA IBTrACS v04r01
2013305N07141,2013,UNNAMED,2013-11-08 09:00:00,13.2,98.5,23,1006,TS,NOAA IBTrACS v04r01
2013305N07141,2013,UNNAMED,2013-11-08 12:00:00,13.4,98.0,20,1007,DS,NOAA IBTrACS v04r01
2013305N07141,2013,UNNAMED,2013-11-08 15:00:00,13.7,97.3,20,1007,DS,NOAA IBTrACS v04r01
2013305N07141,2013,UNNAMED,2013-11-08 18:00:00,13.8,96.5,20,1007,DS,NOAA IBTrACS v04r01
2013305N07141,2013,UNNAMED,2013-11-08 21:00:00,13.7,95.8,20,1007,DS,NOAA IBTrACS v04r01
2013305N07141,2013,UNNAMED,2013-11-09 00:00:00,13.5,95.1,20,1007,DS,NOAA IBTrACS v04r01
2013305N07141,2013,UNNAMED,2013-11-09 03:00:00,13.4,94.5,23,1006,DS,NOAA IBTrACS v04r01
2013305N07141,2013,UNNAMED,2013-11-09 06:00:00,13.3,94.0,25,1004,TS,NOAA IBTrACS v04r01
2013305N07141,2013,UNNAMED,2013-11-09 09:00:00,13.2,93.6,25,1004,TS,NOAA IBTrACS v04r01
2013305N07141,2013,UNNAMED,2013-11-09 12:00:00,13.2,93.3,25,1004,TS,NOAA IBTrACS v04r01
2013305N07141,2013,UNNAMED,2013-11-09 15:00:00,13.1,93.0,25,1004,TS,NOAA IBTrACS v04r01
2013305N07141,2013,UNNAMED,2013-11-09 18:00:00,13.0,92.6,25,1004,TS,NOAA IBTrACS v04r01
2013305N07141,2013,UNNAMED,2013-11-09 21:00:00,12.9,92.2,25,1004,TS,NOAA IBTrACS v04r01
2013305N07141,2013,UNNAMED,2013-11-10 00:00:00,12.7,91.8,25,1004,TS,NOAA IBTrACS v04r01
2013305N07141,2013,UNNAMED,2013-11-10 03:00:00,12.5,91.4,25,1004,TS,NOAA IBTrACS v04r01
2013305N07141,2013,UNNAMED,2013-11-10 06:00:00,12.4,91.0,25,1004,TS,NOAA IBTrACS v04r01
2013305N07141,2013,UNNAMED,2013-11-10 09:00:00,12.2,90.6,25,1004,TS,NOAA IBTrACS v04r01
2013305N07141,2013,UNNAMED,2013-11-10 12:00:00,12.1,90.3,25,1004,TS,NOAA IBTrACS v04r01
2013305N07141,2013,UNNAMED,2013-11-10 15:00:00,12.0,90.0,25,1004,TS,NOAA IBTrACS v04r01
2013305N07141,2013,UNNAMED,2013-11-10 18:00:00,12.0,89.8,25,1004,TS,NOAA IBTrACS v04r01
2013305N07141,2013,UNNAMED,2013-11-10 21:00:00,11.9,89.6,25,1004,TS,NOAA IBTrACS v04r01
2013305N07141,2013,UNNAMED,2013-11-11 00:00:00,11.9,89.5,25,1004,TS,NOAA IBTrACS v04r01
2013305N07141,2013,UNNAMED,2013-11-11 03:00:00,11.9,89.3,25,1004,TS,NOAA IBTrACS v04r01
2013305N07141,2013,UNNAMED,2013-11-11 06:00:00,11.8,89.1,25,1004,TS,NOAA IBTrACS v04r01
2013305N07141,2013,UNNAMED,2013-11-11 09:00:00,11.6,88.8,25,1004,TS,NOAA IBTrACS v04r01
2013305N07141,2013,UNNAMED,2013-11-11 12:00:00,11.4,88.5,25,1004,TS,NOAA IBTrACS v04r01
2013305N07141,2013,UNNAMED,2013-11-11 15:00:00,11.2,88.2,23,1006,TS,NOAA IBTrACS v04r01
2013305N07141,2013,UNNAMED,2013-11-11 18:00:00,11.0,87.9,20,1007,DS,NOAA IBTrACS v04r01
2013305N07141,2013,UNNAMED,2013-11-11 21:00:00,10.8,87.6,20,1007,DS,NOAA IBTrACS v04r01
2013305N07141,2013,UNNAMED,2013-11-12 00:00:00,10.6,87.3,20,1007,DS,NOAA IBTrACS v04r01
2013305N07141,2013,UNNAMED,2013-11-12 03:00:00,10.6,87.1,23,1006,DS,NOAA IBTrACS v04r01
2013305N07141,2013,UNNAMED,2013-11-12 06:00:00,10.6,87.0,25,1004,TS,NOAA IBTrACS v04r01
2013305N07141,2013,UNNAMED,2013-11-12 09:00:00,10.6,86.9,25,1004,TS,NOAA IBTrACS v04r01
2013305N07141,2013,UNNAMED,2013-11-12 12:00:00,10.6,86.8,25,1004,TS,NOAA IBTrACS v04r01
2013305N07141,2013,UNNAMED,2013-11-12 15:00:00,10.6,86.8,25,1004,TS,NOAA IBTrACS v04r01
2013305N07141,2013,UNNAMED,2013-11-12 18:00:00,10.7,86.7,25,1004,TS,NOAA IBTrACS v04r01
2013305N07141,2013,UNNAMED,2013-11-12 21:00:00,10.7,86.6,25,1004,TS,NOAA IBTrACS v04r01
2013305N07141,2013,UNNAMED,2013-11-13 00:00:00,10.9,86.5,25,1004,TS,NOAA IBTrACS v04r01
2013305N07141,2013,UNNAMED,2013-11-13 03:00:00,11.1,86.2,25,1004,TS,NOAA IBTrACS v04r01
2013305N07141,2013,UNNAMED,2013-11-13 06:00:00,11.2,86.1,25,1004,TS,NOAA IBTrACS v04r01
2013305N07141,2013,UNNAMED,2013-11-13 09:00:00,11.2,86.0,28,1002,TS,NOAA IBTrACS v04r01
2013305N07141,2013,UNNAMED,2013-11-13 12:00:00,11.2,86.0,25,1003,TS,NOAA IBTrACS v04r01
2013305N07141,2013,UNNAMED,2013-11-13 15:00:00,11.2,85.8,30,1001,TS,NOAA IBTrACS v04r01
2013305N07141,2013,UNNAMED,2013-11-13 18:00:00,11.2,85.6,25,1003,TS,NOAA IBTrACS v04r01
2013305N07141,2013,UNNAMED,2013-11-13 21:00:00,11.1,85.4,30,1001,TS,NOAA IBTrACS v04r01
2013305N07141,2013,UNNAMED,2013-11-14 00:00:00,11.1,85.3,25,1003,TS,NOAA IBTrACS v04r01
2013305N07141,2013,UNNAMED,2013-11-14 03:00:00,11.1,85.2,25,1003,TS,NOAA IBTrACS v04r01
2013305N07141,2013,UNNAMED,2013-11-14 06:00:00,11.0,85.2,25,1003,TS,NOAA IBTrACS v04r01
2013305N07141,2013,UNNAMED,2013-11-14 09:00:00,10.7,85.0,30,1000,TS,NOAA IBTrACS v04r01
2013305N07141,2013,UNNAMED,2013-11-14 12:00:00,10.4,84.9,25,1003,TS,NOAA IBTrACS v04r01
2013305N07141,2013,UNNAMED,2013-11-14 15:00:00,10.2,84.7,30,1000,TS,NOAA IBTrACS v04r01
2013305N07141,2013,UNNAMED,2013-11-14 18:00:00,10.1,84.6,25,1003,TS,NOAA IBTrACS v04r01
2013305N07141,2013,UNNAMED,2013-11-14 21:00:00,9.9,84.4,30,1000,TS,NOAA IBTrACS v04r01
2013305N07141,2013,UNNAMED,2013-11-15 00:00:00,9.7,84.1,25,1003,TS,NOAA IBTrACS v04r01
2013305N07141,2013,UNNAMED,2013-11-15 03:00:00,9.4,83.7,25,1003,TS,NOAA IBTrACS v04r01
2013305N07141,2013,UNNAMED,2013-11-15 06:00:00,9.4,83.5,25,1003,TS,NOAA IBTrACS v04r01
2013305N07141,2013,UNNAMED,2013-11-15 09:00:00,9.5,83.2,30,1000,TS,NOAA IBTrACS v04r01
2013305N07141,2013,UNNAMED,2013-11-15 12:00:00,9.6,82.9,25,1003,TS,NOAA IBTrACS v04r01
2013305N07141,2013,UNNAMED,2013-11-15 15:00:00,9.9,82.4,33,998,TS,NOAA IBTrACS v04r01
2013305N07141,2013,UNNAMED,2013-11-15 18:00:00,10.2,82.0,25,1003,TS,NOAA IBTrACS v04r01
2013305N07141,2013,UNNAMED,2013-11-15 21:00:00,10.4,81.7,33,998,TS,NOAA IBTrACS v04r01
2013305N07141,2013,UNNAMED,2013-11-16 00:00:00,10.6,81.3,25,1003,TS,NOAA IBTrACS v04r01
2013305N07141,2013,UNNAMED,2013-11-16 03:00:00,10.9,80.5,25,1003,TS,NOAA IBTrACS v04r01
2013305N07141,2013,UNNAMED,2013-11-16 06:00:00,11.0,80.0,25,1003,TS,NOAA IBTrACS v04r01
2013305N07141,2013,UNNAMED,2013-11-16 09:00:00,11.1,79.5,25,1004,TS,NOAA IBTrACS v04r01
2013305N07141,2013,UNNAMED,2013-11-16 12:00:00,11.1,78.9,25,1004,TS,NOAA IBTrACS v04r01
2013305N07141,2013,UNNAMED,2013-11-16 15:00:00,11.2,78.3,23,1006,TS,NOAA IBTrACS v04r01
2013305N07141,2013,UNNAMED,2013-11-16 18:00:00,11.3,77.6,25,1007,MX,NOAA IBTrACS v04r01
2013305N07141,2013,UNNAMED,2013-11-16 21:00:00,11.3,76.9,20,1007,DS,NOAA IBTrACS v04r01
2013305N07141,2013,UNNAMED,2013-11-17 00:00:00,11.2,76.3,20,1007,DS,NOAA IBTrACS v04r01
2013305N07141,2013,UNNAMED,2013-11-17 03:00:00,11.1,75.7,18,1009,DS,NOAA IBTrACS v04r01
2013305N07141,2013,UNNAMED,2013-11-17 06:00:00,11.0,75.1,15,1010,DS,NOAA IBTrACS v04r01
2013305N07141,2013,UNNAMED,2013-11-17 09:00:00,10.9,74.4,18,1009,DS,NOAA IBTrACS v04r01
2013305N07141,2013,UNNAMED,2013-11-17 12:00:00,10.9,73.7,20,1007,DS,NOAA IBTrACS v04r01
2013305N07141,2013,UNNAMED,2013-11-17 15:00:00,11.0,73.2,20,1007,DS,NOAA IBTrACS v04r01
2013305N07141,2013,UNNAMED,2013-11-17 18:00:00,11.2,72.6,20,1007,DS,NOAA IBTrACS v04r01
2013305N07141,2013,UNNAMED,2013-11-17 21:00:00,11.4,71.9,20,1007,DS,NOAA IBTrACS v04r01
2013305N07141,2013,UNNAMED,2013-11-18 00:00:00,11.6,71.2,20,1007,DS,NOAA IBTrACS v04r01
2013305N07141,2013,UNNAMED,2013-11-18 03:00:00,11.8,70.7,20,1007,DS,NOAA IBTrACS v04r01
2013305N07141,2013,UNNAMED,2013-11-18 06:00:00,12.1,70.1,20,1007,DS,NOAA IBTrACS v04r01
2013305N07141,2013,UNNAMED,2013-11-18 09:00:00,12.3,69.4,20,1007,DS,NOAA IBTrACS v04r01
2013305N07141,2013,UNNAMED,2013-11-18 12:00:00,12.5,68.6,20,1007,DS,NOAA IBTrACS v04r01
2013305N07141,2013,UNNAMED,2013-11-18 15:00:00,12.5,68.0,20,1007,DS,NOAA IBTrACS v04r01
2013305N07141,2013,UNNAMED,2013-11-18 18:00:00,12.5,67.4,20,1007,DS,NOAA IBTrACS v04r01
2013305N07141,2013,UNNAMED,2013-11-18 21:00:00,12.5,66.8,20,1007,DS,NOAA IBTrACS v04r01
2013305N07141,2013,UNNAMED,2013-11-19 00:00:00,12.5,66.1,20,1007,DS,NOAA IBTrACS v04r01
2013305N07141,2013,UNNAMED,2013-11-19 03:00:00,12.3,65.3,20,1007,DS,NOAA IBTrACS v04r01
2013305N07141,2013,UNNAMED,2013-11-19 06:00:00,12.2,64.5,20,1007,DS,NOAA IBTrACS v04r01
2013305N07141,2013,UNNAMED,2013-11-19 09:00:00,12.2,63.6,20,1007,DS,NOAA IBTrACS v04r01
2013305N07141,2013,UNNAMED,2013-11-19 12:00:00,12.3,62.8,20,1007,TS,NOAA IBTrACS v04r01
2013305N07141,2013,UNNAMED,2013-11-19 15:00:00,12.5,62.1,20,1007,TS,NOAA IBTrACS v04r01
2013305N07141,2013,UNNAMED,2013-11-19 18:00:00,12.7,61.4,20,1007,DS,NOAA IBTrACS v04r01
2013305N07141,2013,UNNAMED,2013-11-19 21:00:00,12.8,60.6,20,1007,DS,NOAA IBTrACS v04r01
2013305N07141,2013,UNNAMED,2013-11-20 00:00:00,12.8,59.9,20,1007,DS,NOAA IBTrACS v04r01
2013305N07141,2013,UNNAMED,2013-11-20 03:00:00,12.8,59.6,20,1007,DS,NOAA IBTrACS v04r01
2013305N07141,2013,UNNAMED,2013-11-20 06:00:00,12.8,59.4,20,1007,DS,NOAA IBTrACS v04r01
2013305N07141,2013,UNNAMED,2013-11-20 09:00:00,12.9,58.9,20,1007,DS,NOAA IBTrACS v04r01
2013305N07141,2013,UNNAMED,2013-11-20 12:00:00,13.0,58.3,20,1007,DS,NOAA IBTrACS v04r01
2013305N07141,2013,UNNAMED,2013-11-20 15:00:00,12.9,57.7,20,1007,DS,NOAA IBTrACS v04r01
2013305N07141,2013,UNNAMED,2013-11-20 18:00:00,12.8,57.1,20,1007,DS,NOAA IBTrACS v04r01
2013305N07141,2013,UNNAMED,2013-11-20 21:00:00,12.7,56.5,20,1007,DS,NOAA IBTrACS v04r01
2013305N07141,2013,UNNAMED,2013-11-21 00:00:00,12.5,56.0,20,1007,DS,NOAA IBTrACS v04r01
2013310N06066,2013,UNNAMED,2013-11-06 00:00:00,5.6,66.4,15,1010,DS,NOAA IBTrACS v04r01
2013310N06066,2013,UNNAMED,2013-11-06 03:00:00,5.9,66.2,18,1009,DS,NOAA IBTrACS v04r01
2013310N06066,2013,UNNAMED,2013-11-06 06:00:00,6.2,65.9,20,1007,DS,NOAA IBTrACS v04r01
2013310N06066,2013,UNNAMED,2013-11-06 09:00:00,6.4,65.5,23,1006,DS,NOAA IBTrACS v04r01
2013310N06066,2013,UNNAMED,2013-11-06 12:00:00,6.7,64.9,25,1004,TS,NOAA IBTrACS v04r01
2013310N06066,2013,UNNAMED,2013-11-06 15:00:00,7.1,64.3,23,1006,TS,NOAA IBTrACS v04r01
2013310N06066,2013,UNNAMED,2013-11-06 18:00:00,7.5,63.6,20,1007,DS,NOAA IBTrACS v04r01
2013310N06066,2013,UNNAMED,2013-11-06 21:00:00,7.6,62.9,20,1007,DS,NOAA IBTrACS v04r01
2013310N06066,2013,UNNAMED,2013-11-07 00:00:00,7.7,62.1,20,1007,DS,NOAA IBTrACS v04r01
2013310N06066,2013,UNNAMED,2013-11-07 03:00:00,7.8,61.2,20,1007,DS,NOAA IBTrACS v04r01
2013310N06066,2013,UNNAMED,2013-11-07 06:00:00,8.0,60.4,20,1007,DS,NOAA IBTrACS v04r01
2013310N06066,2013,UNNAMED,2013-11-07 09:00:00,8.2,59.7,20,1007,DS,NOAA IBTrACS v04r01
2013310N06066,2013,UNNAMED,2013-11-07 12:00:00,8.3,59.0,20,1007,DS,NOAA IBTrACS v04r01
2013310N06066,2013,UNNAMED,2013-11-07 15:00:00,8.3,58.4,23,1006,DS,NOAA IBTrACS v04r01
2013310N06066,2013,UNNAMED,2013-11-07 18:00:00,8.2,57.9,25,1004,TS,NOAA IBTrACS v04r01
2013310N06066,2013,UNNAMED,2013-11-07 21:00:00,8.2,57.4,23,1006,TS,NOAA IBTrACS v04r01
2013310N06066,2013,UNNAMED,2013-11-08 00:00:00,8.1,57.0,20,1007,DS,NOAA IBTrACS v04r01
2013310N06066,2013,UNNAMED,2013-11-08 03:00:00,8.0,56.6,23,1006,DS,NOAA IBTrACS v04r01
2013310N06066,2013,UNNAMED,2013-11-08 06:00:00,7.9,56.2,25,1006,TS,NOAA IBTrACS v04r01
2013310N06066,2013,UNNAMED,2013-11-08 09:00:00,8.0,55.6,30,1000,TS,NOAA IBTrACS v04r01
2013310N06066,2013,UNNAMED,2013-11-08 12:00:00,8.1,55.0,25,1004,TS,NOAA IBTrACS v04r01
2013310N06066,2013,UNNAMED,2013-11-08 15:00:00,8.0,54.5,38,995,TS,NOAA IBTrACS v04r01
2013310N06066,2013,UNNAMED,2013-11-08 18:00:00,8.0,54.0,25,1004,TS,NOAA IBTrACS v04r01
2013310N06066,2013,UNNAMED,2013-11-08 21:00:00,8.0,53.5,43,991,TS,NOAA IBTrACS v04r01
2013310N06066,2013,UNNAMED,2013-11-09 00:00:00,8.0,53.1,30,1002,TS,NOAA IBTrACS v04r01
2013310N06066,2013,UNNAMED,2013-11-09 03:00:00,8.0,52.8,30,1002,TS,NOAA IBTrACS v04r01
2013310N06066,2013,UNNAMED,2013-11-09 06:00:00,8.0,52.7,30,1002,TS,NOAA IBTrACS v04r01
2013310N06066,2013,UNNAMED,2013-11-09 09:00:00,8.0,52.4,35,996,TS,NOAA IBTrACS v04r01
2013310N06066,2013,UNNAMED,2013-11-09 12:00:00,8.0,52.1,30,1002,TS,NOAA IBTrACS v04r01
2013310N06066,2013,UNNAMED,2013-11-09 15:00:00,8.0,51.9,35,996,TS,NOAA IBTrACS v04r01
2013310N06066,2013,UNNAMED,2013-11-09 18:00:00,8.0,51.9,30,1002,TS,NOAA IBTrACS v04r01
2013310N06066,2013,UNNAMED,2013-11-09 21:00:00,8.0,51.8,35,996,TS,NOAA IBTrACS v04r01
2013310N06066,2013,UNNAMED,2013-11-10 00:00:00,8.0,51.8,30,1002,TS,NOAA IBTrACS v04r01
2013310N06066,2013,UNNAMED,2013-11-10 03:00:00,8.0,51.6,30,1002,TS,NOAA IBTrACS v04r01
2013310N06066,2013,UNNAMED,2013-11-10 06:00:00,8.0,51.3,30,1002,TS,NOAA IBTrACS v04r01
2013310N06066,2013,UNNAMED,2013-11-10 09:00:00,8.0,51.2,38,995,TS,NOAA IBTrACS v04r01
2013310N06066,2013,UNNAMED,2013-11-10 12:00:00,8.1,51.2,30,1002,TS,NOAA IBTrACS v04r01
2013310N06066,2013,UNNAMED,2013-11-10 15:00:00,8.1,50.9,35,996,TS,NOAA IBTrACS v04r01
2013310N06066,2013,UNNAMED,2013-11-10 18:00:00,8.2,50.6,30,1002,TS,NOAA IBTrACS v04r01
2013310N06066,2013,UNNAMED,2013-11-10 21:00:00,8.3,50.4,35,996,TS,NOAA IBTrACS v04r01
2013310N06066,2013,UNNAMED,2013-11-11 00:00:00,8.4,50.1,30,1002,TS,NOAA IBTrACS v04r01
2013310N06066,2013,UNNAMED,2013-11-11 03:00:00,8.7,49.7,30,1002,TS,NOAA IBTrACS v04r01
2013310N06066,2013,UNNAMED,2013-11-11 06:00:00,8.9,49.2,25,1004,TS,NOAA IBTrACS v04r01
2013310N06066,2013,UNNAMED,2013-11-11 09:00:00,9.2,48.6,33,998,TS,NOAA IBTrACS v04r01
2013310N06066,2013,UNNAMED,2013-11-11 12:00:00,9.4,48.0,30,1000,TS,NOAA IBTrACS v04r01
2013310N06066,2013,UNNAMED,2013-11-11 15:00:00,9.5,47.4,28,1002,TS,NOAA IBTrACS v04r01
2013310N06066,2013,UNNAMED,2013-11-11 18:00:00,9.5,46.9,25,1004,TS,NOAA IBTrACS v04r01
2013310N06066,2013,UNNAMED,2013-11-11 21:00:00,9.6,46.4,25,1004,TS,NOAA IBTrACS v04r01
2013310N06066,2013,UNNAMED,2013-11-12 00:00:00,9.8,46.0,25,1004,TS,NOAA IBTrACS v04r01
2013322N13090,2013,HELEN,2013-11-18 00:00:00,13.3,90.0,20,1007,DS,NOAA IBTrACS v04r01
2013322N13090,2013,HELEN,2013-11-18 03:00:00,13.6,89.5,23,1006,DS,NOAA IBTrACS v04r01
2013322N13090,2013,HELEN,2013-11-18 06:00:00,14.0,88.9,25,1004,TS,NOAA IBTrACS v04r01
2013322N13090,2013,HELEN,2013-11-18 09:00:00,14.4,88.3,25,1004,TS,NOAA IBTrACS v04r01
2013322N13090,2013,HELEN,2013-11-18 12:00:00,14.7,87.8,25,1004,TS,NOAA IBTrACS v04r01
2013322N13090,2013,HELEN,2013-11-18 15:00:00,14.8,87.3,25,1004,TS,NOAA IBTrACS v04r01
2013322N13090,2013,HELEN,2013-11-18 18:00:00,14.8,86.9,25,1004,TS,NOAA IBTrACS v04r01
2013322N13090,2013,HELEN,2013-11-18 21:00:00,14.8,86.5,30,1000,TS,NOAA IBTrACS v04r01
2013322N13090,2013,HELEN,2013-11-19 00:00:00,14.7,86.2,25,1004,TS,NOAA IBTrACS v04r01
2013322N13090,2013,HELEN,2013-11-19 03:00:00,14.8,85.9,25,1004,TS,NOAA IBTrACS v04r01
2013322N13090,2013,HELEN,2013-11-19 06:00:00,14.8,85.6,25,1004,TS,NOAA IBTrACS v04r01
2013322N13090,2013,HELEN,2013-11-19 09:00:00,14.9,85.3,38,995,TS,NOAA IBTrACS v04r01
2013322N13090,2013,HELEN,2013-11-19 12:00:00,15.0,85.1,25,1004,TS,NOAA IBTrACS v04r01
2013322N13090,2013,HELEN,2013-11-19 15:00:00,15.0,84.9,30,1002,TS,NOAA IBTrACS v04r01
2013322N13090,2013,HELEN,2013-11-19 18:00:00,15.0,84.5,30,1002,TS,NOAA IBTrACS v04r01
2013322N13090,2013,HELEN,2013-11-19 21:00:00,15.0,84.2,45,989,TS,NOAA IBTrACS v04r01
2013322N13090,2013,HELEN,2013-11-20 00:00:00,15.1,84.1,30,1002,TS,NOAA IBTrACS v04r01
2013322N13090,2013,HELEN,2013-11-20 03:00:00,15.1,84.1,35,1000,TS,NOAA IBTrACS v04r01
2013322N13090,2013,HELEN,2013-11-20 06:00:00,15.3,84.1,40,1000,TS,NOAA IBTrACS v04r01
2013322N13090,2013,HELEN,2013-11-20 09:00:00,15.3,84.0,40,1000,TS,NOAA IBTrACS v04r01
2013322N13090,2013,HELEN,2013-11-20 12:00:00,15.4,84.0,45,998,TS,NOAA IBTrACS v04r01
2013322N13090,2013,HELEN,2013-11-20 15:00:00,15.4,83.9,45,998,TS,NOAA IBTrACS v04r01
2013322N13090,2013,HELEN,2013-11-20 18:00:00,15.5,83.8,45,996,TS,NOAA IBTrACS v04r01
2013322N13090,2013,HELEN,2013-11-20 21:00:00,15.6,83.7,45,996,TS,NOAA IBTrACS v04r01
2013322N13090,2013,HELEN,2013-11-21 00:00:00,15.7,83.6,50,994,TS,NOAA IBTrACS v04r01
2013322N13090,2013,HELEN,2013-11-21 03:00:00,15.8,83.4,50,992,TS,NOAA IBTrACS v04r01
2013322N13090,2013,HELEN,2013-11-21 06:00:00,15.9,83.3,55,990,TS,NOAA IBTrACS v04r01
2013322N13090,2013,HELEN,2013-11-21 09:00:00,16.0,83.1,55,990,TS,NOAA IBTrACS v04r01
2013322N13090,2013,HELEN,2013-11-21 12:00:00,16.1,83.0,55,990,TS,NOAA IBTrACS v04r01
2013322N13090,2013,HELEN,2013-11-21 15:00:00,16.1,82.7,55,990,TS,NOAA IBTrACS v04r01
2013322N13090,2013,HELEN,2013-11-21 18:00:00,16.2,82.6,55,990,TS,NOAA IBTrACS v04r01
2013322N13090,2013,HELEN,2013-11-21 21:00:00,16.1,82.3,55,990,TS,NOAA IBTrACS v04r01
2013322N13090,2013,HELEN,2013-11-22 00:00:00,16.2,82.0,55,990,TS,NOAA IBTrACS v04r01
2013322N13090,2013,HELEN,2013-11-22 03:00:00,16.2,81.7,55,990,TS,NOAA IBTrACS v04r01
2013322N13090,2013,HELEN,2013-11-22 06:00:00,16.2,81.4,55,990,TS,NOAA IBTrACS v04r01
2013322N13090,2013,HELEN,2013-11-22 09:00:00,16.0,81.2,40,1000,TS,NOAA IBTrACS v04r01
2013322N13090,2013,HELEN,2013-11-22 12:00:00,15.8,80.8,30,1002,TS,NOAA IBTrACS v04r01
2013322N13090,2013,HELEN,2013-11-22 15:00:00,15.9,80.5,28,1002,TS,NOAA IBTrACS v04r01
2013322N13090,2013,HELEN,2013-11-22 18:00:00,16.1,80.2,25,1004,TS,NOAA IBTrACS v04r01
2013322N13090,2013,HELEN,2013-11-22 21:00:00,16.3,79.7,23,1006,TS,NOAA IBTrACS v04r01
2013322N13090,2013,HELEN,2013-11-23 00:00:00,16.5,79.4,20,1007,DS,NOAA IBTrACS v04r01
2013322N13090,2013,HELEN,2013-11-23 03:00:00,16.8,79.1,20,1007,DS,NOAA IBTrACS v04r01
2013322N13090,2013,HELEN,2013-11-23 06:00:00,17.2,78.8,20,1007,DS,NOAA IBTrACS v04r01
2013324N07103,2013,LEHAR,2013-11-19 18:00:00,7.3,103.3,15,1010,DS,NOAA IBTrACS v04r01
2013324N07103,2013,LEHAR,2013-11-19 21:00:00,7.0,103.2,15,1010,DS,NOAA IBTrACS v04r01
2013324N07103,2013,LEHAR,2013-11-20 00:00:00,6.8,103.1,15,1010,DS,NOAA IBTrACS v04r01
2013324N07103,2013,LEHAR,2013-11-20 03:00:00,6.8,102.9,18,1009,DS,NOAA IBTrACS v04r01
2013324N07103,2013,LEHAR,2013-11-20 06:00:00,6.9,102.6,20,1007,DS,NOAA IBTrACS v04r01
2013324N07103,2013,LEHAR,2013-11-20 09:00:00,6.7,102.4,20,1007,DS,NOAA IBTrACS v04r01
2013324N07103,2013,LEHAR,2013-11-20 12:00:00,6.5,102.3,20,1007,DS,NOAA IBTrACS v04r01
2013324N07103,2013,LEHAR,2013-11-20 15:00:00,6.4,102.2,18,1009,DS,NOAA IBTrACS v04r01
2013324N07103,2013,LEHAR,2013-11-20 18:00:00,6.3,102.0,15,1010,DS,NOAA IBTrACS v04r01
2013324N07103,2013,LEHAR,2013-11-20 21:00:00,6.3,101.9,15,1010,DS,NOAA IBTrACS v04r01
2013324N07103,2013,LEHAR,2013-11-21 00:00:00,6.3,101.7,15,1010,DS,NOAA IBTrACS v04r01
2013324N07103,2013,LEHAR,2013-11-21 03:00:00,6.3,101.5,15,1010,DS,NOAA IBTrACS v04r01
2013324N07103,2013,LEHAR,2013-11-21 06:00:00,6.4,101.2,15,1010,DS,NOAA IBTrACS v04r01
2013324N07103,2013,LEHAR,2013-11-21 09:00:00,6.6,100.9,15,1010,DS,NOAA IBTrACS v04r01
2013324N07103,2013,LEHAR,2013-11-21 12:00:00,6.7,100.6,15,1010,DS,NOAA IBTrACS v04r01
2013324N07103,2013,LEHAR,2013-11-21 15:00:00,6.7,100.2,15,1010,DS,NOAA IBTrACS v04r01
2013324N07103,2013,LEHAR,2013-11-21 18:00:00,6.7,99.9,15,1010,DS,NOAA IBTrACS v04r01
2013324N07103,2013,LEHAR,2013-11-21 21:00:00,6.7,99.6,18,1007,DS,NOAA IBTrACS v04r01
2013324N07103,2013,LEHAR,2013-11-22 00:00:00,6.6,99.4,20,1004,DS,NOAA IBTrACS v04r01
2013324N07103,2013,LEHAR,2013-11-22 03:00:00,6.4,99.2,20,1006,DS,NOAA IBTrACS v04r01
2013324N07103,2013,LEHAR,2013-11-22 06:00:00,6.3,99.0,20,1007,DS,NOAA IBTrACS v04r01
2013324N07103,2013,LEHAR,2013-11-22 09:00:00,6.2,98.7,20,1007,DS,NOAA IBTrACS v04r01
2013324N07103,2013,LEHAR,2013-11-22 12:00:00,6.3,98.5,20,1007,DS,NOAA IBTrACS v04r01
2013324N07103,2013,LEHAR,2013-11-22 15:00:00,6.5,98.4,23,1006,DS,NOAA IBTrACS v04r01
2013324N07103,2013,LEHAR,2013-11-22 18:00:00,6.8,98.3,25,1004,TS,NOAA IBTrACS v04r01
2013324N07103,2013,LEHAR,2013-11-22 21:00:00,7.0,98.1,25,1004,TS,NOAA IBTrACS v04r01
2013324N07103,2013,LEHAR,2013-11-23 00:00:00,7.3,97.8,25,1004,TS,NOAA IBTrACS v04r01
2013324N07103,2013,LEHAR,2013-11-23 03:00:00,7.6,97.5,25,1004,TS,NOAA IBTrACS v04r01
2013324N07103,2013,LEHAR,2013-11-23 06:00:00,8.0,97.2,25,1004,TS,NOAA IBTrACS v04r01
2013324N07103,2013,LEHAR,2013-11-23 09:00:00,8.3,96.9,30,1000,TS,NOAA IBTrACS v04r01
2013324N07103,2013,LEHAR,2013-11-23 12:00:00,8.7,96.6,25,1004,TS,NOAA IBTrACS v04r01
2013324N07103,2013,LEHAR,2013-11-23 15:00:00,8.9,96.3,35,996,TS,NOAA IBTrACS v04r01
2013324N07103,2013,LEHAR,2013-11-23 18:00:00,9.2,96.1,30,1002,TS,NOAA IBTrACS v04r01
2013324N07103,2013,LEHAR,2013-11-23 21:00:00,9.6,95.6,38,995,TS,NOAA IBTrACS v04r01
2013324N07103,2013,LEHAR,2013-11-24 00:00:00,10.0,95.2,35,999,TS,NOAA IBTrACS v04r01
2013324N07103,2013,LEHAR,2013-11-24 03:00:00,10.2,95.0,40,998,TS,NOAA IBTrACS v04r01
2013324N07103,2013,LEHAR,2013-11-24 06:00:00,10.6,94.6,40,998,TS,NOAA IBTrACS v04r01
2013324N07103,2013,LEHAR,2013-11-24 09:00:00,10.8,94.1,45,996,TS,NOAA IBTrACS v04r01
2013324N07103,2013,LEHAR,2013-11-24 12:00:00,11.0,93.7,45,996,TS,NOAA IBTrACS v04r01
2013324N07103,2013,LEHAR,2013-11-24 15:00:00,11.1,93.5,45,996,TS,NOAA IBTrACS v04r01
2013324N07103,2013,LEHAR,2013-11-24 18:00:00,11.5,93.2,45,996,TS,NOAA IBTrACS v04r01
2013324N07103,2013,LEHAR,2013-11-24 21:00:00,11.5,92.7,45,996,TS,NOAA IBTrACS v04r01
2013324N07103,2013,LEHAR,2013-11-25 00:00:00,11.8,92.6,55,992,TS,NOAA IBTrACS v04r01
2013324N07103,2013,LEHAR,2013-11-25 03:00:00,11.9,92.2,55,990,TS,NOAA IBTrACS v04r01
2013324N07103,2013,LEHAR,2013-11-25 06:00:00,12.0,91.9,55,988,TS,NOAA IBTrACS v04r01
2013324N07103,2013,LEHAR,2013-11-25 09:00:00,12.0,91.7,60,988,TS,NOAA IBTrACS v04r01
2013324N07103,2013,LEHAR,2013-11-25 12:00:00,12.3,91.6,60,988,TS,NOAA IBTrACS v04r01
2013324N07103,2013,LEHAR,2013-11-25 15:00:00,12.3,91.2,60,988,TS,NOAA IBTrACS v04r01
2013324N07103,2013,LEHAR,2013-11-25 18:00:00,12.4,91.1,55,988,TS,NOAA IBTrACS v04r01
2013324N07103,2013,LEHAR,2013-11-25 21:00:00,12.4,90.9,65,984,TS,NOAA IBTrACS v04r01
2013324N07103,2013,LEHAR,2013-11-26 00:00:00,12.5,90.5,70,982,TS,NOAA IBTrACS v04r01
2013324N07103,2013,LEHAR,2013-11-26 03:00:00,12.5,90.1,70,982,TS,NOAA IBTrACS v04r01
2013324N07103,2013,LEHAR,2013-11-26 06:00:00,12.6,89.6,70,982,TS,NOAA IBTrACS v04r01
2013324N07103,2013,LEHAR,2013-11-26 09:00:00,12.9,89.1,70,982,TS,NOAA IBTrACS v04r01
2013324N07103,2013,LEHAR,2013-11-26 12:00:00,13.0,88.7,70,982,TS,NOAA IBTrACS v04r01
2013324N07103,2013,LEHAR,2013-11-26 15:00:00,13.0,88.5,70,982,TS,NOAA IBTrACS v04r01
2013324N07103,2013,LEHAR,2013-11-26 18:00:00,13.2,88.1,75,980,TS,NOAA IBTrACS v04r01
2013324N07103,2013,LEHAR,2013-11-26 21:00:00,13.3,87.5,75,980,TS,NOAA IBTrACS v04r01
2013324N07103,2013,LEHAR,2013-11-27 00:00:00,13.6,87.0,75,980,TS,NOAA IBTrACS v04r01
2013324N07103,2013,LEHAR,2013-11-27 03:00:00,13.6,86.5,75,980,TS,NOAA IBTrACS v04r01
2013324N07103,2013,LEHAR,2013-11-27 06:00:00,13.9,86.0,70,982,TS,NOAA IBTrACS v04r01
2013324N07103,2013,LEHAR,2013-11-27 09:00:00,14.0,85.5,65,984,TS,NOAA IBTrACS v04r01
2013324N07103,2013,LEHAR,2013-11-27 12:00:00,14.2,85.1,55,988,TS,NOAA IBTrACS v04r01
2013324N07103,2013,LEHAR,2013-11-27 15:00:00,14.2,84.6,55,988,TS,NOAA IBTrACS v04r01
2013324N07103,2013,LEHAR,2013-11-27 18:00:00,14.6,84.1,45,996,TS,NOAA IBTrACS v04r01
2013324N07103,2013,LEHAR,2013-11-27 21:00:00,14.7,83.6,40,998,TS,NOAA IBTrACS v04r01
2013324N07103,2013,LEHAR,2013-11-28 00:00:00,15.1,82.5,30,1000,TS,NOAA IBTrACS v04r01
2013324N07103,2013,LEHAR,2013-11-28 03:00:00,15.3,82.1,30,1000,TS,NOAA IBTrACS v04r01
2013324N07103,2013,LEHAR,2013-11-28 06:00:00,15.3,81.7,30,1000,TS,NOAA IBTrACS v04r01
2013324N07103,2013,LEHAR,2013-11-28 09:00:00,15.5,81.4,25,1002,TS,NOAA IBTrACS v04r01
2013324N07103,2013,LEHAR,2013-11-28 12:00:00,15.5,81.0,20,1004,TS,NOAA IBTrACS v04r01
2013324N07103,2013,LEHAR,2013-11-28 15:00:00,15.4,80.6,30,1000,TS,NOAA IBTrACS v04r01
2013324N07103,2013,LEHAR,2013-11-28 18:00:00,15.4,80.0,25,1004,TS,NOAA IBTrACS v04r01
2013324N07103,2013,LEHAR,2013-11-28 21:00:00,15.7,79.4,23,1006,TS,NOAA IBTrACS v04r01
2013324N07103,2013,LEHAR,2013-11-29 00:00:00,16.1,78.8,20,1007,DS,NOAA IBTrACS v04r01
2013339N09084,2013,MADI,2013-12-05 00:00:00,9.0,84.3,15,1010,DS,NOAA IBTrACS v04r01
2013339N09084,2013,MADI,2013-12-05 03:00:00,9.1,84.2,18,1009,DS,NOAA IBTrACS v04r01
2013339N09084,2013,MADI,2013-12-05 06:00:00,9.1,84.1,20,1007,DS,NOAA IBTrACS v04r01
2013339N09084,2013,MADI,2013-12-05 09:00:00,9.1,84.0,23,1006,DS,NOAA IBTrACS v04r01
2013339N09084,2013,MADI,2013-12-05 12:00:00,9.2,83.9,25,1004,TS,NOAA IBTrACS v04r01
2013339N09084,2013,MADI,2013-12-05 15:00:00,9.3,83.8,25,1004,TS,NOAA IBTrACS v04r01
2013339N09084,2013,MADI,2013-12-05 18:00:00,9.4,83.8,25,1004,TS,NOAA IBTrACS v04r01
2013339N09084,2013,MADI,2013-12-05 21:00:00,9.5,83.7,28,1002,TS,NOAA IBTrACS v04r01
2013339N09084,2013,MADI,2013-12-06 00:00:00,9.6,83.7,30,1000,TS,NOAA IBTrACS v04r01
2013339N09084,2013,MADI,2013-12-06 03:00:00,9.7,83.7,25,1004,TS,NOAA IBTrACS v04r01
2013339N09084,2013,MADI,2013-12-06 06:00:00,9.8,83.8,25,1004,TS,NOAA IBTrACS v04r01
2013339N09084,2013,MADI,2013-12-06 09:00:00,9.9,83.9,38,995,TS,NOAA IBTrACS v04r01
2013339N09084,2013,MADI,2013-12-06 12:00:00,10.0,83.9,25,1004,TS,NOAA IBTrACS v04r01
2013339N09084,2013,MADI,2013-12-06 15:00:00,10.1,83.9,43,991,TS,NOAA IBTrACS v04r01
2013339N09084,2013,MADI,2013-12-06 18:00:00,10.2,84.0,30,1002,TS,NOAA IBTrACS v04r01
2013339N09084,2013,MADI,2013-12-06 21:00:00,10.3,84.0,48,987,TS,NOAA IBTrACS v04r01
2013339N09084,2013,MADI,2013-12-07 00:00:00,10.4,84.1,35,998,TS,NOAA IBTrACS v04r01
2013339N09084,2013,MADI,2013-12-07 03:00:00,10.4,84.2,35,998,TS,NOAA IBTrACS v04r01
2013339N09084,2013,MADI,2013-12-07 06:00:00,10.5,84.3,45,996,TS,NOAA IBTrACS v04r01
2013339N09084,2013,MADI,2013-12-07 09:00:00,10.7,84.3,55,992,TS,NOAA IBTrACS v04r01
2013339N09084,2013,MADI,2013-12-07 12:00:00,10.9,84.4,55,992,TS,NOAA IBTrACS v04r01
2013339N09084,2013,MADI,2013-12-07 15:00:00,11.0,84.5,55,992,TS,NOAA IBTrACS v04r01
2013339N09084,2013,MADI,2013-12-07 18:00:00,11.3,84.5,55,990,TS,NOAA IBTrACS v04r01
2013339N09084,2013,MADI,2013-12-07 21:00:00,11.5,84.5,55,990,TS,NOAA IBTrACS v04r01
2013339N09084,2013,MADI,2013-12-08 00:00:00,11.9,84.6,60,988,TS,NOAA IBTrACS v04r01
2013339N09084,2013,MADI,2013-12-08 03:00:00,12.1,84.6,60,988,TS,NOAA IBTrACS v04r01
2013339N09084,2013,MADI,2013-12-08 06:00:00,12.4,84.7,65,986,TS,NOAA IBTrACS v04r01
2013339N09084,2013,MADI,2013-12-08 09:00:00,12.6,84.7,65,986,TS,NOAA IBTrACS v04r01
2013339N09084,2013,MADI,2013-12-08 12:00:00,13.0,84.7,65,986,TS,NOAA IBTrACS v04r01
2013339N09084,2013,MADI,2013-12-08 15:00:00,13.2,84.7,65,986,TS,NOAA IBTrACS v04r01
2013339N09084,2013,MADI,2013-12-08 18:00:00,13.4,84.6,65,986,TS,NOAA IBTrACS v04r01
2013339N09084,2013,MADI,2013-12-08 21:00:00,13.6,84.6,65,986,TS,NOAA IBTrACS v04r01
2013339N09084,2013,MADI,2013-12-09 00:00:00,13.9,84.6,65,986,TS,NOAA IBTrACS v04r01
2013339N09084,2013,MADI,2013-12-09 03:00:00,14.1,84.7,65,986,TS,NOAA IBTrACS v04r01
2013339N09084,2013,MADI,2013-12-09 06:00:00,14.3,84.7,65,986,TS,NOAA IBTrACS v04r01
2013339N09084,2013,MADI,2013-12-09 09:00:00,14.4,84.7,65,986,TS,NOAA IBTrACS v04r01
2013339N09084,2013,MADI,2013-12-09 12:00:00,14.6,84.8,60,988,TS,NOAA IBTrACS v04r01
2013339N09084,2013,MADI,2013-12-09 15:00:00,14.7,84.8,60,988,TS,NOAA IBTrACS v04r01
2013339N09084,2013,MADI,2013-12-09 18:00:00,14.8,84.9,60,988,TS,NOAA IBTrACS v04r01
2013339N09084,2013,MADI,2013-12-09 21:00:00,14.8,84.9,60,988,TS,NOAA IBTrACS v04r01
2013339N09084,2013,MADI,2013-12-10 00:00:00,15.0,85.1,60,988,TS,NOAA IBTrACS v04r01
2013339N09084,2013,MADI,2013-12-10 03:00:00,15.3,85.3,65,988,TS,NOAA IBTrACS v04r01
2013339N09084,2013,MADI,2013-12-10 06:00:00,15.4,85.3,65,988,TS,NOAA IBTrACS v04r01
2013339N09084,2013,MADI,2013-12-10 09:00:00,15.5,85.2,65,988,TS,NOAA IBTrACS v04r01
2013339N09084,2013,MADI,2013-12-10 12:00:00,15.3,85.0,55,990,TS,NOAA IBTrACS v04r01
2013339N09084,2013,MADI,2013-12-10 15:00:00,15.1,84.7,55,990,TS,NOAA IBTrACS v04r01
2013339N09084,2013,MADI,2013-12-10 18:00:00,14.9,84.6,50,992,TS,NOAA IBTrACS v04r01
2013339N09084,2013,MADI,2013-12-10 21:00:00,14.7,84.4,45,994,TS,NOAA IBTrACS v04r01
2013339N09084,2013,MADI,2013-12-11 00:00:00,14.4,84.1,40,996,TS,NOAA IBTrACS v04r01
2013339N09084,2013,MADI,2013-12-11 03:00:00,14.1,83.8,30,998,TS,NOAA IBTrACS v04r01
2013339N09084,2013,MADI,2013-12-11 06:00:00,13.8,83.6,30,998,TS,NOAA IBTrACS v04r01
2013339N09084,2013,MADI,2013-12-11 09:00:00,13.6,83.4,30,1000,TS,NOAA IBTrACS v04r01
2013339N09084,2013,MADI,2013-12-11 12:00:00,13.4,83.3,30,1000,TS,NOAA IBTrACS v04r01
2013339N09084,2013,MADI,2013-12-11 15:00:00,13.1,83.0,38,995,TS,NOAA IBTrACS v04r01
2013339N09084,2013,MADI,2013-12-11 18:00:00,12.9,82.7,25,1000,TS,NOAA IBTrACS v04r01
2013339N09084,2013,MADI,2013-12-11 21:00:00,12.6,82.4,30,1000,TS,NOAA IBTrACS v04r01
2013339N09084,2013,MADI,2013-12-12 00:00:00,12.3,82.0,25,1000,TS,NOAA IBTrACS v04r01
2013339N09084,2013,MADI,2013-12-12 03:00:00,11.9,81.5,25,1000,TS,NOAA IBTrACS v04r01
2013339N09084,2013,MADI,2013-12-12 06:00:00,11.4,81.2,25,1000,TS,NOAA IBTrACS v04r01
2013339N09084,2013,MADI,2013-12-12 09:00:00,10.9,80.8,25,1000,TS,NOAA IBTrACS v04r01
2013339N09084,2013,MADI,2013-12-12 12:00:00,10.4,80.3,25,1000,TS,NOAA IBTrACS v04r01
2013339N09084,2013,MADI,2013-12-12 15:00:00,10.2,79.6,25,1004,TS,NOAA IBTrACS v04r01
2013339N09084,2013,MADI,2013-12-12 18:00:00,10.0,78.8,20,1004,TS,NOAA IBTrACS v04r01
2014003N08086,2014,UNNAMED,2014-01-02 18:00:00,7.6,85.5,15,1010,DS,NOAA IBTrACS v04r01
2014003N08086,2014,UNNAMED,2014-01-02 21:00:00,7.6,85.3,18,1009,DS,NOAA IBTrACS v04r01
2014003N08086,2014,UNNAMED,2014-01-03 00:00:00,7.7,85.1,20,1007,DS,NOAA IBTrACS v04r01
2014003N08086,2014,UNNAMED,2014-01-03 03:00:00,7.8,84.9,23,1006,DS,NOAA IBTrACS v04r01
2014003N08086,2014,UNNAMED,2014-01-03 06:00:00,7.9,84.8,25,1004,TS,NOAA IBTrACS v04r01
2014003N08086,2014,UNNAMED,2014-01-03 09:00:00,8.0,84.7,25,1004,TS,NOAA IBTrACS v04r01
2014003N08086,2014,UNNAMED,2014-01-03 12:00:00,8.2,84.6,25,1004,TS,NOAA IBTrACS v04r01
2014003N08086,2014,UNNAMED,2014-01-03 15:00:00,8.3,84.5,25,1004,TS,NOAA IBTrACS v04r01
2014003N08086,2014,UNNAMED,2014-01-03 18:00:00,8.5,84.3,25,1003,TS,NOAA IBTrACS v04r01
2014003N08086,2014,UNNAMED,2014-01-03 21:00:00,8.7,84.1,28,1001,TS,NOAA IBTrACS v04r01
2014003N08086,2014,UNNAMED,2014-01-04 00:00:00,8.8,83.8,30,999,TS,NOAA IBTrACS v04r01
2014003N08086,2014,UNNAMED,2014-01-04 03:00:00,8.8,83.5,25,1006,TS,NOAA IBTrACS v04r01
2014003N08086,2014,UNNAMED,2014-01-04 06:00:00,9.0,83.2,25,1006,TS,NOAA IBTrACS v04r01
2014003N08086,2014,UNNAMED,2014-01-04 09:00:00,9.1,83.0,35,996,TS,NOAA IBTrACS v04r01
2014003N08086,2014,UNNAMED,2014-01-04 12:00:00,9.1,82.9,25,1006,TS,NOAA IBTrACS v04r01
2014003N08086,2014,UNNAMED,2014-01-04 15:00:00,9.1,82.7,38,995,TS,NOAA IBTrACS v04r01
2014003N08086,2014,UNNAMED,2014-01-04 18:00:00,9.2,82.5,25,1006,TS,NOAA IBTrACS v04r01
2014003N08086,2014,UNNAMED,2014-01-04 21:00:00,9.3,82.2,40,993,TS,NOAA IBTrACS v04r01
2014003N08086,2014,UNNAMED,2014-01-05 00:00:00,9.3,82.1,25,1006,TS,NOAA IBTrACS v04r01
2014003N08086,2014,UNNAMED,2014-01-05 03:00:00,9.3,82.0,25,1006,TS,NOAA IBTrACS v04r01
2014003N08086,2014,UNNAMED,2014-01-05 06:00:00,9.3,81.9,25,1006,TS,NOAA IBTrACS v04r01
2014003N08086,2014,UNNAMED,2014-01-05 09:00:00,9.3,81.7,38,995,TS,NOAA IBTrACS v04r01
2014003N08086,2014,UNNAMED,2014-01-05 12:00:00,9.3,81.6,25,1004,TS,NOAA IBTrACS v04r01
2014003N08086,2014,UNNAMED,2014-01-05 15:00:00,9.3,81.5,35,996,TS,NOAA IBTrACS v04r01
2014003N08086,2014,UNNAMED,2014-01-05 18:00:00,9.3,81.4,25,1004,TS,NOAA IBTrACS v04r01
2014003N08086,2014,UNNAMED,2014-01-05 21:00:00,9.3,81.4,35,996,TS,NOAA IBTrACS v04r01
2014003N08086,2014,UNNAMED,2014-01-06 00:00:00,9.3,81.3,25,1004,TS,NOAA IBTrACS v04r01
2014003N08086,2014,UNNAMED,2014-01-06 03:00:00,9.3,81.1,25,1006,TS,NOAA IBTrACS v04r01
2014003N08086,2014,UNNAMED,2014-01-06 06:00:00,9.1,80.9,30,1000,TS,NOAA IBTrACS v04r01
2014003N08086,2014,UNNAMED,2014-01-06 09:00:00,8.9,80.7,28,1002,TS,NOAA IBTrACS v04r01
2014003N08086,2014,UNNAMED,2014-01-06 12:00:00,8.8,80.6,25,1006,TS,NOAA IBTrACS v04r01
2014003N08086,2014,UNNAMED,2014-01-06 15:00:00,8.7,80.5,25,1004,TS,NOAA IBTrACS v04r01
2014003N08086,2014,UNNAMED,2014-01-06 18:00:00,8.4,80.3,25,1004,TS,NOAA IBTrACS v04r01
2014003N08086,2014,UNNAMED,2014-01-06 21:00:00,8.2,80.1,25,1004,TS,NOAA IBTrACS v04r01
2014003N08086,2014,UNNAMED,2014-01-07 00:00:00,7.9,79.9,25,1006,TS,NOAA IBTrACS v04r01
2014003N08086,2014,UNNAMED,2014-01-07 03:00:00,7.7,79.8,25,1004,TS,NOAA IBTrACS v04r01
2014003N08086,2014,UNNAMED,2014-01-07 06:00:00,7.6,79.6,25,1004,TS,NOAA IBTrACS v04r01
2014003N08086,2014,UNNAMED,2014-01-07 09:00:00,7.5,79.4,25,1004,TS,NOAA IBTrACS v04r01
2014003N08086,2014,UNNAMED,2014-01-07 12:00:00,7.4,79.2,25,1004,TS,NOAA IBTrACS v04r01
2014003N08086,2014,UNNAMED,2014-01-07 15:00:00,7.4,79.1,25,1004,TS,NOAA IBTrACS v04r01
2014003N08086,2014,UNNAMED,2014-01-07 18:00:00,7.5,78.9,25,1004,TS,NOAA IBTrACS v04r01
2014003N08086,2014,UNNAMED,2014-01-07 21:00:00,7.6,78.7,25,1004,TS,NOAA IBTrACS v04r01
2014003N08086,2014,UNNAMED,2014-01-08 00:00:00,7.7,78.5,25,1004,TS,NOAA IBTrACS v04r01
2014003N08086,2014,UNNAMED,2014-01-08 03:00:00,7.7,78.3,25,1004,TS,NOAA IBTrACS v04r01
2014003N08086,2014,UNNAMED,2014-01-08 06:00:00,7.8,78.0,25,1004,TS,NOAA IBTrACS v04r01
2014003N08086,2014,UNNAMED,2014-01-08 09:00:00,7.9,77.6,23,1006,TS,NOAA IBTrACS v04r01
2014003N08086,2014,UNNAMED,2014-01-08 12:00:00,8.0,77.1,20,1007,DS,NOAA IBTrACS v04r01
2014141N16091,2014,UNNAMED,2014-05-21 03:00:00,15.5,90.5,25,1004,TS,NOAA IBTrACS v04r01
2014141N16091,2014,UNNAMED,2014-05-21 06:00:00,16.0,90.5,25,1004,TS,NOAA IBTrACS v04r01
2014141N16091,2014,UNNAMED,2014-05-21 09:00:00,16.3,90.7,,,TS,NOAA IBTrACS v04r01
2014141N16091,2014,UNNAMED,2014-05-21 12:00:00,16.5,91.0,25,1002,TS,NOAA IBTrACS v04r01
2014141N16091,2014,UNNAMED,2014-05-21 15:00:00,16.5,91.0,,,TS,NOAA IBTrACS v04r01
2014141N16091,2014,UNNAMED,2014-05-21 18:00:00,16.5,91.0,25,1002,TS,NOAA IBTrACS v04r01
2014141N16091,2014,UNNAMED,2014-05-21 21:00:00,16.5,91.5,,,TS,NOAA IBTrACS v04r01
2014141N16091,2014,UNNAMED,2014-05-22 00:00:00,16.5,92.0,25,1000,TS,NOAA IBTrACS v04r01
2014141N16091,2014,UNNAMED,2014-05-22 03:00:00,16.5,92.0,25,1000,TS,NOAA IBTrACS v04r01
2014141N16091,2014,UNNAMED,2014-05-22 06:00:00,17.0,92.5,25,1000,TS,NOAA IBTrACS v04r01
2014141N16091,2014,UNNAMED,2014-05-22 09:00:00,17.3,92.4,,,TS,NOAA IBTrACS v04r01
2014141N16091,2014,UNNAMED,2014-05-22 12:00:00,17.5,92.0,25,1000,TS,NOAA IBTrACS v04r01
2014141N16091,2014,UNNAMED,2014-05-22 15:00:00,17.6,92.0,,,TS,NOAA IBTrACS v04r01
2014141N16091,2014,UNNAMED,2014-05-22 18:00:00,17.5,92.0,25,1000,TS,NOAA IBTrACS v04r01
2014141N16091,2014,UNNAMED,2014-05-22 21:00:00,17.3,91.6,,,TS,NOAA IBTrACS v04r01
2014141N16091,2014,UNNAMED,2014-05-23 00:00:00,17.0,91.0,25,1000,TS,NOAA IBTrACS v04r01
2014159N12068,2014,NANAUK,2014-06-08 06:00:00,12.4,68.3,20,1007,DS,NOAA IBTrACS v04r01
2014159N12068,2014,NANAUK,2014-06-08 09:00:00,12.6,68.1,20,1007,DS,NOAA IBTrACS v04r01
2014159N12068,2014,NANAUK,2014-06-08 12:00:00,12.8,68.0,20,1007,DS,NOAA IBTrACS v04r01
2014159N12068,2014,NANAUK,2014-06-08 15:00:00,12.9,67.9,23,1006,DS,NOAA IBTrACS v04r01
2014159N12068,2014,NANAUK,2014-06-08 18:00:00,13.0,67.8,25,1004,TS,NOAA IBTrACS v04r01
2014159N12068,2014,NANAUK,2014-06-08 21:00:00,13.1,67.7,25,1003,TS,NOAA IBTrACS v04r01
2014159N12068,2014,NANAUK,2014-06-09 00:00:00,13.2,67.6,25,1002,TS,NOAA IBTrACS v04r01
2014159N12068,2014,NANAUK,2014-06-09 03:00:00,13.3,67.6,28,1001,TS,NOAA IBTrACS v04r01
2014159N12068,2014,NANAUK,2014-06-09 06:00:00,13.4,67.7,30,1000,TS,NOAA IBTrACS v04r01
2014159N12068,2014,NANAUK,2014-06-09 09:00:00,13.6,68.1,30,1000,TS,NOAA IBTrACS v04r01
2014159N12068,2014,NANAUK,2014-06-09 12:00:00,13.8,68.5,30,1000,TS,NOAA IBTrACS v04r01
2014159N12068,2014,NANAUK,2014-06-09 15:00:00,14.1,68.9,30,1000,TS,NOAA IBTrACS v04r01
2014159N12068,2014,NANAUK,2014-06-09 18:00:00,14.5,69.2,30,1000,TS,NOAA IBTrACS v04r01
2014159N12068,2014,NANAUK,2014-06-09 21:00:00,14.8,69.2,33,998,TS,NOAA IBTrACS v04r01
2014159N12068,2014,NANAUK,2014-06-10 00:00:00,15.1,69.0,35,996,TS,NOAA IBTrACS v04r01
2014159N12068,2014,NANAUK,2014-06-10 03:00:00,15.4,68.8,38,995,TS,NOAA IBTrACS v04r01
2014159N12068,2014,NANAUK,2014-06-10 06:00:00,15.7,68.6,40,993,TS,NOAA IBTrACS v04r01
2014159N12068,2014,NANAUK,2014-06-10 09:00:00,15.8,68.4,25,998,TS,NOAA IBTrACS v04r01
2014159N12068,2014,NANAUK,2014-06-10 12:00:00,16.1,68.1,25,996,TS,NOAA IBTrACS v04r01
2014159N12068,2014,NANAUK,2014-06-10 15:00:00,16.3,67.8,48,987,TS,NOAA IBTrACS v04r01
2014159N12068,2014,NANAUK,2014-06-10 18:00:00,16.5,67.6,30,994,TS,NOAA IBTrACS v04r01
2014159N12068,2014,NANAUK,2014-06-10 21:00:00,16.5,67.4,53,984,TS,NOAA IBTrACS v04r01
2014159N12068,2014,NANAUK,2014-06-11 00:00:00,16.6,67.2,35,992,TS,NOAA IBTrACS v04r01
2014159N12068,2014,NANAUK,2014-06-11 03:00:00,16.7,67.0,35,992,TS,NOAA IBTrACS v04r01
2014159N12068,2014,NANAUK,2014-06-11 06:00:00,17.0,66.7,45,990,TS,NOAA IBTrACS v04r01
2014159N12068,2014,NANAUK,2014-06-11 09:00:00,17.1,66.5,45,990,TS,NOAA IBTrACS v04r01
2014159N12068,2014,NANAUK,2014-06-11 12:00:00,17.4,66.2,45,988,TS,NOAA IBTrACS v04r01
2014159N12068,2014,NANAUK,2014-06-11 15:00:00,17.6,66.0,45,988,TS,NOAA IBTrACS v04r01
2014159N12068,2014,NANAUK,2014-06-11 18:00:00,17.6,65.8,45,988,TS,NOAA IBTrACS v04r01
2014159N12068,2014,NANAUK,2014-06-11 21:00:00,17.7,65.6,45,988,TS,NOAA IBTrACS v04r01
2014159N12068,2014,NANAUK,2014-06-12 00:00:00,17.9,65.3,45,986,TS,NOAA IBTrACS v04r01
2014159N12068,2014,NANAUK,2014-06-12 03:00:00,18.0,64.9,45,986,TS,NOAA IBTrACS v04r01
2014159N12068,2014,NANAUK,2014-06-12 06:00:00,18.2,64.6,45,986,TS,NOAA IBTrACS v04r01
2014159N12068,2014,NANAUK,2014-06-12 09:00:00,18.3,64.3,45,988,TS,NOAA IBTrACS v04r01
2014159N12068,2014,NANAUK,2014-06-12 12:00:00,18.5,64.1,45,988,TS,NOAA IBTrACS v04r01
2014159N12068,2014,NANAUK,2014-06-12 15:00:00,18.8,64.0,45,988,TS,NOAA IBTrACS v04r01
2014159N12068,2014,NANAUK,2014-06-12 18:00:00,19.3,64.1,45,988,TS,NOAA IBTrACS v04r01
2014159N12068,2014,NANAUK,2014-06-12 21:00:00,19.9,64.4,45,988,TS,NOAA IBTrACS v04r01
2014159N12068,2014,NANAUK,2014-06-13 00:00:00,20.4,64.6,45,988,TS,NOAA IBTrACS v04r01
2014159N12068,2014,NANAUK,2014-06-13 03:00:00,20.7,64.4,45,990,TS,NOAA IBTrACS v04r01
2014159N12068,2014,NANAUK,2014-06-13 06:00:00,21.2,64.0,40,992,MX,NOAA IBTrACS v04r01
2014159N12068,2014,NANAUK,2014-06-13 09:00:00,21.4,63.9,30,994,MX,NOAA IBTrACS v04r01
2014159N12068,2014,NANAUK,2014-06-13 12:00:00,21.4,64.0,25,996,MX,NOAA IBTrACS v04r01
2014159N12068,2014,NANAUK,2014-06-13 15:00:00,21.5,64.1,20,1007,MX,NOAA IBTrACS v04r01
2014159N12068,2014,NANAUK,2014-06-13 18:00:00,21.5,64.2,25,996,MX,NOAA IBTrACS v04r01
2014159N12068,2014,NANAUK,2014-06-13 21:00:00,21.6,64.3,20,1007,MX,NOAA IBTrACS v04r01
2014159N12068,2014,NANAUK,2014-06-14 00:00:00,21.6,64.5,25,996,MX,NOAA IBTrACS v04r01
2014159N12068,2014,NANAUK,2014-06-14 03:00:00,21.7,64.6,18,1009,DS,NOAA IBTrACS v04r01
2014159N12068,2014,NANAUK,2014-06-14 06:00:00,21.7,64.8,15,1010,DS,NOAA IBTrACS v04r01
2014159N12068,2014,NANAUK,2014-06-14 09:00:00,21.7,65.0,15,1010,DS,NOAA IBTrACS v04r01
2014159N12068,2014,NANAUK,2014-06-14 12:00:00,21.7,65.2,15,1010,DS,NOAA IBTrACS v04r01
2014202N22087,2014,UNNAMED,2014-07-21 03:00:00,22.0,87.0,25,988,TS,NOAA IBTrACS v04r01
2014202N22087,2014,UNNAMED,2014-07-21 06:00:00,22.2,86.4,20,988,TS,NOAA IBTrACS v04r01
2014202N22087,2014,UNNAMED,2014-07-21 09:00:00,22.4,85.7,,,TS,NOAA IBTrACS v04r01
2014202N22087,2014,UNNAMED,2014-07-21 12:00:00,22.5,85.0,20,988,TS,NOAA IBTrACS v04r01
2014202N22087,2014,UNNAMED,2014-07-21 15:00:00,22.5,84.5,,,TS,NOAA IBTrACS v04r01
2014202N22087,2014,UNNAMED,2014-07-21 18:00:00,22.5,84.0,20,990,TS,NOAA IBTrACS v04r01
2014202N22087,2014,UNNAMED,2014-07-21 21:00:00,22.5,83.5,,,TS,NOAA IBTrACS v04r01
2014202N22087,2014,UNNAMED,2014-07-22 00:00:00,22.5,83.0,20,990,TS,NOAA IBTrACS v04r01
2014202N22087,2014,UNNAMED,2014-07-22 03:00:00,22.5,82.5,20,990,TS,NOAA IBTrACS v04r01
2014202N22087,2014,UNNAMED,2014-07-22 06:00:00,22.5,82.0,20,990,TS,NOAA IBTrACS v04r01
2014202N22087,2014,UNNAMED,2014-07-22 09:00:00,22.5,81.5,,,TS,NOAA IBTrACS v04r01
2014202N22087,2014,UNNAMED,2014-07-22 12:00:00,22.5,81.0,20,990,TS,NOAA IBTrACS v04r01
2014202N22087,2014,UNNAMED,2014-07-22 15:00:00,22.5,80.3,,,TS,NOAA IBTrACS v04r01
2014202N22087,2014,UNNAMED,2014-07-22 18:00:00,22.5,79.6,20,992,TS,NOAA IBTrACS v04r01
2014202N22087,2014,UNNAMED,2014-07-22 21:00:00,22.5,78.9,,,TS,NOAA IBTrACS v04r01
2014202N22087,2014,UNNAMED,2014-07-23 00:00:00,22.5,78.2,20,992,TS,NOAA IBTrACS v04r01
2014202N22087,2014,UNNAMED,2014-07-23 03:00:00,22.5,77.5,20,992,TS,NOAA IBTrACS v04r01
2014202N22087,2014,UNNAMED,2014-07-23 06:00:00,22.5,77.0,20,992,TS,NOAA IBTrACS v04r01
2014216N21089,2014,UNNAMED,2014-08-03 12:00:00,21.5,88.5,25,990,TS,NOAA IBTrACS v04r01
2014216N21089,2014,UNNAMED,2014-08-03 15:00:00,21.7,88.4,,,TS,NOAA IBTrACS v04r01
2014216N21089,2014,UNNAMED,2014-08-03 18:00:00,21.9,88.3,30,990,TS,NOAA IBTrACS v04r01
2014216N21089,2014,UNNAMED,2014-08-03 21:00:00,22.1,88.0,,,TS,NOAA IBTrACS v04r01
2014216N21089,2014,UNNAMED,2014-08-04 00:00:00,22.3,87.6,30,990,TS,NOAA IBTrACS v04r01
2014216N21089,2014,UNNAMED,2014-08-04 03:00:00,22.5,87.2,30,990,TS,NOAA IBTrACS v04r01
2014216N21089,2014,UNNAMED,2014-08-04 06:00:00,22.5,86.5,30,990,TS,NOAA IBTrACS v04r01
2014216N21089,2014,UNNAMED,2014-08-04 09:00:00,22.4,86.2,,,TS,NOAA IBTrACS v04r01
2014216N21089,2014,UNNAMED,2014-08-04 12:00:00,22.2,86.1,30,990,TS,NOAA IBTrACS v04r01
2014216N21089,2014,UNNAMED,2014-08-04 15:00:00,22.2,85.6,,,TS,NOAA IBTrACS v04r01
2014216N21089,2014,UNNAMED,2014-08-04 18:00:00,22.2,85.1,30,990,TS,NOAA IBTrACS v04r01
2014216N21089,2014,UNNAMED,2014-08-04 21:00:00,22.2,84.6,,,TS,NOAA IBTrACS v04r01
2014216N21089,2014,UNNAMED,2014-08-05 00:00:00,22.2,84.1,30,990,TS,NOAA IBTrACS v04r01
2014216N21089,2014,UNNAMED,2014-08-05 03:00:00,22.2,83.5,30,994,TS,NOAA IBTrACS v04r01
2014216N21089,2014,UNNAMED,2014-08-05 06:00:00,22.9,83.0,30,992,TS,NOAA IBTrACS v04r01
2014216N21089,2014,UNNAMED,2014-08-05 09:00:00,23.5,82.5,25,992,TS,NOAA IBTrACS v04r01
2014216N21089,2014,UNNAMED,2014-08-05 12:00:00,24.0,82.0,25,992,TS,NOAA IBTrACS v04r01
2014216N21089,2014,UNNAMED,2014-08-05 15:00:00,24.2,81.6,,,TS,NOAA IBTrACS v04r01
2014216N21089,2014,UNNAMED,2014-08-05 18:00:00,24.2,81.3,25,992,TS,NOAA IBTrACS v04r01
2014216N21089,2014,UNNAMED,2014-08-05 21:00:00,24.3,81.0,,,TS,NOAA IBTrACS v04r01
2014216N21089,2014,UNNAMED,2014-08-06 00:00:00,24.4,80.6,25,992,TS,NOAA IBTrACS v04r01
2014216N21089,2014,UNNAMED,2014-08-06 03:00:00,24.5,80.2,25,996,TS,NOAA IBTrACS v04r01
2014216N21089,2014,UNNAMED,2014-08-06 06:00:00,24.6,80.0,25,994,TS,NOAA IBTrACS v04r01
2014216N21089,2014,UNNAMED,2014-08-06 09:00:00,24.8,79.8,,,TS,NOAA IBTrACS v04r01
2014216N21089,2014,UNNAMED,2014-08-06 12:00:00,25.0,79.5,25,994,TS,NOAA IBTrACS v04r01
2014216N21089,2014,UNNAMED,2014-08-06 15:00:00,25.2,79.2,,,TS,NOAA IBTrACS v04r01
2014216N21089,2014,UNNAMED,2014-08-06 18:00:00,25.3,79.0,25,994,TS,NOAA IBTrACS v04r01
2014216N21089,2014,UNNAMED,2014-08-06 21:00:00,25.4,78.8,,,TS,NOAA IBTrACS v04r01
2014216N21089,2014,UNNAMED,2014-08-07 00:00:00,25.5,78.5,25,994,TS,NOAA IBTrACS v04r01
2014279N11096,2014,HUDHUD,2014-10-06 06:00:00,10.7,96.1,15,1010,DS,NOAA IBTrACS v04r01
2014279N11096,2014,HUDHUD,2014-10-06 09:00:00,10.7,96.0,18,1009,DS,NOAA IBTrACS v04r01
2014279N11096,2014,HUDHUD,2014-10-06 12:00:00,10.7,95.9,20,1007,DS,NOAA IBTrACS v04r01
2014279N11096,2014,HUDHUD,2014-10-06 15:00:00,10.7,95.8,23,1006,DS,NOAA IBTrACS v04r01
2014279N11096,2014,HUDHUD,2014-10-06 18:00:00,10.8,95.6,25,1004,TS,NOAA IBTrACS v04r01
2014279N11096,2014,HUDHUD,2014-10-06 21:00:00,10.9,95.4,25,1004,TS,NOAA IBTrACS v04r01
2014279N11096,2014,HUDHUD,2014-10-07 00:00:00,11.0,95.2,25,1004,TS,NOAA IBTrACS v04r01
2014279N11096,2014,HUDHUD,2014-10-07 03:00:00,11.2,95.0,25,1004,TS,NOAA IBTrACS v04r01
2014279N11096,2014,HUDHUD,2014-10-07 06:00:00,11.4,94.7,25,1004,TS,NOAA IBTrACS v04r01
2014279N11096,2014,HUDHUD,2014-10-07 09:00:00,11.5,94.4,28,1002,TS,NOAA IBTrACS v04r01
2014279N11096,2014,HUDHUD,2014-10-07 12:00:00,11.7,94.1,30,1000,TS,NOAA IBTrACS v04r01
2014279N11096,2014,HUDHUD,2014-10-07 15:00:00,11.8,93.8,30,1000,TS,NOAA IBTrACS v04r01
2014279N11096,2014,HUDHUD,2014-10-07 18:00:00,11.9,93.5,30,1000,TS,NOAA IBTrACS v04r01
2014279N11096,2014,HUDHUD,2014-10-07 21:00:00,12.0,93.2,33,998,TS,NOAA IBTrACS v04r01
2014279N11096,2014,HUDHUD,2014-10-08 00:00:00,12.2,92.9,30,1000,TS,NOAA IBTrACS v04r01
2014279N11096,2014,HUDHUD,2014-10-08 03:00:00,12.3,92.6,35,998,TS,NOAA IBTrACS v04r01
2014279N11096,2014,HUDHUD,2014-10-08 06:00:00,12.6,92.1,40,996,TS,NOAA IBTrACS v04r01
2014279N11096,2014,HUDHUD,2014-10-08 09:00:00,12.8,91.4,40,996,TS,NOAA IBTrACS v04r01
2014279N11096,2014,HUDHUD,2014-10-08 12:00:00,12.9,90.9,40,996,TS,NOAA IBTrACS v04r01
2014279N11096,2014,HUDHUD,2014-10-08 15:00:00,13.1,90.4,40,996,TS,NOAA IBTrACS v04r01
2014279N11096,2014,HUDHUD,2014-10-08 18:00:00,13.3,90.1,45,994,TS,NOAA IBTrACS v04r01
2014279N11096,2014,HUDHUD,2014-10-08 21:00:00,13.5,89.6,45,992,TS,NOAA IBTrACS v04r01
2014279N11096,2014,HUDHUD,2014-10-09 00:00:00,13.6,89.3,45,990,TS,NOAA IBTrACS v04r01
2014279N11096,2014,HUDHUD,2014-10-09 03:00:00,13.7,89.1,55,988,TS,NOAA IBTrACS v04r01
2014279N11096,2014,HUDHUD,2014-10-09 06:00:00,13.8,88.9,55,988,TS,NOAA IBTrACS v04r01
2014279N11096,2014,HUDHUD,2014-10-09 09:00:00,13.9,88.6,55,988,TS,NOAA IBTrACS v04r01
2014279N11096,2014,HUDHUD,2014-10-09 12:00:00,14.1,88.5,55,988,TS,NOAA IBTrACS v04r01
2014279N11096,2014,HUDHUD,2014-10-09 15:00:00,14.1,88.2,55,988,TS,NOAA IBTrACS v04r01
2014279N11096,2014,HUDHUD,2014-10-09 18:00:00,14.2,88.0,55,988,TS,NOAA IBTrACS v04r01
2014279N11096,2014,HUDHUD,2014-10-09 21:00:00,14.4,87.8,60,988,TS,NOAA IBTrACS v04r01
2014279N11096,2014,HUDHUD,2014-10-10 00:00:00,14.6,87.6,60,988,TS,NOAA IBTrACS v04r01
2014279N11096,2014,HUDHUD,2014-10-10 03:00:00,14.8,87.3,60,988,TS,NOAA IBTrACS v04r01
2014279N11096,2014,HUDHUD,2014-10-10 06:00:00,14.9,87.2,60,986,TS,NOAA IBTrACS v04r01
2014279N11096,2014,HUDHUD,2014-10-10 09:00:00,15.1,87.0,65,984,TS,NOAA IBTrACS v04r01
2014279N11096,2014,HUDHUD,2014-10-10 12:00:00,15.3,86.8,70,982,TS,NOAA IBTrACS v04r01
2014279N11096,2014,HUDHUD,2014-10-10 15:00:00,15.5,86.5,75,980,TS,NOAA IBTrACS v04r01
2014279N11096,2014,HUDHUD,2014-10-10 18:00:00,15.6,86.3,75,978,TS,NOAA IBTrACS v04r01
2014279N11096,2014,HUDHUD,2014-10-10 21:00:00,15.7,86.0,75,974,TS,NOAA IBTrACS v04r01
2014279N11096,2014,HUDHUD,2014-10-11 00:00:00,15.9,85.7,75,970,TS,NOAA IBTrACS v04r01
2014279N11096,2014,HUDHUD,2014-10-11 03:00:00,16.0,85.4,80,968,TS,NOAA IBTrACS v04r01
2014279N11096,2014,HUDHUD,2014-10-11 06:00:00,16.1,85.1,90,966,TS,NOAA IBTrACS v04r01
2014279N11096,2014,HUDHUD,2014-10-11 09:00:00,16.1,85.0,90,964,TS,NOAA IBTrACS v04r01
2014279N11096,2014,HUDHUD,2014-10-11 12:00:00,16.2,84.9,95,962,TS,NOAA IBTrACS v04r01
2014279N11096,2014,HUDHUD,2014-10-11 15:00:00,16.3,84.8,95,960,TS,NOAA IBTrACS v04r01
2014279N11096,2014,HUDHUD,2014-10-11 18:00:00,16.6,84.6,100,954,TS,NOAA IBTrACS v04r01
2014279N11096,2014,HUDHUD,2014-10-11 21:00:00,16.8,84.4,100,952,TS,NOAA IBTrACS v04r01
2014279N11096,2014,HUDHUD,2014-10-12 00:00:00,17.2,84.1,100,950,TS,NOAA IBTrACS v04r01
2014279N11096,2014,HUDHUD,2014-10-12 03:00:00,17.4,83.8,100,950,TS,NOAA IBTrACS v04r01
2014279N11096,2014,HUDHUD,2014-10-12 06:00:00,17.6,83.4,100,950,TS,NOAA IBTrACS v04r01
2014279N11096,2014,HUDHUD,2014-10-12 09:00:00,17.8,83.1,90,960,TS,NOAA IBTrACS v04r01
2014279N11096,2014,HUDHUD,2014-10-12 12:00:00,18.0,82.8,60,982,TS,NOAA IBTrACS v04r01
2014279N11096,2014,HUDHUD,2014-10-12 15:00:00,18.3,82.5,45,986,TS,NOAA IBTrACS v04r01
2014279N11096,2014,HUDHUD,2014-10-12 18:00:00,18.8,82.3,40,987,TS,NOAA IBTrACS v04r01
2014279N11096,2014,HUDHUD,2014-10-12 21:00:00,19.0,82.1,40,988,TS,NOAA IBTrACS v04r01
2014279N11096,2014,HUDHUD,2014-10-13 00:00:00,19.7,81.6,30,994,TS,NOAA IBTrACS v04r01
2014279N11096,2014,HUDHUD,2014-10-13 03:00:00,20.5,81.5,30,996,TS,NOAA IBTrACS v04r01
2014279N11096,2014,HUDHUD,2014-10-13 06:00:00,20.8,81.4,30,998,TS,NOAA IBTrACS v04r01
2014279N11096,2014,HUDHUD,2014-10-13 09:00:00,21.1,81.4,35,997,TS,NOAA IBTrACS v04r01
2014279N11096,2014,HUDHUD,2014-10-13 12:00:00,21.4,81.4,25,998,TS,NOAA IBTrACS v04r01
2014279N11096,2014,HUDHUD,2014-10-13 15:00:00,21.7,81.5,,,TS,NOAA IBTrACS v04r01
2014279N11096,2014,HUDHUD,2014-10-13 18:00:00,22.3,81.5,25,1000,TS,NOAA IBTrACS v04r01
2014279N11096,2014,HUDHUD,2014-10-13 21:00:00,23.6,81.5,,,TS,NOAA IBTrACS v04r01
2014279N11096,2014,HUDHUD,2014-10-14 00:00:00,24.8,81.5,25,1000,TS,NOAA IBTrACS v04r01
2014279N11096,2014,HUDHUD,2014-10-14 03:00:00,25.1,81.6,20,1000,TS,NOAA IBTrACS v04r01
2014279N11096,2014,HUDHUD,2014-10-14 06:00:00,25.6,81.7,20,1000,TS,NOAA IBTrACS v04r01
2014279N11096,2014,HUDHUD,2014-10-14 09:00:00,26.3,81.8,20,1000,TS,NOAA IBTrACS v04r01
2014297N11062,2014,NILOFAR,2014-10-23 12:00:00,10.8,62.1,15,1010,DS,NOAA IBTrACS v04r01
2014297N11062,2014,NILOFAR,2014-10-23 15:00:00,11.0,61.9,15,1010,DS,NOAA IBTrACS v04r01
2014297N11062,2014,NILOFAR,2014-10-23 18:00:00,11.1,61.8,15,1010,DS,NOAA IBTrACS v04r01
2014297N11062,2014,NILOFAR,2014-10-23 21:00:00,11.2,61.7,18,1009,DS,NOAA IBTrACS v04r01
2014297N11062,2014,NILOFAR,2014-10-24 00:00:00,11.3,61.6,20,1007,DS,NOAA IBTrACS v04r01
2014297N11062,2014,NILOFAR,2014-10-24 03:00:00,11.4,61.5,20,1007,DS,NOAA IBTrACS v04r01
2014297N11062,2014,NILOFAR,2014-10-24 06:00:00,11.6,61.5,20,1007,DS,NOAA IBTrACS v04r01
2014297N11062,2014,NILOFAR,2014-10-24 09:00:00,11.7,61.6,20,1007,DS,NOAA IBTrACS v04r01
2014297N11062,2014,NILOFAR,2014-10-24 12:00:00,11.8,61.7,20,1007,DS,NOAA IBTrACS v04r01
2014297N11062,2014,NILOFAR,2014-10-24 15:00:00,11.9,61.8,23,1006,DS,NOAA IBTrACS v04r01
2014297N11062,2014,NILOFAR,2014-10-24 18:00:00,12.0,62.0,25,1004,TS,NOAA IBTrACS v04r01
2014297N11062,2014,NILOFAR,2014-10-24 21:00:00,12.1,62.2,28,1002,TS,NOAA IBTrACS v04r01
2014297N11062,2014,NILOFAR,2014-10-25 00:00:00,12.3,62.1,25,1004,TS,NOAA IBTrACS v04r01
2014297N11062,2014,NILOFAR,2014-10-25 03:00:00,12.6,62.1,25,1004,TS,NOAA IBTrACS v04r01
2014297N11062,2014,NILOFAR,2014-10-25 06:00:00,12.7,62.0,25,1004,TS,NOAA IBTrACS v04r01
2014297N11062,2014,NILOFAR,2014-10-25 09:00:00,13.0,61.9,33,998,TS,NOAA IBTrACS v04r01
2014297N11062,2014,NILOFAR,2014-10-25 12:00:00,13.3,61.9,25,1003,TS,NOAA IBTrACS v04r01
2014297N11062,2014,NILOFAR,2014-10-25 15:00:00,13.3,61.9,35,996,TS,NOAA IBTrACS v04r01
2014297N11062,2014,NILOFAR,2014-10-25 18:00:00,13.5,62.0,25,1003,TS,NOAA IBTrACS v04r01
2014297N11062,2014,NILOFAR,2014-10-25 21:00:00,13.8,62.3,38,995,TS,NOAA IBTrACS v04r01
2014297N11062,2014,NILOFAR,2014-10-26 00:00:00,14.1,62.5,25,1002,TS,NOAA IBTrACS v04r01
2014297N11062,2014,NILOFAR,2014-10-26 03:00:00,14.1,62.5,30,999,TS,NOAA IBTrACS v04r01
2014297N11062,2014,NILOFAR,2014-10-26 06:00:00,14.2,62.5,35,998,TS,NOAA IBTrACS v04r01
2014297N11062,2014,NILOFAR,2014-10-26 09:00:00,14.2,62.5,35,996,TS,NOAA IBTrACS v04r01
2014297N11062,2014,NILOFAR,2014-10-26 12:00:00,14.3,62.5,40,994,TS,NOAA IBTrACS v04r01
2014297N11062,2014,NILOFAR,2014-10-26 15:00:00,14.3,62.5,40,994,TS,NOAA IBTrACS v04r01
2014297N11062,2014,NILOFAR,2014-10-26 18:00:00,14.5,62.5,45,994,TS,NOAA IBTrACS v04r01
2014297N11062,2014,NILOFAR,2014-10-26 21:00:00,14.6,62.4,50,994,TS,NOAA IBTrACS v04r01
2014297N11062,2014,NILOFAR,2014-10-27 00:00:00,14.8,62.4,55,990,TS,NOAA IBTrACS v04r01
2014297N11062,2014,NILOFAR,2014-10-27 03:00:00,14.8,62.3,60,990,TS,NOAA IBTrACS v04r01
2014297N11062,2014,NILOFAR,2014-10-27 06:00:00,14.9,62.3,65,986,TS,NOAA IBTrACS v04r01
2014297N11062,2014,NILOFAR,2014-10-27 09:00:00,14.9,62.2,65,984,TS,NOAA IBTrACS v04r01
2014297N11062,2014,NILOFAR,2014-10-27 12:00:00,15.0,62.2,70,982,TS,NOAA IBTrACS v04r01
2014297N11062,2014,NILOFAR,2014-10-27 15:00:00,15.1,62.1,70,981,TS,NOAA IBTrACS v04r01
2014297N11062,2014,NILOFAR,2014-10-27 18:00:00,15.2,62.1,70,980,TS,NOAA IBTrACS v04r01
2014297N11062,2014,NILOFAR,2014-10-27 21:00:00,15.4,61.8,75,979,TS,NOAA IBTrACS v04r01
2014297N11062,2014,NILOFAR,2014-10-28 00:00:00,15.6,61.8,75,978,TS,NOAA IBTrACS v04r01
2014297N11062,2014,NILOFAR,2014-10-28 03:00:00,15.8,61.7,75,977,TS,NOAA IBTrACS v04r01
2014297N11062,2014,NILOFAR,2014-10-28 06:00:00,16.0,61.7,80,974,TS,NOAA IBTrACS v04r01
2014297N11062,2014,NILOFAR,2014-10-28 09:00:00,16.3,61.7,90,966,TS,NOAA IBTrACS v04r01
2014297N11062,2014,NILOFAR,2014-10-28 12:00:00,16.8,61.8,100,954,TS,NOAA IBTrACS v04r01
2014297N11062,2014,NILOFAR,2014-10-28 15:00:00,17.2,61.8,105,952,TS,NOAA IBTrACS v04r01
2014297N11062,2014,NILOFAR,2014-10-28 18:00:00,17.7,61.7,110,950,TS,NOAA IBTrACS v04r01
2014297N11062,2014,NILOFAR,2014-10-28 21:00:00,17.9,61.7,110,950,TS,NOAA IBTrACS v04r01
2014297N11062,2014,NILOFAR,2014-10-29 00:00:00,18.1,61.8,105,954,TS,NOAA IBTrACS v04r01
2014297N11062,2014,NILOFAR,2014-10-29 03:00:00,18.5,61.8,100,958,TS,NOAA IBTrACS v04r01
2014297N11062,2014,NILOFAR,2014-10-29 06:00:00,18.7,61.9,95,962,TS,NOAA IBTrACS v04r01
2014297N11062,2014,NILOFAR,2014-10-29 09:00:00,18.8,62.0,90,968,TS,NOAA IBTrACS v04r01
2014297N11062,2014,NILOFAR,2014-10-29 12:00:00,19.0,62.2,80,974,TS,NOAA IBTrACS v04r01
2014297N11062,2014,NILOFAR,2014-10-29 15:00:00,19.2,62.5,70,980,TS,NOAA IBTrACS v04r01
2014297N11062,2014,NILOFAR,2014-10-29 18:00:00,19.3,62.9,70,986,TS,NOAA IBTrACS v04r01
2014297N11062,2014,NILOFAR,2014-10-29 21:00:00,19.4,63.2,60,988,TS,NOAA IBTrACS v04r01
2014297N11062,2014,NILOFAR,2014-10-30 00:00:00,19.6,63.6,60,990,TS,NOAA IBTrACS v04r01
2014297N11062,2014,NILOFAR,2014-10-30 03:00:00,19.8,63.9,50,994,TS,NOAA IBTrACS v04r01
2014297N11062,2014,NILOFAR,2014-10-30 06:00:00,20.1,64.2,45,998,TS,NOAA IBTrACS v04r01
2014297N11062,2014,NILOFAR,2014-10-30 09:00:00,20.1,64.4,40,1000,TS,NOAA IBTrACS v04r01
2014297N11062,2014,NILOFAR,2014-10-30 12:00:00,20.3,64.6,40,1001,TS,NOAA IBTrACS v04r01
2014297N11062,2014,NILOFAR,2014-10-30 15:00:00,20.4,64.6,40,993,TS,NOAA IBTrACS v04r01
2014297N11062,2014,NILOFAR,2014-10-30 18:00:00,20.5,64.8,35,1002,TS,NOAA IBTrACS v04r01
2014297N11062,2014,NILOFAR,2014-10-30 21:00:00,20.6,64.9,30,1003,TS,NOAA IBTrACS v04r01
2014297N11062,2014,NILOFAR,2014-10-31 00:00:00,20.7,65.0,25,1004,TS,NOAA IBTrACS v04r01
2014297N11062,2014,NILOFAR,2014-10-31 03:00:00,20.8,65.1,28,1002,TS,NOAA IBTrACS v04r01
2014297N11062,2014,NILOFAR,2014-10-31 06:00:00,21.0,65.1,25,1004,TS,NOAA IBTrACS v04r01
2014297N11062,2014,NILOFAR,2014-10-31 09:00:00,21.2,65.1,25,1004,TS,NOAA IBTrACS v04r01
2014297N11062,2014,NILOFAR,2014-10-31 12:00:00,21.4,65.0,25,1004,TS,NOAA IBTrACS v04r01
2014297N11062,2014,NILOFAR,2014-10-31 15:00:00,21.6,64.9,23,1006,TS,NOAA IBTrACS v04r01
2014297N11062,2014,NILOFAR,2014-10-31 18:00:00,21.7,64.7,20,1007,DS,NOAA IBTrACS v04r01
2014297N11062,2014,NILOFAR,2014-10-31 21:00:00,21.7,64.5,20,1007,DS,NOAA IBTrACS v04r01
2014297N11062,2014,NILOFAR,2014-11-01 00:00:00,21.7,64.2,20,1007,DS,NOAA IBTrACS v04r01
2014297N11062,2014,NILOFAR,2014-11-01 03:00:00,21.7,64.0,20,1007,DS,NOAA IBTrACS v04r01
2014297N11062,2014,NILOFAR,2014-11-01 06:00:00,21.7,63.8,20,1007,DS,NOAA IBTrACS v04r01
2014297N11062,2014,NILOFAR,2014-11-01 09:00:00,21.7,63.6,18,1009,DS,NOAA IBTrACS v04r01
2014297N11062,2014,NILOFAR,2014-11-01 12:00:00,21.7,63.3,15,1010,DS,NOAA IBTrACS v04r01
2014309N13088,2014,UNNAMED,2014-11-05 00:00:00,12.8,87.8,20,1007,DS,NOAA IBTrACS v04r01
2014309N13088,2014,UNNAMED,2014-11-05 03:00:00,12.9,87.7,20,1007,DS,NOAA IBTrACS v04r01
2014309N13088,2014,UNNAMED,2014-11-05 06:00:00,13.0,87.6,20,1007,DS,NOAA IBTrACS v04r01
2014309N13088,2014,UNNAMED,2014-11-05 09:00:00,13.1,87.5,25,1000,MX,NOAA IBTrACS v04r01
2014309N13088,2014,UNNAMED,2014-11-05 12:00:00,13.2,87.4,25,1000,TS,NOAA IBTrACS v04r01
2014309N13088,2014,UNNAMED,2014-11-05 15:00:00,13.3,87.4,28,1002,TS,NOAA IBTrACS v04r01
2014309N13088,2014,UNNAMED,2014-11-05 18:00:00,13.5,87.4,25,1000,TS,NOAA IBTrACS v04r01
2014309N13088,2014,UNNAMED,2014-11-05 21:00:00,13.7,87.3,33,998,TS,NOAA IBTrACS v04r01
2014309N13088,2014,UNNAMED,2014-11-06 00:00:00,13.8,87.3,25,1000,TS,NOAA IBTrACS v04r01
2014309N13088,2014,UNNAMED,2014-11-06 03:00:00,13.8,87.4,30,998,TS,NOAA IBTrACS v04r01
2014309N13088,2014,UNNAMED,2014-11-06 06:00:00,13.8,87.7,30,998,TS,NOAA IBTrACS v04r01
2014309N13088,2014,UNNAMED,2014-11-06 09:00:00,13.7,87.9,28,1002,TS,NOAA IBTrACS v04r01
2014309N13088,2014,UNNAMED,2014-11-06 12:00:00,13.7,88.1,30,998,TS,NOAA IBTrACS v04r01
2014309N13088,2014,UNNAMED,2014-11-06 15:00:00,13.6,88.2,25,1004,TS,NOAA IBTrACS v04r01
2014309N13088,2014,UNNAMED,2014-11-06 18:00:00,13.6,88.2,30,1000,TS,NOAA IBTrACS v04r01
2014309N13088,2014,UNNAMED,2014-11-06 21:00:00,13.7,88.0,25,1004,TS,NOAA IBTrACS v04r01
2014309N13088,2014,UNNAMED,2014-11-07 00:00:00,13.9,87.9,30,1001,TS,NOAA IBTrACS v04r01
2014309N13088,2014,UNNAMED,2014-11-07 03:00:00,14.1,87.7,30,1001,TS,NOAA IBTrACS v04r01
2014309N13088,2014,UNNAMED,2014-11-07 06:00:00,14.2,87.6,25,1003,TS,NOAA IBTrACS v04r01
2014309N13088,2014,UNNAMED,2014-11-07 09:00:00,14.2,87.5,25,1004,TS,NOAA IBTrACS v04r01
2014309N13088,2014,UNNAMED,2014-11-07 12:00:00,14.2,87.4,25,1003,TS,NOAA IBTrACS v04r01
2014309N13088,2014,UNNAMED,2014-11-07 15:00:00,14.2,87.1,25,1004,TS,NOAA IBTrACS v04r01
2014309N13088,2014,UNNAMED,2014-11-07 18:00:00,14.3,86.8,25,1004,TS,NOAA IBTrACS v04r01
2014309N13088,2014,UNNAMED,2014-11-07 21:00:00,14.4,86.4,23,1006,TS,NOAA IBTrACS v04r01
2014309N13088,2014,UNNAMED,2014-11-08 00:00:00,14.5,85.9,25,1005,MX,NOAA IBTrACS v04r01
2014309N13088,2014,UNNAMED,2014-11-08 03:00:00,14.4,85.4,20,1007,DS,NOAA IBTrACS v04r01
2014309N13088,2014,UNNAMED,2014-11-08 06:00:00,14.3,85.1,20,1007,DS,NOAA IBTrACS v04r01
2014309N13088,2014,UNNAMED,2014-11-08 09:00:00,14.1,84.7,20,1007,DS,NOAA IBTrACS v04r01
2014309N13088,2014,UNNAMED,2014-11-08 12:00:00,14.0,84.2,20,1007,DS,NOAA IBTrACS v04r01
2014309N13088,2014,UNNAMED,2014-11-08 15:00:00,14.0,83.7,20,1007,DS,NOAA IBTrACS v04r01
2014309N13088,2014,UNNAMED,2014-11-08 18:00:00,14.1,83.3,20,1007,DS,NOAA IBTrACS v04r01
2014309N13088,2014,UNNAMED,2014-11-08 21:00:00,14.3,83.0,20,1007,DS,NOAA IBTrACS v04r01
2014309N13088,2014,UNNAMED,2014-11-09 00:00:00,14.5,82.7,20,1007,DS,NOAA IBTrACS v04r01
2014309N13088,2014,UNNAMED,2014-11-09 03:00:00,14.7,82.4,20,1007,DS,NOAA IBTrACS v04r01
2014309N13088,2014,UNNAMED,2014-11-09 06:00:00,14.9,82.2,20,1007,DS,NOAA IBTrACS v04r01
2015157N13069,2015,ASHOBAA,2015-06-06 06:00:00,13.1,68.5,25,1004,TS,NOAA IBTrACS v04r01
2015157N13069,2015,ASHOBAA,2015-06-06 09:00:00,13.5,68.6,25,1004,TS,NOAA IBTrACS v04r01
2015157N13069,2015,ASHOBAA,2015-06-06 12:00:00,13.8,68.6,25,1004,TS,NOAA IBTrACS v04r01
2015157N13069,2015,ASHOBAA,2015-06-06 15:00:00,14.1,68.6,25,1004,TS,NOAA IBTrACS v04r01
2015157N13069,2015,ASHOBAA,2015-06-06 18:00:00,14.5,68.6,25,1004,TS,NOAA IBTrACS v04r01
2015157N13069,2015,ASHOBAA,2015-06-06 21:00:00,14.9,68.6,28,1002,TS,NOAA IBTrACS v04r01
2015157N13069,2015,ASHOBAA,2015-06-07 00:00:00,15.2,68.6,30,1000,TS,NOAA IBTrACS v04r01
2015157N13069,2015,ASHOBAA,2015-06-07 03:00:00,15.3,68.5,25,1004,TS,NOAA IBTrACS v04r01
2015157N13069,2015,ASHOBAA,2015-06-07 06:00:00,15.5,68.4,25,1004,TS,NOAA IBTrACS v04r01
2015157N13069,2015,ASHOBAA,2015-06-07 09:00:00,15.8,68.3,40,993,TS,NOAA IBTrACS v04r01
2015157N13069,2015,ASHOBAA,2015-06-07 12:00:00,16.2,68.3,25,1003,TS,NOAA IBTrACS v04r01
2015157N13069,2015,ASHOBAA,2015-06-07 15:00:00,16.5,68.3,40,993,TS,NOAA IBTrACS v04r01
2015157N13069,2015,ASHOBAA,2015-06-07 18:00:00,16.9,68.3,25,1003,TS,NOAA IBTrACS v04r01
2015157N13069,2015,ASHOBAA,2015-06-07 21:00:00,17.2,68.0,40,993,TS,NOAA IBTrACS v04r01
2015157N13069,2015,ASHOBAA,2015-06-08 00:00:00,17.7,67.6,30,996,TS,NOAA IBTrACS v04r01
2015157N13069,2015,ASHOBAA,2015-06-08 03:00:00,18.0,67.2,35,994,TS,NOAA IBTrACS v04r01
2015157N13069,2015,ASHOBAA,2015-06-08 06:00:00,18.0,67.0,35,994,TS,NOAA IBTrACS v04r01
2015157N13069,2015,ASHOBAA,2015-06-08 09:00:00,18.5,66.6,35,994,TS,NOAA IBTrACS v04r01
2015157N13069,2015,ASHOBAA,2015-06-08 12:00:00,18.7,66.4,35,994,TS,NOAA IBTrACS v04r01
2015157N13069,2015,ASHOBAA,2015-06-08 15:00:00,18.9,66.1,35,994,TS,NOAA IBTrACS v04r01
2015157N13069,2015,ASHOBAA,2015-06-08 18:00:00,19.3,65.7,35,994,TS,NOAA IBTrACS v04r01
2015157N13069,2015,ASHOBAA,2015-06-08 21:00:00,19.7,65.4,35,994,TS,NOAA IBTrACS v04r01
2015157N13069,2015,ASHOBAA,2015-06-09 00:00:00,20.1,65.1,35,992,TS,NOAA IBTrACS v04r01
2015157N13069,2015,ASHOBAA,2015-06-09 03:00:00,20.2,64.8,35,992,TS,NOAA IBTrACS v04r01
2015157N13069,2015,ASHOBAA,2015-06-09 06:00:00,20.5,64.4,35,990,TS,NOAA IBTrACS v04r01
2015157N13069,2015,ASHOBAA,2015-06-09 09:00:00,20.6,63.8,40,990,TS,NOAA IBTrACS v04r01
2015157N13069,2015,ASHOBAA,2015-06-09 12:00:00,21.0,63.3,40,990,TS,NOAA IBTrACS v04r01
2015157N13069,2015,ASHOBAA,2015-06-09 15:00:00,21.1,62.8,40,990,TS,NOAA IBTrACS v04r01
2015157N13069,2015,ASHOBAA,2015-06-09 18:00:00,21.1,62.6,45,990,TS,NOAA IBTrACS v04r01
2015157N13069,2015,ASHOBAA,2015-06-09 21:00:00,21.2,62.3,45,990,TS,NOAA IBTrACS v04r01
2015157N13069,2015,ASHOBAA,2015-06-10 00:00:00,21.2,62.0,45,990,TS,NOAA IBTrACS v04r01
2015157N13069,2015,ASHOBAA,2015-06-10 03:00:00,21.1,61.8,45,990,TS,NOAA IBTrACS v04r01
2015157N13069,2015,ASHOBAA,2015-06-10 06:00:00,21.1,61.6,45,990,TS,NOAA IBTrACS v04r01
2015157N13069,2015,ASHOBAA,2015-06-10 09:00:00,21.0,61.3,45,990,TS,NOAA IBTrACS v04r01
2015157N13069,2015,ASHOBAA,2015-06-10 12:00:00,21.0,61.3,45,990,TS,NOAA IBTrACS v04r01
2015157N13069,2015,ASHOBAA,2015-06-10 15:00:00,20.8,61.1,45,990,TS,NOAA IBTrACS v04r01
2015157N13069,2015,ASHOBAA,2015-06-10 18:00:00,20.8,61.1,45,992,TS,NOAA IBTrACS v04r01
2015157N13069,2015,ASHOBAA,2015-06-10 21:00:00,20.8,61.2,45,992,TS,NOAA IBTrACS v04r01
2015157N13069,2015,ASHOBAA,2015-06-11 00:00:00,20.8,60.9,40,994,TS,NOAA IBTrACS v04r01
2015157N13069,2015,ASHOBAA,2015-06-11 03:00:00,20.8,60.8,40,994,TS,NOAA IBTrACS v04r01
2015157N13069,2015,ASHOBAA,2015-06-11 06:00:00,20.8,60.6,35,994,TS,NOAA IBTrACS v04r01
2015157N13069,2015,ASHOBAA,2015-06-11 09:00:00,20.8,60.4,35,994,TS,NOAA IBTrACS v04r01
2015157N13069,2015,ASHOBAA,2015-06-11 12:00:00,20.8,60.2,35,994,TS,NOAA IBTrACS v04r01
2015157N13069,2015,ASHOBAA,2015-06-11 15:00:00,20.8,59.9,35,994,TS,NOAA IBTrACS v04r01
2015157N13069,2015,ASHOBAA,2015-06-11 18:00:00,20.8,59.9,30,996,TS,NOAA IBTrACS v04r01
2015157N13069,2015,ASHOBAA,2015-06-11 21:00:00,20.8,59.8,35,996,TS,NOAA IBTrACS v04r01
2015157N13069,2015,ASHOBAA,2015-06-12 00:00:00,20.8,59.8,25,996,TS,NOAA IBTrACS v04r01
2015157N13069,2015,ASHOBAA,2015-06-12 03:00:00,20.8,59.7,25,996,TS,NOAA IBTrACS v04r01
2015157N13069,2015,ASHOBAA,2015-06-12 06:00:00,20.8,59.7,25,996,TS,NOAA IBTrACS v04r01
2015171N18086,2015,UNNAMED,2015-06-20 03:00:00,18.0,86.0,25,990,TS,NOAA IBTrACS v04r01
2015171N18086,2015,UNNAMED,2015-06-20 06:00:00,18.5,86.0,25,990,TS,NOAA IBTrACS v04r01
2015171N18086,2015,UNNAMED,2015-06-20 09:00:00,18.8,85.8,,,TS,NOAA IBTrACS v04r01
2015171N18086,2015,UNNAMED,2015-06-20 12:00:00,19.0,85.5,25,990,TS,NOAA IBTrACS v04r01
2015171N18086,2015,UNNAMED,2015-06-20 15:00:00,19.1,85.4,,,TS,NOAA IBTrACS v04r01
2015171N18086,2015,UNNAMED,2015-06-20 18:00:00,19.2,85.4,25,990,TS,NOAA IBTrACS v04r01
2015171N18086,2015,UNNAMED,2015-06-20 21:00:00,19.4,85.2,,,TS,NOAA IBTrACS v04r01
2015171N18086,2015,UNNAMED,2015-06-21 00:00:00,19.7,85.0,25,992,TS,NOAA IBTrACS v04r01
2015171N18086,2015,UNNAMED,2015-06-21 03:00:00,20.0,85.0,25,992,TS,NOAA IBTrACS v04r01
2015171N18086,2015,UNNAMED,2015-06-21 06:00:00,20.0,84.5,25,992,TS,NOAA IBTrACS v04r01
2015171N18086,2015,UNNAMED,2015-06-21 09:00:00,20.2,84.4,,,TS,NOAA IBTrACS v04r01
2015171N18086,2015,UNNAMED,2015-06-21 12:00:00,20.5,84.5,25,992,TS,NOAA IBTrACS v04r01
2015171N18086,2015,UNNAMED,2015-06-21 15:00:00,20.8,84.5,,,TS,NOAA IBTrACS v04r01
2015171N18086,2015,UNNAMED,2015-06-21 18:00:00,21.0,84.5,25,992,TS,NOAA IBTrACS v04r01
2015173N20067,2015,UNNAMED,2015-06-22 03:00:00,20.0,67.0,25,990,TS,NOAA IBTrACS v04r01
2015173N20067,2015,UNNAMED,2015-06-22 06:00:00,20.0,67.0,25,990,TS,NOAA IBTrACS v04r01
2015173N20067,2015,UNNAMED,2015-06-22 09:00:00,20.0,66.9,,,TS,NOAA IBTrACS v04r01
2015173N20067,2015,UNNAMED,2015-06-22 12:00:00,20.0,67.0,25,990,TS,NOAA IBTrACS v04r01
2015173N20067,2015,UNNAMED,2015-06-22 15:00:00,20.1,67.7,,,TS,NOAA IBTrACS v04r01
2015173N20067,2015,UNNAMED,2015-06-22 18:00:00,20.2,68.5,25,990,TS,NOAA IBTrACS v04r01
2015173N20067,2015,UNNAMED,2015-06-22 21:00:00,20.4,68.9,,,TS,NOAA IBTrACS v04r01
2015173N20067,2015,UNNAMED,2015-06-23 00:00:00,20.5,69.5,25,988,TS,NOAA IBTrACS v04r01
2015173N20067,2015,UNNAMED,2015-06-23 03:00:00,20.5,70.5,30,988,TS,NOAA IBTrACS v04r01
2015173N20067,2015,UNNAMED,2015-06-23 06:00:00,21.0,71.0,30,988,TS,NOAA IBTrACS v04r01
2015173N20067,2015,UNNAMED,2015-06-23 09:00:00,21.1,71.2,,,TS,NOAA IBTrACS v04r01
2015173N20067,2015,UNNAMED,2015-06-23 12:00:00,21.0,71.3,30,990,TS,NOAA IBTrACS v04r01
2015173N20067,2015,UNNAMED,2015-06-23 15:00:00,21.3,71.4,,,TS,NOAA IBTrACS v04r01
2015173N20067,2015,UNNAMED,2015-06-23 18:00:00,21.6,71.4,30,990,TS,NOAA IBTrACS v04r01
2015173N20067,2015,UNNAMED,2015-06-23 21:00:00,21.9,71.4,,,TS,NOAA IBTrACS v04r01
2015173N20067,2015,UNNAMED,2015-06-24 00:00:00,22.2,71.5,30,990,TS,NOAA IBTrACS v04r01
2015173N20067,2015,UNNAMED,2015-06-24 03:00:00,22.4,72.0,30,990,TS,NOAA IBTrACS v04r01
2015173N20067,2015,UNNAMED,2015-06-24 06:00:00,22.8,72.7,30,990,TS,NOAA IBTrACS v04r01
2015173N20067,2015,UNNAMED,2015-06-24 09:00:00,23.0,73.3,,,TS,NOAA IBTrACS v04r01
2015173N20067,2015,UNNAMED,2015-06-24 12:00:00,23.5,74.0,25,992,TS,NOAA IBTrACS v04r01
2015173N20067,2015,UNNAMED,2015-06-24 15:00:00,24.6,74.9,,,TS,NOAA IBTrACS v04r01
2015173N20067,2015,UNNAMED,2015-06-24 18:00:00,26.0,76.0,25,994,TS,NOAA IBTrACS v04r01
2015191N23085,2015,UNNAMED,2015-07-10 03:00:00,23.1,85.1,25,996,TS,NOAA IBTrACS v04r01
2015191N23085,2015,UNNAMED,2015-07-10 06:00:00,23.1,85.0,25,996,TS,NOAA IBTrACS v04r01
2015191N23085,2015,UNNAMED,2015-07-10 09:00:00,23.3,84.0,25,994,TS,NOAA IBTrACS v04r01
2015191N23085,2015,UNNAMED,2015-07-10 12:00:00,23.5,83.5,25,994,TS,NOAA IBTrACS v04r01
2015191N23085,2015,UNNAMED,2015-07-10 15:00:00,23.5,82.5,25,996,TS,NOAA IBTrACS v04r01
2015191N23085,2015,UNNAMED,2015-07-10 18:00:00,23.6,82.3,25,996,TS,NOAA IBTrACS v04r01
2015191N23085,2015,UNNAMED,2015-07-10 21:00:00,23.8,81.0,25,996,TS,NOAA IBTrACS v04r01
2015191N23085,2015,UNNAMED,2015-07-11 00:00:00,24.0,80.5,25,995,TS,NOAA IBTrACS v04r01
2015191N23085,2015,UNNAMED,2015-07-11 03:00:00,24.0,80.5,25,996,TS,NOAA IBTrACS v04r01
2015191N23085,2015,UNNAMED,2015-07-11 06:00:00,24.5,80.5,25,996,TS,NOAA IBTrACS v04r01
2015191N23085,2015,UNNAMED,2015-07-11 09:00:00,24.5,80.5,25,996,TS,NOAA IBTrACS v04r01
2015191N23085,2015,UNNAMED,2015-07-11 12:00:00,25.5,80.5,25,996,TS,NOAA IBTrACS v04r01
2015191N23085,2015,UNNAMED,2015-07-11 15:00:00,26.0,80.0,25,996,TS,NOAA IBTrACS v04r01
2015191N23085,2015,UNNAMED,2015-07-11 18:00:00,26.5,79.5,25,998,TS,NOAA IBTrACS v04r01
2015191N23085,2015,UNNAMED,2015-07-11 21:00:00,26.0,78.5,25,998,TS,NOAA IBTrACS v04r01
2015191N23085,2015,UNNAMED,2015-07-12 00:00:00,27.5,78.3,25,998,TS,NOAA IBTrACS v04r01
2015191N23085,2015,UNNAMED,2015-07-12 03:00:00,28.5,78.0,25,998,TS,NOAA IBTrACS v04r01
2015191N23085,2015,UNNAMED,2015-07-12 06:00:00,28.5,77.5,25,998,TS,NOAA IBTrACS v04r01
2015191N23085,2015,UNNAMED,2015-07-12 09:00:00,28.5,77.3,25,998,TS,NOAA IBTrACS v04r01
2015207N22091,2015,KOMEN,2015-07-26 00:00:00,22.0,90.8,20,994,TS,NOAA IBTrACS v04r01
2015207N22091,2015,KOMEN,2015-07-26 03:00:00,22.0,90.8,20,994,TS,NOAA IBTrACS v04r01
2015207N22091,2015,KOMEN,2015-07-26 06:00:00,22.0,90.5,20,994,TS,NOAA IBTrACS v04r01
2015207N22091,2015,KOMEN,2015-07-26 09:00:00,22.0,90.4,,,TS,NOAA IBTrACS v04r01
2015207N22091,2015,KOMEN,2015-07-26 12:00:00,22.0,90.5,20,994,TS,NOAA IBTrACS v04r01
2015207N22091,2015,KOMEN,2015-07-26 15:00:00,22.0,90.5,,,TS,NOAA IBTrACS v04r01
2015207N22091,2015,KOMEN,2015-07-26 18:00:00,22.0,90.5,20,994,TS,NOAA IBTrACS v04r01
2015207N22091,2015,KOMEN,2015-07-26 21:00:00,22.0,90.5,,,TS,NOAA IBTrACS v04r01
2015207N22091,2015,KOMEN,2015-07-27 00:00:00,22.0,90.5,20,994,TS,NOAA IBTrACS v04r01
2015207N22091,2015,KOMEN,2015-07-27 03:00:00,22.0,90.5,25,994,TS,NOAA IBTrACS v04r01
2015207N22091,2015,KOMEN,2015-07-27 06:00:00,22.0,90.5,25,994,TS,NOAA IBTrACS v04r01
2015207N22091,2015,KOMEN,2015-07-27 09:00:00,22.0,90.5,,,TS,NOAA IBTrACS v04r01
2015207N22091,2015,KOMEN,2015-07-27 12:00:00,22.0,90.5,25,994,TS,NOAA IBTrACS v04r01
2015207N22091,2015,KOMEN,2015-07-27 15:00:00,22.0,90.5,,,TS,NOAA IBTrACS v04r01
2015207N22091,2015,KOMEN,2015-07-27 18:00:00,22.0,90.5,25,994,TS,NOAA IBTrACS v04r01
2015207N22091,2015,KOMEN,2015-07-27 21:00:00,22.0,90.5,,,TS,NOAA IBTrACS v04r01
2015207N22091,2015,KOMEN,2015-07-28 00:00:00,22.0,90.5,25,994,TS,NOAA IBTrACS v04r01
2015207N22091,2015,KOMEN,2015-07-28 03:00:00,22.0,90.5,25,994,TS,NOAA IBTrACS v04r01
2015207N22091,2015,KOMEN,2015-07-28 06:00:00,21.6,90.4,25,994,MX,NOAA IBTrACS v04r01
2015207N22091,2015,KOMEN,2015-07-28 09:00:00,21.4,90.4,28,998,MX,NOAA IBTrACS v04r01
2015207N22091,2015,KOMEN,2015-07-28 12:00:00,21.3,90.5,25,994,MX,NOAA IBTrACS v04r01
2015207N22091,2015,KOMEN,2015-07-28 15:00:00,21.3,90.7,30,1000,MX,NOAA IBTrACS v04r01
2015207N22091,2015,KOMEN,2015-07-28 18:00:00,21.2,90.9,25,992,MX,NOAA IBTrACS v04r01
2015207N22091,2015,KOMEN,2015-07-28 21:00:00,21.0,91.0,33,996,MX,NOAA IBTrACS v04r01
2015207N22091,2015,KOMEN,2015-07-29 00:00:00,21.0,91.1,30,990,MX,NOAA IBTrACS v04r01
2015207N22091,2015,KOMEN,2015-07-29 03:00:00,21.0,91.1,30,990,MX,NOAA IBTrACS v04r01
2015207N22091,2015,KOMEN,2015-07-29 06:00:00,21.1,91.2,30,990,MX,NOAA IBTrACS v04r01
2015207N22091,2015,KOMEN,2015-07-29 09:00:00,21.2,91.2,38,995,MX,NOAA IBTrACS v04r01
2015207N22091,2015,KOMEN,2015-07-29 12:00:00,21.3,91.3,30,988,MX,NOAA IBTrACS v04r01
2015207N22091,2015,KOMEN,2015-07-29 15:00:00,21.4,91.3,40,993,MX,NOAA IBTrACS v04r01
2015207N22091,2015,KOMEN,2015-07-29 18:00:00,21.5,91.4,35,986,MX,NOAA IBTrACS v04r01
2015207N22091,2015,KOMEN,2015-07-29 21:00:00,21.5,91.4,43,991,MX,NOAA IBTrACS v04r01
2015207N22091,2015,KOMEN,2015-07-30 00:00:00,21.7,91.5,35,986,MX,NOAA IBTrACS v04r01
2015207N22091,2015,KOMEN,2015-07-30 03:00:00,21.9,91.5,35,986,MX,NOAA IBTrACS v04r01
2015207N22091,2015,KOMEN,2015-07-30 06:00:00,22.1,91.5,40,986,MX,NOAA IBTrACS v04r01
2015207N22091,2015,KOMEN,2015-07-30 09:00:00,22.1,91.5,40,986,MX,NOAA IBTrACS v04r01
2015207N22091,2015,KOMEN,2015-07-30 12:00:00,22.3,91.5,35,988,MX,NOAA IBTrACS v04r01
2015207N22091,2015,KOMEN,2015-07-30 15:00:00,22.5,91.4,35,988,MX,NOAA IBTrACS v04r01
2015207N22091,2015,KOMEN,2015-07-30 18:00:00,22.7,91.2,35,988,MX,NOAA IBTrACS v04r01
2015207N22091,2015,KOMEN,2015-07-30 21:00:00,22.9,91.1,30,988,MX,NOAA IBTrACS v04r01
2015207N22091,2015,KOMEN,2015-07-31 00:00:00,23.1,90.2,30,990,MX,NOAA IBTrACS v04r01
2015207N22091,2015,KOMEN,2015-07-31 03:00:00,23.1,90.0,30,990,TS,NOAA IBTrACS v04r01
2015207N22091,2015,KOMEN,2015-07-31 06:00:00,23.1,89.8,30,992,TS,NOAA IBTrACS v04r01
2015207N22091,2015,KOMEN,2015-07-31 09:00:00,23.1,89.6,,,TS,NOAA IBTrACS v04r01
2015207N22091,2015,KOMEN,2015-07-31 12:00:00,23.1,89.5,25,994,TS,NOAA IBTrACS v04r01
2015207N22091,2015,KOMEN,2015-07-31 15:00:00,23.1,89.4,,,TS,NOAA IBTrACS v04r01
2015207N22091,2015,KOMEN,2015-07-31 18:00:00,23.1,89.4,25,994,TS,NOAA IBTrACS v04r01
2015207N22091,2015,KOMEN,2015-07-31 21:00:00,23.2,89.3,,,TS,NOAA IBTrACS v04r01
2015207N22091,2015,KOMEN,2015-08-01 00:00:00,23.2,89.2,20,994,TS,NOAA IBTrACS v04r01
2015207N22091,2015,KOMEN,2015-08-01 03:00:00,23.2,89.2,20,994,TS,NOAA IBTrACS v04r01
2015207N22091,2015,KOMEN,2015-08-01 06:00:00,23.5,88.8,20,994,TS,NOAA IBTrACS v04r01
2015207N22091,2015,KOMEN,2015-08-01 09:00:00,23.7,88.6,,,TS,NOAA IBTrACS v04r01
2015207N22091,2015,KOMEN,2015-08-01 12:00:00,23.8,88.4,20,994,TS,NOAA IBTrACS v04r01
2015207N22091,2015,KOMEN,2015-08-01 15:00:00,23.8,88.0,,,TS,NOAA IBTrACS v04r01
2015207N22091,2015,KOMEN,2015-08-01 18:00:00,23.8,87.5,20,994,TS,NOAA IBTrACS v04r01
2015207N22091,2015,KOMEN,2015-08-01 21:00:00,23.9,87.2,,,TS,NOAA IBTrACS v04r01
2015207N22091,2015,KOMEN,2015-08-02 00:00:00,23.8,86.7,20,996,TS,NOAA IBTrACS v04r01
2015207N22091,2015,KOMEN,2015-08-02 03:00:00,23.5,86.0,20,996,TS,NOAA IBTrACS v04r01
2015207N22091,2015,KOMEN,2015-08-02 06:00:00,23.3,85.7,20,996,TS,NOAA IBTrACS v04r01
2015207N22091,2015,KOMEN,2015-08-02 09:00:00,23.1,85.5,20,996,TS,NOAA IBTrACS v04r01
2015209N26072,2015,UNNAMED,2015-07-27 12:00:00,26.2,71.8,25,994,TS,NOAA IBTrACS v04r01
2015209N26072,2015,UNNAMED,2015-07-27 15:00:00,26.0,71.8,25,994,TS,NOAA IBTrACS v04r01
2015209N26072,2015,UNNAMED,2015-07-27 18:00:00,25.8,71.8,25,996,TS,NOAA IBTrACS v04r01
2015209N26072,2015,UNNAMED,2015-07-27 21:00:00,26.1,71.8,25,996,TS,NOAA IBTrACS v04r01
2015209N26072,2015,UNNAMED,2015-07-28 00:00:00,26.2,71.8,25,994,TS,NOAA IBTrACS v04r01
2015209N26072,2015,UNNAMED,2015-07-28 03:00:00,24.8,71.8,30,994,TS,NOAA IBTrACS v04r01
2015209N26072,2015,UNNAMED,2015-07-28 06:00:00,24.8,71.8,30,994,TS,NOAA IBTrACS v04r01
2015209N26072,2015,UNNAMED,2015-07-28 09:00:00,24.8,71.8,30,994,TS,NOAA IBTrACS v04r01
2015209N26072,2015,UNNAMED,2015-07-28 12:00:00,25.5,72.0,30,994,TS,NOAA IBTrACS v04r01
2015209N26072,2015,UNNAMED,2015-07-28 15:00:00,25.6,72.1,30,996,TS,NOAA IBTrACS v04r01
2015209N26072,2015,UNNAMED,2015-07-28 18:00:00,25.8,72.1,30,996,TS,NOAA IBTrACS v04r01
2015209N26072,2015,UNNAMED,2015-07-28 21:00:00,25.9,72.3,25,996,TS,NOAA IBTrACS v04r01
2015209N26072,2015,UNNAMED,2015-07-29 00:00:00,26.5,72.5,25,996,TS,NOAA IBTrACS v04r01
2015209N26072,2015,UNNAMED,2015-07-29 03:00:00,27.2,73.0,25,996,TS,NOAA IBTrACS v04r01
2015209N26072,2015,UNNAMED,2015-07-29 06:00:00,27.2,73.0,25,996,TS,NOAA IBTrACS v04r01
2015209N26072,2015,UNNAMED,2015-07-29 09:00:00,27.2,73.0,25,996,TS,NOAA IBTrACS v04r01
2015209N26072,2015,UNNAMED,2015-07-29 12:00:00,27.7,73.0,25,998,TS,NOAA IBTrACS v04r01
2015209N26072,2015,UNNAMED,2015-07-29 15:00:00,27.9,73.0,25,998,TS,NOAA IBTrACS v04r01
2015209N26072,2015,UNNAMED,2015-07-29 18:00:00,27.9,73.1,25,998,TS,NOAA IBTrACS v04r01
2015209N26072,2015,UNNAMED,2015-07-29 21:00:00,28.0,73.1,25,998,TS,NOAA IBTrACS v04r01
2015209N26072,2015,UNNAMED,2015-07-30 00:00:00,28.7,73.4,25,998,TS,NOAA IBTrACS v04r01
2015216N23081,2015,UNNAMED,2015-08-04 03:00:00,22.7,80.5,25,998,TS,NOAA IBTrACS v04r01
2015216N23081,2015,UNNAMED,2015-08-04 06:00:00,22.7,80.0,25,998,TS,NOAA IBTrACS v04r01
2015216N23081,2015,UNNAMED,2015-08-04 09:00:00,22.7,79.5,25,998,TS,NOAA IBTrACS v04r01
2015216N23081,2015,UNNAMED,2015-08-04 12:00:00,22.7,77.8,25,998,TS,NOAA IBTrACS v04r01
2015216N23081,2015,UNNAMED,2015-08-04 15:00:00,22.7,77.3,,,TS,NOAA IBTrACS v04r01
2015216N23081,2015,UNNAMED,2015-08-04 18:00:00,22.7,77.8,25,998,TS,NOAA IBTrACS v04r01
2015259N20084,2015,UNNAMED,2015-09-16 03:00:00,19.6,83.5,25,998,TS,NOAA IBTrACS v04r01
2015259N20084,2015,UNNAMED,2015-09-16 06:00:00,20.3,83.0,25,998,TS,NOAA IBTrACS v04r01
2015259N20084,2015,UNNAMED,2015-09-16 09:00:00,20.4,82.7,25,998,TS,NOAA IBTrACS v04r01
2015259N20084,2015,UNNAMED,2015-09-16 12:00:00,20.5,82.5,25,998,TS,NOAA IBTrACS v04r01
2015259N20084,2015,UNNAMED,2015-09-16 15:00:00,20.6,82.0,25,998,TS,NOAA IBTrACS v04r01
2015259N20084,2015,UNNAMED,2015-09-16 18:00:00,20.8,81.9,25,998,TS,NOAA IBTrACS v04r01
2015259N20084,2015,UNNAMED,2015-09-16 21:00:00,21.0,81.9,25,998,TS,NOAA IBTrACS v04r01
2015259N20084,2015,UNNAMED,2015-09-17 00:00:00,21.1,81.5,25,998,TS,NOAA IBTrACS v04r01
2015259N20084,2015,UNNAMED,2015-09-17 03:00:00,21.0,79.5,30,998,TS,NOAA IBTrACS v04r01
2015259N20084,2015,UNNAMED,2015-09-17 06:00:00,20.5,79.5,30,998,TS,NOAA IBTrACS v04r01
2015259N20084,2015,UNNAMED,2015-09-17 09:00:00,20.0,79.5,30,998,TS,NOAA IBTrACS v04r01
2015259N20084,2015,UNNAMED,2015-09-17 12:00:00,20.5,79.0,30,996,TS,NOAA IBTrACS v04r01
2015259N20084,2015,UNNAMED,2015-09-17 15:00:00,20.0,77.5,30,996,TS,NOAA IBTrACS v04r01
2015259N20084,2015,UNNAMED,2015-09-17 18:00:00,20.0,77.0,30,996,TS,NOAA IBTrACS v04r01
2015259N20084,2015,UNNAMED,2015-09-17 21:00:00,20.0,76.4,30,996,TS,NOAA IBTrACS v04r01
2015259N20084,2015,UNNAMED,2015-09-18 00:00:00,20.8,77.4,25,996,TS,NOAA IBTrACS v04r01
2015259N20084,2015,UNNAMED,2015-09-18 03:00:00,20.7,77.0,30,996,TS,NOAA IBTrACS v04r01
2015259N20084,2015,UNNAMED,2015-09-18 06:00:00,20.0,77.0,30,998,TS,NOAA IBTrACS v04r01
2015259N20084,2015,UNNAMED,2015-09-18 09:00:00,20.7,76.5,25,998,TS,NOAA IBTrACS v04r01
2015259N20084,2015,UNNAMED,2015-09-18 12:00:00,20.5,76.0,25,998,TS,NOAA IBTrACS v04r01
2015259N20084,2015,UNNAMED,2015-09-18 15:00:00,20.5,75.8,25,998,TS,NOAA IBTrACS v04r01
2015259N20084,2015,UNNAMED,2015-09-18 18:00:00,20.5,75.5,25,998,TS,NOAA IBTrACS v04r01
2015259N20084,2015,UNNAMED,2015-09-18 21:00:00,20.8,75.0,25,998,TS,NOAA IBTrACS v04r01
2015259N20084,2015,UNNAMED,2015-09-19 00:00:00,21.0,74.5,25,998,TS,NOAA IBTrACS v04r01
2015280N13071,2015,UNNAMED,2015-10-07 00:00:00,12.7,71.3,25,1004,TS,NOAA IBTrACS v04r01
2015280N13071,2015,UNNAMED,2015-10-07 03:00:00,12.6,71.3,28,1002,TS,NOAA IBTrACS v04r01
2015280N13071,2015,UNNAMED,2015-10-07 06:00:00,12.5,71.4,30,1000,TS,NOAA IBTrACS v04r01
2015280N13071,2015,UNNAMED,2015-10-07 09:00:00,12.5,71.5,30,1000,TS,NOAA IBTrACS v04r01
2015280N13071,2015,UNNAMED,2015-10-07 12:00:00,12.6,71.6,30,1000,TS,NOAA IBTrACS v04r01
2015280N13071,2015,UNNAMED,2015-10-07 15:00:00,12.7,71.7,30,1000,TS,NOAA IBTrACS v04r01
2015280N13071,2015,UNNAMED,2015-10-07 18:00:00,12.8,71.7,30,1000,TS,NOAA IBTrACS v04r01
2015280N13071,2015,UNNAMED,2015-10-07 21:00:00,12.9,71.6,30,1000,TS,NOAA IBTrACS v04r01
2015280N13071,2015,UNNAMED,2015-10-08 00:00:00,12.9,71.5,30,1000,TS,NOAA IBTrACS v04r01
2015280N13071,2015,UNNAMED,2015-10-08 03:00:00,12.9,71.4,30,1000,TS,NOAA IBTrACS v04r01
2015280N13071,2015,UNNAMED,2015-10-08 06:00:00,12.9,71.3,30,1000,TS,NOAA IBTrACS v04r01
2015280N13071,2015,UNNAMED,2015-10-08 09:00:00,13.0,71.2,30,1000,TS,NOAA IBTrACS v04r01
2015280N13071,2015,UNNAMED,2015-10-08 12:00:00,13.2,71.1,30,1000,TS,NOAA IBTrACS v04r01
2015280N13071,2015,UNNAMED,2015-10-08 15:00:00,13.3,71.0,30,1000,TS,NOAA IBTrACS v04r01
2015280N13071,2015,UNNAMED,2015-10-08 18:00:00,13.4,70.9,30,1000,TS,NOAA IBTrACS v04r01
2015280N13071,2015,UNNAMED,2015-10-08 21:00:00,13.5,70.8,30,1000,TS,NOAA IBTrACS v04r01
2015280N13071,2015,UNNAMED,2015-10-09 00:00:00,13.7,70.6,25,1004,TS,NOAA IBTrACS v04r01
2015280N13071,2015,UNNAMED,2015-10-09 03:00:00,13.8,70.5,25,1004,TS,NOAA IBTrACS v04r01
2015280N13071,2015,UNNAMED,2015-10-09 06:00:00,14.0,70.4,25,1004,TS,NOAA IBTrACS v04r01
2015280N13071,2015,UNNAMED,2015-10-09 09:00:00,14.1,70.3,33,998,TS,NOAA IBTrACS v04r01
2015280N13071,2015,UNNAMED,2015-10-09 12:00:00,14.3,70.2,25,1002,TS,NOAA IBTrACS v04r01
2015280N13071,2015,UNNAMED,2015-10-09 15:00:00,14.5,70.1,30,1000,TS,NOAA IBTrACS v04r01
2015280N13071,2015,UNNAMED,2015-10-09 18:00:00,14.7,69.9,30,1001,TS,NOAA IBTrACS v04r01
2015280N13071,2015,UNNAMED,2015-10-09 21:00:00,14.8,69.7,30,1000,TS,NOAA IBTrACS v04r01
2015280N13071,2015,UNNAMED,2015-10-10 00:00:00,15.0,69.6,30,1001,TS,NOAA IBTrACS v04r01
2015280N13071,2015,UNNAMED,2015-10-10 03:00:00,15.1,69.5,30,1001,TS,NOAA IBTrACS v04r01
2015280N13071,2015,UNNAMED,2015-10-10 06:00:00,15.1,69.4,30,1000,TS,NOAA IBTrACS v04r01
2015280N13071,2015,UNNAMED,2015-10-10 09:00:00,15.2,69.4,28,1002,TS,NOAA IBTrACS v04r01
2015280N13071,2015,UNNAMED,2015-10-10 12:00:00,15.3,69.4,30,1000,TS,NOAA IBTrACS v04r01
2015280N13071,2015,UNNAMED,2015-10-10 15:00:00,15.3,69.4,25,1004,TS,NOAA IBTrACS v04r01
2015280N13071,2015,UNNAMED,2015-10-10 18:00:00,15.4,69.4,30,1000,TS,NOAA IBTrACS v04r01
2015280N13071,2015,UNNAMED,2015-10-10 21:00:00,15.5,69.4,25,1004,TS,NOAA IBTrACS v04r01
2015280N13071,2015,UNNAMED,2015-10-11 00:00:00,15.6,69.3,30,1001,TS,NOAA IBTrACS v04r01
2015280N13071,2015,UNNAMED,2015-10-11 03:00:00,15.7,69.3,25,1003,TS,NOAA IBTrACS v04r01
2015280N13071,2015,UNNAMED,2015-10-11 06:00:00,15.7,69.2,25,1003,MX,NOAA IBTrACS v04r01
2015280N13071,2015,UNNAMED,2015-10-11 09:00:00,15.8,69.2,,,TS,NOAA IBTrACS v04r01
2015280N13071,2015,UNNAMED,2015-10-11 12:00:00,15.9,69.2,25,1004,TS,NOAA IBTrACS v04r01
2015280N13071,2015,UNNAMED,2015-10-11 15:00:00,16.0,69.2,,,TS,NOAA IBTrACS v04r01
2015280N13071,2015,UNNAMED,2015-10-11 18:00:00,16.0,69.2,25,1004,TS,NOAA IBTrACS v04r01
2015280N13071,2015,UNNAMED,2015-10-11 21:00:00,16.0,69.1,,,TS,NOAA IBTrACS v04r01
2015280N13071,2015,UNNAMED,2015-10-12 00:00:00,16.1,69.0,20,1004,TS,NOAA IBTrACS v04r01
2015301N11065,2015,CHAPALA,2015-10-27 12:00:00,10.7,65.1,25,1004,TS,NOAA IBTrACS v04r01
2015301N11065,2015,CHAPALA,2015-10-27 15:00:00,10.9,65.0,25,1004,TS,NOAA IBTrACS v04r01
2015301N11065,2015,CHAPALA,2015-10-27 18:00:00,11.1,64.9,25,1004,TS,NOAA IBTrACS v04r01
2015301N11065,2015,CHAPALA,2015-10-27 21:00:00,11.3,64.8,28,1002,TS,NOAA IBTrACS v04r01
2015301N11065,2015,CHAPALA,2015-10-28 00:00:00,11.6,64.7,30,1000,TS,NOAA IBTrACS v04r01
2015301N11065,2015,CHAPALA,2015-10-28 03:00:00,11.8,64.7,25,1005,TS,NOAA IBTrACS v04r01
2015301N11065,2015,CHAPALA,2015-10-28 06:00:00,12.0,64.8,25,1004,TS,NOAA IBTrACS v04r01
2015301N11065,2015,CHAPALA,2015-10-28 09:00:00,12.4,64.8,35,996,TS,NOAA IBTrACS v04r01
2015301N11065,2015,CHAPALA,2015-10-28 12:00:00,12.7,64.8,30,1001,TS,NOAA IBTrACS v04r01
2015301N11065,2015,CHAPALA,2015-10-28 15:00:00,12.9,64.8,45,989,TS,NOAA IBTrACS v04r01
2015301N11065,2015,CHAPALA,2015-10-28 18:00:00,13.1,64.6,30,1001,TS,NOAA IBTrACS v04r01
2015301N11065,2015,CHAPALA,2015-10-28 21:00:00,13.3,64.4,45,989,TS,NOAA IBTrACS v04r01
2015301N11065,2015,CHAPALA,2015-10-29 00:00:00,13.6,64.3,35,999,TS,NOAA IBTrACS v04r01
2015301N11065,2015,CHAPALA,2015-10-29 03:00:00,13.7,64.1,40,997,TS,NOAA IBTrACS v04r01
2015301N11065,2015,CHAPALA,2015-10-29 06:00:00,13.9,63.8,45,996,TS,NOAA IBTrACS v04r01
2015301N11065,2015,CHAPALA,2015-10-29 09:00:00,14.0,63.5,50,994,TS,NOAA IBTrACS v04r01
2015301N11065,2015,CHAPALA,2015-10-29 12:00:00,14.2,63.2,55,990,TS,NOAA IBTrACS v04r01
2015301N11065,2015,CHAPALA,2015-10-29 15:00:00,14.3,62.8,60,988,TS,NOAA IBTrACS v04r01
2015301N11065,2015,CHAPALA,2015-10-29 18:00:00,14.3,62.5,65,984,TS,NOAA IBTrACS v04r01
2015301N11065,2015,CHAPALA,2015-10-29 21:00:00,14.3,62.2,75,976,TS,NOAA IBTrACS v04r01
2015301N11065,2015,CHAPALA,2015-10-30 00:00:00,14.3,61.8,90,966,TS,NOAA IBTrACS v04r01
2015301N11065,2015,CHAPALA,2015-10-30 03:00:00,14.2,61.5,105,954,TS,NOAA IBTrACS v04r01
2015301N11065,2015,CHAPALA,2015-10-30 06:00:00,14.2,61.1,110,948,TS,NOAA IBTrACS v04r01
2015301N11065,2015,CHAPALA,2015-10-30 09:00:00,14.1,60.8,115,940,TS,NOAA IBTrACS v04r01
2015301N11065,2015,CHAPALA,2015-10-30 12:00:00,14.1,60.6,115,940,TS,NOAA IBTrACS v04r01
2015301N11065,2015,CHAPALA,2015-10-30 15:00:00,14.0,60.4,115,940,TS,NOAA IBTrACS v04r01
2015301N11065,2015,CHAPALA,2015-10-30 18:00:00,13.9,60.2,115,940,TS,NOAA IBTrACS v04r01
2015301N11065,2015,CHAPALA,2015-10-30 21:00:00,13.9,59.9,115,942,TS,NOAA IBTrACS v04r01
2015301N11065,2015,CHAPALA,2015-10-31 00:00:00,13.8,59.6,110,944,TS,NOAA IBTrACS v04r01
2015301N11065,2015,CHAPALA,2015-10-31 03:00:00,13.8,59.2,110,946,TS,NOAA IBTrACS v04r01
2015301N11065,2015,CHAPALA,2015-10-31 06:00:00,13.8,58.7,105,950,TS,NOAA IBTrACS v04r01
2015301N11065,2015,CHAPALA,2015-10-31 09:00:00,13.8,58.3,105,950,TS,NOAA IBTrACS v04r01
2015301N11065,2015,CHAPALA,2015-10-31 12:00:00,13.8,57.9,105,950,TS,NOAA IBTrACS v04r01
2015301N11065,2015,CHAPALA,2015-10-31 15:00:00,13.8,57.5,105,950,TS,NOAA IBTrACS v04r01
2015301N11065,2015,CHAPALA,2015-10-31 18:00:00,13.8,57.2,105,950,TS,NOAA IBTrACS v04r01
2015301N11065,2015,CHAPALA,2015-10-31 21:00:00,13.7,56.8,105,950,TS,NOAA IBTrACS v04r01
2015301N11065,2015,CHAPALA,2015-11-01 00:00:00,13.7,56.4,105,950,TS,NOAA IBTrACS v04r01
2015301N11065,2015,CHAPALA,2015-11-01 03:00:00,13.6,56.1,105,952,TS,NOAA IBTrACS v04r01
2015301N11065,2015,CHAPALA,2015-11-01 06:00:00,13.6,55.7,100,954,TS,NOAA IBTrACS v04r01
2015301N11065,2015,CHAPALA,2015-11-01 09:00:00,13.5,55.2,100,956,TS,NOAA IBTrACS v04r01
2015301N11065,2015,CHAPALA,2015-11-01 12:00:00,13.6,54.7,100,956,TS,NOAA IBTrACS v04r01
2015301N11065,2015,CHAPALA,2015-11-01 15:00:00,13.5,54.2,100,956,TS,NOAA IBTrACS v04r01
2015301N11065,2015,CHAPALA,2015-11-01 18:00:00,13.4,53.7,100,956,TS,NOAA IBTrACS v04r01
2015301N11065,2015,CHAPALA,2015-11-01 21:00:00,13.3,53.1,100,956,TS,NOAA IBTrACS v04r01
2015301N11065,2015,CHAPALA,2015-11-02 00:00:00,13.2,52.6,100,958,TS,NOAA IBTrACS v04r01
2015301N11065,2015,CHAPALA,2015-11-02 03:00:00,13.2,52.2,95,960,TS,NOAA IBTrACS v04r01
2015301N11065,2015,CHAPALA,2015-11-02 06:00:00,13.3,51.6,90,964,TS,NOAA IBTrACS v04r01
2015301N11065,2015,CHAPALA,2015-11-02 09:00:00,13.3,51.0,90,966,TS,NOAA IBTrACS v04r01
2015301N11065,2015,CHAPALA,2015-11-02 12:00:00,13.4,50.6,85,968,TS,NOAA IBTrACS v04r01
2015301N11065,2015,CHAPALA,2015-11-02 15:00:00,13.5,50.0,85,970,TS,NOAA IBTrACS v04r01
2015301N11065,2015,CHAPALA,2015-11-02 18:00:00,13.7,49.6,80,974,TS,NOAA IBTrACS v04r01
2015301N11065,2015,CHAPALA,2015-11-02 21:00:00,13.8,49.3,75,978,TS,NOAA IBTrACS v04r01
2015301N11065,2015,CHAPALA,2015-11-03 00:00:00,14.0,48.9,65,984,TS,NOAA IBTrACS v04r01
2015301N11065,2015,CHAPALA,2015-11-03 03:00:00,14.1,48.4,55,990,TS,NOAA IBTrACS v04r01
2015301N11065,2015,CHAPALA,2015-11-03 06:00:00,14.1,47.9,45,996,TS,NOAA IBTrACS v04r01
2015301N11065,2015,CHAPALA,2015-11-03 09:00:00,14.1,47.6,40,998,TS,NOAA IBTrACS v04r01
2015301N11065,2015,CHAPALA,2015-11-03 12:00:00,14.1,47.4,40,998,TS,NOAA IBTrACS v04r01
2015301N11065,2015,CHAPALA,2015-11-03 15:00:00,14.2,47.2,40,998,TS,NOAA IBTrACS v04r01
2015301N11065,2015,CHAPALA,2015-11-03 18:00:00,14.3,47.1,30,1001,TS,NOAA IBTrACS v04r01
2015301N11065,2015,CHAPALA,2015-11-03 21:00:00,14.5,46.8,,,TS,NOAA IBTrACS v04r01
2015301N11065,2015,CHAPALA,2015-11-04 00:00:00,14.8,46.5,25,1003,TS,NOAA IBTrACS v04r01
2015309N14067,2015,MEGH,2015-11-04 12:00:00,14.0,66.9,20,1007,DS,NOAA IBTrACS v04r01
2015309N14067,2015,MEGH,2015-11-04 15:00:00,14.0,66.6,23,1006,DS,NOAA IBTrACS v04r01
2015309N14067,2015,MEGH,2015-11-04 18:00:00,14.0,66.4,25,1004,TS,NOAA IBTrACS v04r01
2015309N14067,2015,MEGH,2015-11-04 21:00:00,14.1,66.1,28,1002,TS,NOAA IBTrACS v04r01
2015309N14067,2015,MEGH,2015-11-05 00:00:00,14.1,65.8,25,1006,TS,NOAA IBTrACS v04r01
2015309N14067,2015,MEGH,2015-11-05 03:00:00,14.1,65.4,25,1004,TS,NOAA IBTrACS v04r01
2015309N14067,2015,MEGH,2015-11-05 06:00:00,14.0,64.8,30,1002,TS,NOAA IBTrACS v04r01
2015309N14067,2015,MEGH,2015-11-05 09:00:00,14.0,64.3,35,996,TS,NOAA IBTrACS v04r01
2015309N14067,2015,MEGH,2015-11-05 12:00:00,14.0,64.0,35,998,TS,NOAA IBTrACS v04r01
2015309N14067,2015,MEGH,2015-11-05 15:00:00,13.9,63.6,40,996,TS,NOAA IBTrACS v04r01
2015309N14067,2015,MEGH,2015-11-05 18:00:00,13.8,63.3,45,994,TS,NOAA IBTrACS v04r01
2015309N14067,2015,MEGH,2015-11-05 21:00:00,13.7,62.9,45,994,TS,NOAA IBTrACS v04r01
2015309N14067,2015,MEGH,2015-11-06 00:00:00,13.6,62.5,45,994,TS,NOAA IBTrACS v04r01
2015309N14067,2015,MEGH,2015-11-06 03:00:00,13.4,62.2,45,994,TS,NOAA IBTrACS v04r01
2015309N14067,2015,MEGH,2015-11-06 06:00:00,13.3,61.9,45,994,TS,NOAA IBTrACS v04r01
2015309N14067,2015,MEGH,2015-11-06 09:00:00,13.1,61.6,45,994,TS,NOAA IBTrACS v04r01
2015309N14067,2015,MEGH,2015-11-06 12:00:00,13.1,61.2,45,994,TS,NOAA IBTrACS v04r01
2015309N14067,2015,MEGH,2015-11-06 15:00:00,12.9,60.9,45,994,TS,NOAA IBTrACS v04r01
2015309N14067,2015,MEGH,2015-11-06 18:00:00,12.9,60.7,45,994,TS,NOAA IBTrACS v04r01
2015309N14067,2015,MEGH,2015-11-06 21:00:00,12.8,60.4,45,994,TS,NOAA IBTrACS v04r01
2015309N14067,2015,MEGH,2015-11-07 00:00:00,12.8,60.1,45,994,TS,NOAA IBTrACS v04r01
2015309N14067,2015,MEGH,2015-11-07 03:00:00,12.8,59.6,45,994,TS,NOAA IBTrACS v04r01
2015309N14067,2015,MEGH,2015-11-07 06:00:00,12.7,59.3,50,992,TS,NOAA IBTrACS v04r01
2015309N14067,2015,MEGH,2015-11-07 09:00:00,12.7,58.8,55,990,TS,NOAA IBTrACS v04r01
2015309N14067,2015,MEGH,2015-11-07 12:00:00,12.8,58.4,60,988,TS,NOAA IBTrACS v04r01
2015309N14067,2015,MEGH,2015-11-07 15:00:00,12.7,57.9,65,984,TS,NOAA IBTrACS v04r01
2015309N14067,2015,MEGH,2015-11-07 18:00:00,12.8,57.3,70,980,TS,NOAA IBTrACS v04r01
2015309N14067,2015,MEGH,2015-11-07 21:00:00,12.7,56.7,80,976,TS,NOAA IBTrACS v04r01
2015309N14067,2015,MEGH,2015-11-08 00:00:00,12.7,56.1,85,974,TS,NOAA IBTrACS v04r01
2015309N14067,2015,MEGH,2015-11-08 03:00:00,12.7,55.5,90,968,TS,NOAA IBTrACS v04r01
2015309N14067,2015,MEGH,2015-11-08 06:00:00,12.7,54.9,95,964,TS,NOAA IBTrACS v04r01
2015309N14067,2015,MEGH,2015-11-08 09:00:00,12.7,54.2,95,964,TS,NOAA IBTrACS v04r01
2015309N14067,2015,MEGH,2015-11-08 12:00:00,12.7,53.5,90,970,TS,NOAA IBTrACS v04r01
2015309N14067,2015,MEGH,2015-11-08 15:00:00,12.6,52.8,90,970,TS,NOAA IBTrACS v04r01
2015309N14067,2015,MEGH,2015-11-08 18:00:00,12.5,52.3,90,970,TS,NOAA IBTrACS v04r01
2015309N14067,2015,MEGH,2015-11-08 21:00:00,12.4,51.6,90,970,TS,NOAA IBTrACS v04r01
2015309N14067,2015,MEGH,2015-11-09 00:00:00,12.3,50.9,85,974,TS,NOAA IBTrACS v04r01
2015309N14067,2015,MEGH,2015-11-09 03:00:00,12.2,50.2,80,976,TS,NOAA IBTrACS v04r01
2015309N14067,2015,MEGH,2015-11-09 06:00:00,12.3,49.6,80,978,TS,NOAA IBTrACS v04r01
2015309N14067,2015,MEGH,2015-11-09 09:00:00,12.3,48.9,75,980,TS,NOAA IBTrACS v04r01
2015309N14067,2015,MEGH,2015-11-09 12:00:00,12.5,48.3,70,982,TS,NOAA IBTrACS v04r01
2015309N14067,2015,MEGH,2015-11-09 15:00:00,12.5,48.0,65,986,TS,NOAA IBTrACS v04r01
2015309N14067,2015,MEGH,2015-11-09 18:00:00,12.6,47.6,65,988,TS,NOAA IBTrACS v04r01
2015309N14067,2015,MEGH,2015-11-09 21:00:00,12.7,47.3,60,990,TS,NOAA IBTrACS v04r01
2015309N14067,2015,MEGH,2015-11-10 00:00:00,12.9,47.0,50,996,TS,NOAA IBTrACS v04r01
2015309N14067,2015,MEGH,2015-11-10 03:00:00,13.0,46.8,40,998,TS,NOAA IBTrACS v04r01
2015309N14067,2015,MEGH,2015-11-10 06:00:00,13.3,46.6,30,1003,TS,NOAA IBTrACS v04r01
2015309N14067,2015,MEGH,2015-11-10 09:00:00,13.5,46.6,23,1006,TS,NOAA IBTrACS v04r01
2015309N14067,2015,MEGH,2015-11-10 12:00:00,13.7,46.6,25,1005,MX,NOAA IBTrACS v04r01
2015312N11084,2015,UNNAMED,2015-11-08 03:00:00,10.7,83.7,25,1003,TS,NOAA IBTrACS v04r01
2015312N11084,2015,UNNAMED,2015-11-08 06:00:00,10.8,83.2,25,1003,TS,NOAA IBTrACS v04r01
2015312N11084,2015,UNNAMED,2015-11-08 09:00:00,10.9,82.8,,,TS,NOAA IBTrACS v04r01
2015312N11084,2015,UNNAMED,2015-11-08 12:00:00,11.0,82.5,25,1002,TS,NOAA IBTrACS v04r01
2015312N11084,2015,UNNAMED,2015-11-08 15:00:00,11.1,82.0,,,TS,NOAA IBTrACS v04r01
2015312N11084,2015,UNNAMED,2015-11-08 18:00:00,11.2,81.4,30,1000,TS,NOAA IBTrACS v04r01
2015312N11084,2015,UNNAMED,2015-11-08 21:00:00,11.3,81.0,,,TS,NOAA IBTrACS v04r01
2015312N11084,2015,UNNAMED,2015-11-09 00:00:00,11.4,80.7,30,999,TS,NOAA IBTrACS v04r01
2015312N11084,2015,UNNAMED,2015-11-09 03:00:00,11.6,80.3,30,998,TS,NOAA IBTrACS v04r01
2015312N11084,2015,UNNAMED,2015-11-09 06:00:00,11.7,80.1,30,996,TS,NOAA IBTrACS v04r01
2015312N11084,2015,UNNAMED,2015-11-09 09:00:00,11.9,80.0,,,TS,NOAA IBTrACS v04r01
2015312N11084,2015,UNNAMED,2015-11-09 12:00:00,12.1,80.0,30,996,TS,NOAA IBTrACS v04r01
2015312N11084,2015,UNNAMED,2015-11-09 15:00:00,12.3,80.0,,,TS,NOAA IBTrACS v04r01
2015312N11084,2015,UNNAMED,2015-11-09 18:00:00,12.4,79.9,30,998,TS,NOAA IBTrACS v04r01
2015312N11084,2015,UNNAMED,2015-11-09 21:00:00,12.4,79.8,,,TS,NOAA IBTrACS v04r01
2015312N11084,2015,UNNAMED,2015-11-10 00:00:00,12.4,79.6,30,1000,TS,NOAA IBTrACS v04r01
2015312N11084,2015,UNNAMED,2015-11-10 03:00:00,12.4,79.3,20,1002,TS,NOAA IBTrACS v04r01
2016138N10081,2016,ROANU,2016-05-17 00:00:00,10.0,80.8,25,1001,DS,NOAA IBTrACS v04r01
2016138N10081,2016,ROANU,2016-05-17 03:00:00,10.5,81.0,25,1000,MX,NOAA IBTrACS v04r01
2016138N10081,2016,ROANU,2016-05-17 06:00:00,10.8,81.1,25,999,MX,NOAA IBTrACS v04r01
2016138N10081,2016,ROANU,2016-05-17 09:00:00,11.2,81.1,28,1000,MX,NOAA IBTrACS v04r01
2016138N10081,2016,ROANU,2016-05-17 12:00:00,11.7,81.1,25,998,MX,NOAA IBTrACS v04r01
2016138N10081,2016,ROANU,2016-05-17 15:00:00,12.1,81.1,33,998,MX,NOAA IBTrACS v04r01
2016138N10081,2016,ROANU,2016-05-17 18:00:00,12.5,81.1,25,998,TS,NOAA IBTrACS v04r01
2016138N10081,2016,ROANU,2016-05-17 21:00:00,12.8,81.2,38,995,TS,NOAA IBTrACS v04r01
2016138N10081,2016,ROANU,2016-05-18 00:00:00,13.1,81.2,25,998,TS,NOAA IBTrACS v04r01
2016138N10081,2016,ROANU,2016-05-18 03:00:00,13.4,81.3,30,997,TS,NOAA IBTrACS v04r01
2016138N10081,2016,ROANU,2016-05-18 06:00:00,13.9,81.3,30,996,TS,NOAA IBTrACS v04r01
2016138N10081,2016,ROANU,2016-05-18 09:00:00,14.2,81.3,45,989,TS,NOAA IBTrACS v04r01
2016138N10081,2016,ROANU,2016-05-18 12:00:00,14.4,81.3,30,996,TS,NOAA IBTrACS v04r01
2016138N10081,2016,ROANU,2016-05-18 15:00:00,14.5,81.3,45,989,TS,NOAA IBTrACS v04r01
2016138N10081,2016,ROANU,2016-05-18 18:00:00,14.7,81.3,30,994,TS,NOAA IBTrACS v04r01
2016138N10081,2016,ROANU,2016-05-18 21:00:00,14.9,81.4,45,989,TS,NOAA IBTrACS v04r01
2016138N10081,2016,ROANU,2016-05-19 00:00:00,15.1,81.6,35,990,TS,NOAA IBTrACS v04r01
2016138N10081,2016,ROANU,2016-05-19 03:00:00,15.4,81.8,35,990,TS,NOAA IBTrACS v04r01
2016138N10081,2016,ROANU,2016-05-19 06:00:00,15.4,82.0,40,988,TS,NOAA IBTrACS v04r01
2016138N10081,2016,ROANU,2016-05-19 09:00:00,15.5,82.2,50,985,TS,NOAA IBTrACS v04r01
2016138N10081,2016,ROANU,2016-05-19 12:00:00,15.8,82.5,40,988,TS,NOAA IBTrACS v04r01
2016138N10081,2016,ROANU,2016-05-19 15:00:00,16.1,82.8,40,988,TS,NOAA IBTrACS v04r01
2016138N10081,2016,ROANU,2016-05-19 18:00:00,16.5,83.1,40,988,TS,NOAA IBTrACS v04r01
2016138N10081,2016,ROANU,2016-05-19 21:00:00,16.9,83.5,40,988,TS,NOAA IBTrACS v04r01
2016138N10081,2016,ROANU,2016-05-20 00:00:00,17.4,84.0,40,988,TS,NOAA IBTrACS v04r01
2016138N10081,2016,ROANU,2016-05-20 03:00:00,18.1,84.7,40,988,TS,NOAA IBTrACS v04r01
2016138N10081,2016,ROANU,2016-05-20 06:00:00,18.6,85.1,40,988,TS,NOAA IBTrACS v04r01
2016138N10081,2016,ROANU,2016-05-20 09:00:00,18.9,85.6,40,988,TS,NOAA IBTrACS v04r01
2016138N10081,2016,ROANU,2016-05-20 12:00:00,19.4,86.7,40,988,TS,NOAA IBTrACS v04r01
2016138N10081,2016,ROANU,2016-05-20 15:00:00,19.8,87.3,40,986,TS,NOAA IBTrACS v04r01
2016138N10081,2016,ROANU,2016-05-20 18:00:00,20.2,88.0,45,984,TS,NOAA IBTrACS v04r01
2016138N10081,2016,ROANU,2016-05-20 21:00:00,20.5,88.7,45,983,TS,NOAA IBTrACS v04r01
2016138N10081,2016,ROANU,2016-05-21 00:00:00,20.9,89.4,45,983,TS,NOAA IBTrACS v04r01
2016138N10081,2016,ROANU,2016-05-21 03:00:00,21.4,90.4,45,983,TS,NOAA IBTrACS v04r01
2016138N10081,2016,ROANU,2016-05-21 06:00:00,21.9,91.0,45,983,TS,NOAA IBTrACS v04r01
2016138N10081,2016,ROANU,2016-05-21 09:00:00,22.6,91.5,45,983,TS,NOAA IBTrACS v04r01
2016138N10081,2016,ROANU,2016-05-21 12:00:00,23.0,92.0,35,990,TS,NOAA IBTrACS v04r01
2016138N10081,2016,ROANU,2016-05-21 15:00:00,23.5,93.0,30,992,TS,NOAA IBTrACS v04r01
2016138N10081,2016,ROANU,2016-05-21 18:00:00,24.0,94.0,30,994,TS,NOAA IBTrACS v04r01
2016138N10081,2016,ROANU,2016-05-21 21:00:00,24.3,94.5,,,TS,NOAA IBTrACS v04r01
2016138N10081,2016,ROANU,2016-05-22 00:00:00,24.5,94.7,20,996,TS,NOAA IBTrACS v04r01
2016178N22068,2016,UNNAMED,2016-06-26 06:00:00,21.7,67.8,25,1004,TS,NOAA IBTrACS v04r01
2016178N22068,2016,UNNAMED,2016-06-26 09:00:00,21.8,67.4,25,1004,TS,NOAA IBTrACS v04r01
2016178N22068,2016,UNNAMED,2016-06-26 12:00:00,21.8,67.1,25,1004,TS,NOAA IBTrACS v04r01
2016178N22068,2016,UNNAMED,2016-06-26 15:00:00,21.8,66.8,28,1001,TS,NOAA IBTrACS v04r01
2016178N22068,2016,UNNAMED,2016-06-26 18:00:00,21.9,66.5,30,997,TS,NOAA IBTrACS v04r01
2016178N22068,2016,UNNAMED,2016-06-26 21:00:00,22.0,66.1,33,997,TS,NOAA IBTrACS v04r01
2016178N22068,2016,UNNAMED,2016-06-27 00:00:00,22.0,65.6,35,996,TS,NOAA IBTrACS v04r01
2016178N22068,2016,UNNAMED,2016-06-27 03:00:00,22.0,65.1,38,995,TS,NOAA IBTrACS v04r01
2016178N22068,2016,UNNAMED,2016-06-27 06:00:00,21.9,64.7,40,993,TS,NOAA IBTrACS v04r01
2016178N22068,2016,UNNAMED,2016-06-27 09:00:00,21.7,64.4,25,996,TS,NOAA IBTrACS v04r01
2016178N22068,2016,UNNAMED,2016-06-27 12:00:00,21.6,64.1,25,996,TS,NOAA IBTrACS v04r01
2016178N22068,2016,UNNAMED,2016-06-27 15:00:00,21.5,64.0,35,997,TS,NOAA IBTrACS v04r01
2016178N22068,2016,UNNAMED,2016-06-27 18:00:00,21.5,64.0,25,996,TS,NOAA IBTrACS v04r01
2016178N22068,2016,UNNAMED,2016-06-27 21:00:00,21.5,64.1,28,1002,TS,NOAA IBTrACS v04r01
2016178N22068,2016,UNNAMED,2016-06-28 00:00:00,21.5,63.9,25,996,TS,NOAA IBTrACS v04r01
2016178N22068,2016,UNNAMED,2016-06-28 03:00:00,21.2,62.9,25,996,TS,NOAA IBTrACS v04r01
2016178N22068,2016,UNNAMED,2016-06-28 06:00:00,21.2,62.7,25,996,MX,NOAA IBTrACS v04r01
2016178N22068,2016,UNNAMED,2016-06-28 09:00:00,21.1,62.4,,,TS,NOAA IBTrACS v04r01
2016178N22068,2016,UNNAMED,2016-06-28 12:00:00,20.8,62.3,25,996,TS,NOAA IBTrACS v04r01
2016178N22068,2016,UNNAMED,2016-06-28 15:00:00,20.5,62.3,,,TS,NOAA IBTrACS v04r01
2016178N22068,2016,UNNAMED,2016-06-28 18:00:00,20.3,62.4,25,996,TS,NOAA IBTrACS v04r01
2016178N22068,2016,UNNAMED,2016-06-28 21:00:00,20.3,62.4,,,TS,NOAA IBTrACS v04r01
2016178N22068,2016,UNNAMED,2016-06-29 00:00:00,20.3,62.3,25,996,TS,NOAA IBTrACS v04r01
2016222N22089,2016,UNNAMED,2016-08-09 09:00:00,22.0,88.5,25,996,TS,NOAA IBTrACS v04r01
2016222N22089,2016,UNNAMED,2016-08-09 12:00:00,22.0,88.5,25,996,TS,NOAA IBTrACS v04r01
2016222N22089,2016,UNNAMED,2016-08-09 15:00:00,22.2,88.7,,,TS,NOAA IBTrACS v04r01
2016222N22089,2016,UNNAMED,2016-08-09 18:00:00,22.5,89.0,25,995,TS,NOAA IBTrACS v04r01
2016222N22089,2016,UNNAMED,2016-08-09 21:00:00,22.7,89.5,,,TS,NOAA IBTrACS v04r01
2016222N22089,2016,UNNAMED,2016-08-10 00:00:00,22.8,89.7,25,995,TS,NOAA IBTrACS v04r01
2016222N22089,2016,UNNAMED,2016-08-10 03:00:00,23.0,89.4,30,994,TS,NOAA IBTrACS v04r01
2016222N22089,2016,UNNAMED,2016-08-10 06:00:00,23.1,89.3,30,994,TS,NOAA IBTrACS v04r01
2016222N22089,2016,UNNAMED,2016-08-10 09:00:00,23.2,89.2,,,TS,NOAA IBTrACS v04r01
2016222N22089,2016,UNNAMED,2016-08-10 12:00:00,23.4,89.1,30,994,TS,NOAA IBTrACS v04r01
2016222N22089,2016,UNNAMED,2016-08-10 15:00:00,23.5,88.8,,,TS,NOAA IBTrACS v04r01
2016222N22089,2016,UNNAMED,2016-08-10 18:00:00,23.6,88.5,30,994,TS,NOAA IBTrACS v04r01
2016222N22089,2016,UNNAMED,2016-08-10 21:00:00,23.7,88.2,,,TS,NOAA IBTrACS v04r01
2016222N22089,2016,UNNAMED,2016-08-11 00:00:00,23.8,87.8,30,994,TS,NOAA IBTrACS v04r01
2016222N22089,2016,UNNAMED,2016-08-11 03:00:00,24.0,87.4,30,994,TS,NOAA IBTrACS v04r01
2016222N22089,2016,UNNAMED,2016-08-11 06:00:00,24.0,87.0,25,996,TS,NOAA IBTrACS v04r01
2016222N22089,2016,UNNAMED,2016-08-11 09:00:00,24.0,86.7,,,TS,NOAA IBTrACS v04r01
2016222N22089,2016,UNNAMED,2016-08-11 12:00:00,24.0,86.5,25,996,TS,NOAA IBTrACS v04r01
2016222N22089,2016,UNNAMED,2016-08-11 15:00:00,24.0,86.1,,,TS,NOAA IBTrACS v04r01
2016222N22089,2016,UNNAMED,2016-08-11 18:00:00,24.0,85.7,25,996,TS,NOAA IBTrACS v04r01
2016222N22089,2016,UNNAMED,2016-08-11 21:00:00,24.0,85.4,,,TS,NOAA IBTrACS v04r01
2016222N22089,2016,UNNAMED,2016-08-12 00:00:00,24.0,85.0,25,996,TS,NOAA IBTrACS v04r01
2016222N22089,2016,UNNAMED,2016-08-12 03:00:00,24.0,84.5,25,996,TS,NOAA IBTrACS v04r01
2016222N22089,2016,UNNAMED,2016-08-12 06:00:00,24.0,84.5,25,996,TS,NOAA IBTrACS v04r01
2016222N22089,2016,UNNAMED,2016-08-12 09:00:00,24.1,84.5,,,TS,NOAA IBTrACS v04r01
2016222N22089,2016,UNNAMED,2016-08-12 12:00:00,24.2,84.5,25,996,TS,NOAA IBTrACS v04r01
2016222N22089,2016,UNNAMED,2016-08-12 15:00:00,24.3,84.3,,,TS,NOAA IBTrACS v04r01
2016222N22089,2016,UNNAMED,2016-08-12 18:00:00,24.4,84.0,20,996,TS,NOAA IBTrACS v04r01
2016230N21089,2016,UNNAMED,2016-08-16 12:00:00,21.0,89.0,20,996,TS,NOAA IBTrACS v04r01
2016230N21089,2016,UNNAMED,2016-08-16 15:00:00,21.1,88.9,,,TS,NOAA IBTrACS v04r01
2016230N21089,2016,UNNAMED,2016-08-16 18:00:00,21.2,88.7,20,996,TS,NOAA IBTrACS v04r01
2016230N21089,2016,UNNAMED,2016-08-16 21:00:00,21.3,88.5,,,TS,NOAA IBTrACS v04r01
2016230N21089,2016,UNNAMED,2016-08-17 00:00:00,21.4,88.4,20,996,TS,NOAA IBTrACS v04r01
2016230N21089,2016,UNNAMED,2016-08-17 03:00:00,21.5,88.5,20,996,TS,NOAA IBTrACS v04r01
2016230N21089,2016,UNNAMED,2016-08-17 06:00:00,21.5,88.5,20,996,TS,NOAA IBTrACS v04r01
2016230N21089,2016,UNNAMED,2016-08-17 09:00:00,21.7,88.4,,,TS,NOAA IBTrACS v04r01
2016230N21089,2016,UNNAMED,2016-08-17 12:00:00,22.0,88.2,25,994,TS,NOAA IBTrACS v04r01
2016230N21089,2016,UNNAMED,2016-08-17 15:00:00,22.4,87.6,,,TS,NOAA IBTrACS v04r01
2016230N21089,2016,UNNAMED,2016-08-17 18:00:00,22.9,86.9,25,994,TS,NOAA IBTrACS v04r01
2016230N21089,2016,UNNAMED,2016-08-17 21:00:00,23.3,86.3,,,TS,NOAA IBTrACS v04r01
2016230N21089,2016,UNNAMED,2016-08-18 00:00:00,23.7,85.7,25,994,TS,NOAA IBTrACS v04r01
2016230N21089,2016,UNNAMED,2016-08-18 03:00:00,24.0,85.0,25,994,TS,NOAA IBTrACS v04r01
2016230N21089,2016,UNNAMED,2016-08-18 06:00:00,24.0,84.4,25,994,TS,NOAA IBTrACS v04r01
2016230N21089,2016,UNNAMED,2016-08-18 09:00:00,24.0,83.9,,,TS,NOAA IBTrACS v04r01
2016230N21089,2016,UNNAMED,2016-08-18 12:00:00,24.1,83.4,25,994,TS,NOAA IBTrACS v04r01
2016230N21089,2016,UNNAMED,2016-08-18 15:00:00,24.2,83.0,,,TS,NOAA IBTrACS v04r01
2016230N21089,2016,UNNAMED,2016-08-18 18:00:00,24.4,82.7,25,994,TS,NOAA IBTrACS v04r01
2016230N21089,2016,UNNAMED,2016-08-18 21:00:00,24.5,82.3,,,TS,NOAA IBTrACS v04r01
2016230N21089,2016,UNNAMED,2016-08-19 00:00:00,24.7,82.1,25,994,TS,NOAA IBTrACS v04r01
2016230N21089,2016,UNNAMED,2016-08-19 03:00:00,25.0,82.3,25,994,TS,NOAA IBTrACS v04r01
2016230N21089,2016,UNNAMED,2016-08-19 06:00:00,24.8,80.6,25,994,TS,NOAA IBTrACS v04r01
2016230N21089,2016,UNNAMED,2016-08-19 09:00:00,24.7,79.5,,,TS,NOAA IBTrACS v04r01
2016230N21089,2016,UNNAMED,2016-08-19 12:00:00,24.7,79.0,25,994,TS,NOAA IBTrACS v04r01
2016230N21089,2016,UNNAMED,2016-08-19 15:00:00,24.7,78.6,,,TS,NOAA IBTrACS v04r01
2016230N21089,2016,UNNAMED,2016-08-19 18:00:00,24.7,78.4,25,994,TS,NOAA IBTrACS v04r01
2016230N21089,2016,UNNAMED,2016-08-19 21:00:00,24.7,78.1,,,TS,NOAA IBTrACS v04r01
2016230N21089,2016,UNNAMED,2016-08-20 00:00:00,24.7,77.8,25,994,TS,NOAA IBTrACS v04r01
2016230N21089,2016,UNNAMED,2016-08-20 03:00:00,24.8,77.5,25,994,TS,NOAA IBTrACS v04r01
2016230N21089,2016,UNNAMED,2016-08-20 06:00:00,24.8,77.3,25,994,TS,NOAA IBTrACS v04r01
2016230N21089,2016,UNNAMED,2016-08-20 09:00:00,24.8,77.3,,,TS,NOAA IBTrACS v04r01
2016230N21089,2016,UNNAMED,2016-08-20 12:00:00,24.8,77.2,20,994,TS,NOAA IBTrACS v04r01
2016230N21089,2016,UNNAMED,2016-08-20 15:00:00,24.9,76.9,,,TS,NOAA IBTrACS v04r01
2016230N21089,2016,UNNAMED,2016-08-20 18:00:00,25.0,76.5,15,996,TS,NOAA IBTrACS v04r01
2016295N13089,2016,KYANT,2016-10-21 00:00:00,13.5,88.5,25,1003,TS,NOAA IBTrACS v04r01
2016295N13089,2016,KYANT,2016-10-21 03:00:00,13.6,88.8,25,1003,TS,NOAA IBTrACS v04r01
2016295N13089,2016,KYANT,2016-10-21 06:00:00,13.7,89.3,25,1003,TS,NOAA IBTrACS v04r01
2016295N13089,2016,KYANT,2016-10-21 09:00:00,13.8,89.6,,,TS,NOAA IBTrACS v04r01
2016295N13089,2016,KYANT,2016-10-21 12:00:00,13.9,89.8,25,1003,TS,NOAA IBTrACS v04r01
2016295N13089,2016,KYANT,2016-10-21 15:00:00,13.9,89.9,,,TS,NOAA IBTrACS v04r01
2016295N13089,2016,KYANT,2016-10-21 18:00:00,13.9,89.9,25,1003,TS,NOAA IBTrACS v04r01
2016295N13089,2016,KYANT,2016-10-21 21:00:00,13.9,89.9,,,TS,NOAA IBTrACS v04r01
2016295N13089,2016,KYANT,2016-10-22 00:00:00,13.9,90.1,25,1002,TS,NOAA IBTrACS v04r01
2016295N13089,2016,KYANT,2016-10-22 03:00:00,14.1,90.7,25,1002,TS,NOAA IBTrACS v04r01
2016295N13089,2016,KYANT,2016-10-22 06:00:00,14.5,91.4,25,1002,TS,NOAA IBTrACS v04r01
2016295N13089,2016,KYANT,2016-10-22 09:00:00,14.8,91.8,25,1005,TS,NOAA IBTrACS v04r01
2016295N13089,2016,KYANT,2016-10-22 12:00:00,14.9,92.1,25,1002,TS,NOAA IBTrACS v04r01
2016295N13089,2016,KYANT,2016-10-22 15:00:00,15.1,92.3,25,1005,TS,NOAA IBTrACS v04r01
2016295N13089,2016,KYANT,2016-10-22 18:00:00,15.3,92.5,25,1002,TS,NOAA IBTrACS v04r01
2016295N13089,2016,KYANT,2016-10-22 21:00:00,15.4,92.6,25,1004,TS,NOAA IBTrACS v04r01
2016295N13089,2016,KYANT,2016-10-23 00:00:00,15.5,92.8,25,1002,TS,NOAA IBTrACS v04r01
2016295N13089,2016,KYANT,2016-10-23 03:00:00,15.6,92.8,30,1000,TS,NOAA IBTrACS v04r01
2016295N13089,2016,KYANT,2016-10-23 06:00:00,15.6,92.8,30,1000,TS,NOAA IBTrACS v04r01
2016295N13089,2016,KYANT,2016-10-23 09:00:00,15.7,92.9,30,1001,TS,NOAA IBTrACS v04r01
2016295N13089,2016,KYANT,2016-10-23 12:00:00,15.8,93.0,30,1000,TS,NOAA IBTrACS v04r01
2016295N13089,2016,KYANT,2016-10-23 15:00:00,15.9,93.0,30,1001,TS,NOAA IBTrACS v04r01
2016295N13089,2016,KYANT,2016-10-23 18:00:00,16.0,93.1,30,1000,TS,NOAA IBTrACS v04r01
2016295N13089,2016,KYANT,2016-10-23 21:00:00,16.1,93.1,30,1000,TS,NOAA IBTrACS v04r01
2016295N13089,2016,KYANT,2016-10-24 00:00:00,16.3,93.1,30,1000,TS,NOAA IBTrACS v04r01
2016295N13089,2016,KYANT,2016-10-24 03:00:00,16.3,93.1,30,1000,TS,NOAA IBTrACS v04r01
2016295N13089,2016,KYANT,2016-10-24 06:00:00,16.5,93.1,30,1000,TS,NOAA IBTrACS v04r01
2016295N13089,2016,KYANT,2016-10-24 09:00:00,16.7,92.8,30,1000,TS,NOAA IBTrACS v04r01
2016295N13089,2016,KYANT,2016-10-24 12:00:00,16.7,92.5,30,1000,TS,NOAA IBTrACS v04r01
2016295N13089,2016,KYANT,2016-10-24 15:00:00,16.7,92.3,30,1000,TS,NOAA IBTrACS v04r01
2016295N13089,2016,KYANT,2016-10-24 18:00:00,16.7,92.2,30,1000,TS,NOAA IBTrACS v04r01
2016295N13089,2016,KYANT,2016-10-24 21:00:00,16.7,92.0,33,998,TS,NOAA IBTrACS v04r01
2016295N13089,2016,KYANT,2016-10-25 00:00:00,16.8,91.7,30,1000,TS,NOAA IBTrACS v04r01
2016295N13089,2016,KYANT,2016-10-25 03:00:00,16.8,91.4,35,998,TS,NOAA IBTrACS v04r01
2016295N13089,2016,KYANT,2016-10-25 06:00:00,16.8,91.1,35,998,TS,NOAA IBTrACS v04r01
2016295N13089,2016,KYANT,2016-10-25 09:00:00,16.7,90.8,35,998,TS,NOAA IBTrACS v04r01
2016295N13089,2016,KYANT,2016-10-25 12:00:00,16.8,90.6,35,998,TS,NOAA IBTrACS v04r01
2016295N13089,2016,KYANT,2016-10-25 15:00:00,16.6,90.2,35,998,TS,NOAA IBTrACS v04r01
2016295N13089,2016,KYANT,2016-10-25 18:00:00,16.6,89.8,35,998,TS,NOAA IBTrACS v04r01
2016295N13089,2016,KYANT,2016-10-25 21:00:00,16.4,89.5,35,997,TS,NOAA IBTrACS v04r01
2016295N13089,2016,KYANT,2016-10-26 00:00:00,16.4,89.0,40,996,TS,NOAA IBTrACS v04r01
2016295N13089,2016,KYANT,2016-10-26 03:00:00,16.3,88.5,40,996,TS,NOAA IBTrACS v04r01
2016295N13089,2016,KYANT,2016-10-26 06:00:00,16.3,87.9,40,996,TS,NOAA IBTrACS v04r01
2016295N13089,2016,KYANT,2016-10-26 09:00:00,16.2,87.4,40,996,TS,NOAA IBTrACS v04r01
2016295N13089,2016,KYANT,2016-10-26 12:00:00,16.2,87.0,40,996,TS,NOAA IBTrACS v04r01
2016295N13089,2016,KYANT,2016-10-26 15:00:00,16.1,86.6,40,997,TS,NOAA IBTrACS v04r01
2016295N13089,2016,KYANT,2016-10-26 18:00:00,16.0,86.3,35,998,TS,NOAA IBTrACS v04r01
2016295N13089,2016,KYANT,2016-10-26 21:00:00,15.9,85.8,30,1000,TS,NOAA IBTrACS v04r01
2016295N13089,2016,KYANT,2016-10-27 00:00:00,15.8,85.4,30,1002,TS,NOAA IBTrACS v04r01
2016295N13089,2016,KYANT,2016-10-27 03:00:00,15.7,84.8,30,1002,TS,NOAA IBTrACS v04r01
2016295N13089,2016,KYANT,2016-10-27 06:00:00,15.7,84.4,30,1003,TS,NOAA IBTrACS v04r01
2016295N13089,2016,KYANT,2016-10-27 09:00:00,15.6,83.9,25,1005,TS,NOAA IBTrACS v04r01
2016295N13089,2016,KYANT,2016-10-27 12:00:00,15.6,83.6,30,1004,TS,NOAA IBTrACS v04r01
2016295N13089,2016,KYANT,2016-10-27 15:00:00,15.4,83.3,25,1006,TS,NOAA IBTrACS v04r01
2016295N13089,2016,KYANT,2016-10-27 18:00:00,15.3,83.0,25,1004,TS,NOAA IBTrACS v04r01
2016295N13089,2016,KYANT,2016-10-27 21:00:00,15.2,82.8,25,1006,TS,NOAA IBTrACS v04r01
2016295N13089,2016,KYANT,2016-10-28 00:00:00,15.1,82.6,25,1005,TS,NOAA IBTrACS v04r01
2016295N13089,2016,KYANT,2016-10-28 03:00:00,15.0,82.4,25,1005,TS,NOAA IBTrACS v04r01
2016295N13089,2016,KYANT,2016-10-28 06:00:00,14.9,82.1,25,1004,TS,NOAA IBTrACS v04r01
2016295N13089,2016,KYANT,2016-10-28 09:00:00,14.8,81.9,25,1004,TS,NOAA IBTrACS v04r01
2016295N13089,2016,KYANT,2016-10-28 12:00:00,14.6,81.7,25,1004,TS,NOAA IBTrACS v04r01
2016295N13089,2016,KYANT,2016-10-28 15:00:00,14.4,81.5,23,1006,TS,NOAA IBTrACS v04r01
2016295N13089,2016,KYANT,2016-10-28 18:00:00,14.3,81.3,20,1007,DS,NOAA IBTrACS v04r01
2016295N13089,2016,KYANT,2016-10-28 21:00:00,14.2,81.2,20,1007,DS,NOAA IBTrACS v04r01
2016295N13089,2016,KYANT,2016-10-29 00:00:00,14.2,81.2,20,1007,DS,NOAA IBTrACS v04r01
2016295N13089,2016,KYANT,2016-10-29 03:00:00,14.1,81.1,20,1007,DS,NOAA IBTrACS v04r01
2016295N13089,2016,KYANT,2016-10-29 06:00:00,14.0,81.0,20,1007,DS,NOAA IBTrACS v04r01
2016308N13088,2016,UNNAMED,2016-11-02 18:00:00,12.7,88.0,25,1004,TS,NOAA IBTrACS v04r01
2016308N13088,2016,UNNAMED,2016-11-02 21:00:00,12.8,87.5,,,TS,NOAA IBTrACS v04r01
2016308N13088,2016,UNNAMED,2016-11-03 00:00:00,13.0,87.0,25,1004,TS,NOAA IBTrACS v04r01
2016308N13088,2016,UNNAMED,2016-11-03 03:00:00,13.4,86.5,25,1004,TS,NOAA IBTrACS v04r01
2016308N13088,2016,UNNAMED,2016-11-03 06:00:00,13.7,86.0,25,1004,TS,NOAA IBTrACS v04r01
2016308N13088,2016,UNNAMED,2016-11-03 09:00:00,14.0,85.7,,,TS,NOAA IBTrACS v04r01
2016308N13088,2016,UNNAMED,2016-11-03 12:00:00,14.2,85.5,25,1004,TS,NOAA IBTrACS v04r01
2016308N13088,2016,UNNAMED,2016-11-03 15:00:00,14.4,85.2,,,TS,NOAA IBTrACS v04r01
2016308N13088,2016,UNNAMED,2016-11-03 18:00:00,14.6,85.0,25,1004,TS,NOAA IBTrACS v04r01
2016308N13088,2016,UNNAMED,2016-11-03 21:00:00,15.0,84.9,,,TS,NOAA IBTrACS v04r01
2016308N13088,2016,UNNAMED,2016-11-04 00:00:00,15.5,84.8,25,1002,TS,NOAA IBTrACS v04r01
2016308N13088,2016,UNNAMED,2016-11-04 03:00:00,16.0,84.7,25,1002,TS,NOAA IBTrACS v04r01
2016308N13088,2016,UNNAMED,2016-11-04 06:00:00,16.0,84.7,25,1000,TS,NOAA IBTrACS v04r01
2016308N13088,2016,UNNAMED,2016-11-04 09:00:00,16.1,84.7,,,TS,NOAA IBTrACS v04r01
2016308N13088,2016,UNNAMED,2016-11-04 12:00:00,16.3,84.7,25,1000,TS,NOAA IBTrACS v04r01
2016308N13088,2016,UNNAMED,2016-11-04 15:00:00,16.6,84.8,,,TS,NOAA IBTrACS v04r01
2016308N13088,2016,UNNAMED,2016-11-04 18:00:00,16.9,85.0,25,1000,TS,NOAA IBTrACS v04r01
2016308N13088,2016,UNNAMED,2016-11-04 21:00:00,17.2,85.4,,,TS,NOAA IBTrACS v04r01
2016308N13088,2016,UNNAMED,2016-11-05 00:00:00,17.7,86.0,25,1000,TS,NOAA IBTrACS v04r01
2016308N13088,2016,UNNAMED,2016-11-05 03:00:00,18.3,87.0,25,1000,TS,NOAA IBTrACS v04r01
2016308N13088,2016,UNNAMED,2016-11-05 06:00:00,18.5,87.0,25,1000,TS,NOAA IBTrACS v04r01
2016308N13088,2016,UNNAMED,2016-11-05 09:00:00,18.7,87.7,,,TS,NOAA IBTrACS v04r01
2016308N13088,2016,UNNAMED,2016-11-05 12:00:00,19.0,88.7,25,1000,TS,NOAA IBTrACS v04r01
2016308N13088,2016,UNNAMED,2016-11-05 15:00:00,19.2,89.1,,,TS,NOAA IBTrACS v04r01
2016308N13088,2016,UNNAMED,2016-11-05 18:00:00,19.5,89.5,25,1000,TS,NOAA IBTrACS v04r01
2016308N13088,2016,UNNAMED,2016-11-05 21:00:00,20.0,90.3,,,TS,NOAA IBTrACS v04r01
2016308N13088,2016,UNNAMED,2016-11-06 00:00:00,20.5,91.0,25,1000,TS,NOAA IBTrACS v04r01
2016308N13088,2016,UNNAMED,2016-11-06 03:00:00,21.0,91.5,25,1000,TS,NOAA IBTrACS v04r01
2016308N13088,2016,UNNAMED,2016-11-06 06:00:00,21.5,91.8,25,1002,TS,NOAA IBTrACS v04r01
2016308N13088,2016,UNNAMED,2016-11-06 09:00:00,21.6,91.9,25,1003,TS,NOAA IBTrACS v04r01
2016335N07088,2016,NADA,2016-11-29 12:00:00,6.8,87.7,25,1004,TS,NOAA IBTrACS v04r01
2016335N07088,2016,NADA,2016-11-29 15:00:00,7.2,87.3,33,998,TS,NOAA IBTrACS v04r01
2016335N07088,2016,NADA,2016-11-29 18:00:00,7.5,86.8,25,1003,TS,NOAA IBTrACS v04r01
2016335N07088,2016,NADA,2016-11-29 21:00:00,7.8,86.3,38,995,TS,NOAA IBTrACS v04r01
2016335N07088,2016,NADA,2016-11-30 00:00:00,8.2,85.9,30,1002,TS,NOAA IBTrACS v04r01
2016335N07088,2016,NADA,2016-11-30 03:00:00,8.6,85.3,35,1002,TS,NOAA IBTrACS v04r01
2016335N07088,2016,NADA,2016-11-30 06:00:00,9.0,84.9,35,1002,TS,NOAA IBTrACS v04r01
2016335N07088,2016,NADA,2016-11-30 09:00:00,9.6,84.3,35,1002,TS,NOAA IBTrACS v04r01
2016335N07088,2016,NADA,2016-11-30 12:00:00,9.8,83.9,40,1000,TS,NOAA IBTrACS v04r01
2016335N07088,2016,NADA,2016-11-30 15:00:00,10.0,83.4,40,1000,TS,NOAA IBTrACS v04r01
2016335N07088,2016,NADA,2016-11-30 18:00:00,10.3,83.0,40,1000,TS,NOAA IBTrACS v04r01
2016335N07088,2016,NADA,2016-11-30 21:00:00,10.3,82.2,40,1000,TS,NOAA IBTrACS v04r01
2016335N07088,2016,NADA,2016-12-01 00:00:00,10.4,82.0,35,1000,TS,NOAA IBTrACS v04r01
2016335N07088,2016,NADA,2016-12-01 03:00:00,10.4,81.7,30,1001,TS,NOAA IBTrACS v04r01
2016335N07088,2016,NADA,2016-12-01 06:00:00,10.5,81.3,30,1003,TS,NOAA IBTrACS v04r01
2016335N07088,2016,NADA,2016-12-01 09:00:00,10.6,80.9,38,995,TS,NOAA IBTrACS v04r01
2016335N07088,2016,NADA,2016-12-01 12:00:00,10.8,80.6,30,1004,TS,NOAA IBTrACS v04r01
2016335N07088,2016,NADA,2016-12-01 15:00:00,10.8,80.4,30,1000,TS,NOAA IBTrACS v04r01
2016335N07088,2016,NADA,2016-12-01 18:00:00,10.8,80.1,25,1006,TS,NOAA IBTrACS v04r01
2016335N07088,2016,NADA,2016-12-01 21:00:00,10.8,79.9,23,1006,TS,NOAA IBTrACS v04r01
2016335N07088,2016,NADA,2016-12-02 00:00:00,10.9,79.6,25,1006,MX,NOAA IBTrACS v04r01
2016335N07088,2016,NADA,2016-12-02 03:00:00,11.0,79.3,20,1007,DS,NOAA IBTrACS v04r01
2016335N07088,2016,NADA,2016-12-02 06:00:00,11.0,78.9,20,1007,DS,NOAA IBTrACS v04r01
2016341N08092,2016,VARDAH,2016-12-06 06:00:00,7.8,91.7,30,1000,TS,NOAA IBTrACS v04r01
2016341N08092,2016,VARDAH,2016-12-06 09:00:00,8.2,91.3,25,1002,TS,NOAA IBTrACS v04r01
2016341N08092,2016,VARDAH,2016-12-06 12:00:00,8.4,91.0,25,1002,TS,NOAA IBTrACS v04r01
2016341N08092,2016,VARDAH,2016-12-06 15:00:00,8.7,91.0,30,1002,TS,NOAA IBTrACS v04r01
2016341N08092,2016,VARDAH,2016-12-06 18:00:00,9.1,91.0,25,1002,MX,NOAA IBTrACS v04r01
2016341N08092,2016,VARDAH,2016-12-06 21:00:00,9.4,91.0,30,1004,MX,NOAA IBTrACS v04r01
2016341N08092,2016,VARDAH,2016-12-07 00:00:00,9.6,91.0,25,1002,MX,NOAA IBTrACS v04r01
2016341N08092,2016,VARDAH,2016-12-07 03:00:00,9.8,91.1,25,1002,MX,NOAA IBTrACS v04r01
2016341N08092,2016,VARDAH,2016-12-07 06:00:00,9.9,91.2,25,1002,MX,NOAA IBTrACS v04r01
2016341N08092,2016,VARDAH,2016-12-07 09:00:00,10.1,91.2,30,1001,MX,NOAA IBTrACS v04r01
2016341N08092,2016,VARDAH,2016-12-07 12:00:00,10.3,91.3,25,1002,TS,NOAA IBTrACS v04r01
2016341N08092,2016,VARDAH,2016-12-07 15:00:00,10.5,91.3,35,997,TS,NOAA IBTrACS v04r01
2016341N08092,2016,VARDAH,2016-12-07 18:00:00,10.8,91.3,30,1000,TS,NOAA IBTrACS v04r01
2016341N08092,2016,VARDAH,2016-12-07 21:00:00,11.0,91.3,43,995,TS,NOAA IBTrACS v04r01
2016341N08092,2016,VARDAH,2016-12-08 00:00:00,11.1,91.3,35,998,TS,NOAA IBTrACS v04r01
2016341N08092,2016,VARDAH,2016-12-08 03:00:00,11.3,91.3,35,998,TS,NOAA IBTrACS v04r01
2016341N08092,2016,VARDAH,2016-12-08 06:00:00,11.4,91.3,35,998,TS,NOAA IBTrACS v04r01
2016341N08092,2016,VARDAH,2016-12-08 09:00:00,11.4,91.2,35,998,TS,NOAA IBTrACS v04r01
2016341N08092,2016,VARDAH,2016-12-08 12:00:00,11.4,91.2,40,997,TS,NOAA IBTrACS v04r01
2016341N08092,2016,VARDAH,2016-12-08 15:00:00,11.5,91.1,40,997,TS,NOAA IBTrACS v04r01
2016341N08092,2016,VARDAH,2016-12-08 18:00:00,11.6,91.0,40,997,TS,NOAA IBTrACS v04r01
2016341N08092,2016,VARDAH,2016-12-08 21:00:00,11.7,90.9,40,997,TS,NOAA IBTrACS v04r01
2016341N08092,2016,VARDAH,2016-12-09 00:00:00,11.8,90.7,45,996,TS,NOAA IBTrACS v04r01
2016341N08092,2016,VARDAH,2016-12-09 03:00:00,11.9,90.6,45,996,TS,NOAA IBTrACS v04r01
2016341N08092,2016,VARDAH,2016-12-09 06:00:00,12.0,90.5,45,996,TS,NOAA IBTrACS v04r01
2016341N08092,2016,VARDAH,2016-12-09 09:00:00,12.1,90.3,45,996,TS,NOAA IBTrACS v04r01
2016341N08092,2016,VARDAH,2016-12-09 12:00:00,12.2,90.0,45,996,TS,NOAA IBTrACS v04r01
2016341N08092,2016,VARDAH,2016-12-09 15:00:00,12.2,89.7,45,994,TS,NOAA IBTrACS v04r01
2016341N08092,2016,VARDAH,2016-12-09 18:00:00,12.3,89.4,50,992,TS,NOAA IBTrACS v04r01
2016341N08092,2016,VARDAH,2016-12-09 21:00:00,12.5,88.8,55,990,TS,NOAA IBTrACS v04r01
2016341N08092,2016,VARDAH,2016-12-10 00:00:00,12.6,88.3,55,990,TS,NOAA IBTrACS v04r01
2016341N08092,2016,VARDAH,2016-12-10 03:00:00,12.7,87.8,55,990,TS,NOAA IBTrACS v04r01
2016341N08092,2016,VARDAH,2016-12-10 06:00:00,12.9,87.3,55,990,TS,NOAA IBTrACS v04r01
2016341N08092,2016,VARDAH,2016-12-10 09:00:00,13.0,86.7,60,988,TS,NOAA IBTrACS v04r01
2016341N08092,2016,VARDAH,2016-12-10 12:00:00,13.0,86.4,65,984,TS,NOAA IBTrACS v04r01
2016341N08092,2016,VARDAH,2016-12-10 15:00:00,13.1,85.9,65,984,TS,NOAA IBTrACS v04r01
2016341N08092,2016,VARDAH,2016-12-10 18:00:00,13.1,85.4,65,984,TS,NOAA IBTrACS v04r01
2016341N08092,2016,VARDAH,2016-12-10 21:00:00,13.0,85.1,65,982,TS,NOAA IBTrACS v04r01
2016341N08092,2016,VARDAH,2016-12-11 00:00:00,13.1,84.8,70,980,TS,NOAA IBTrACS v04r01
2016341N08092,2016,VARDAH,2016-12-11 03:00:00,13.0,84.4,70,980,TS,NOAA IBTrACS v04r01
2016341N08092,2016,VARDAH,2016-12-11 06:00:00,13.1,83.8,70,980,TS,NOAA IBTrACS v04r01
2016341N08092,2016,VARDAH,2016-12-11 09:00:00,13.1,83.4,70,980,TS,NOAA IBTrACS v04r01
2016341N08092,2016,VARDAH,2016-12-11 12:00:00,13.2,83.2,70,980,TS,NOAA IBTrACS v04r01
2016341N08092,2016,VARDAH,2016-12-11 15:00:00,13.2,82.7,70,980,TS,NOAA IBTrACS v04r01
2016341N08092,2016,VARDAH,2016-12-11 18:00:00,13.1,82.4,70,980,TS,NOAA IBTrACS v04r01
2016341N08092,2016,VARDAH,2016-12-11 21:00:00,13.2,82.0,70,978,TS,NOAA IBTrACS v04r01
2016341N08092,2016,VARDAH,2016-12-12 00:00:00,13.2,81.7,70,975,TS,NOAA IBTrACS v04r01
2016341N08092,2016,VARDAH,2016-12-12 03:00:00,13.2,81.3,70,975,TS,NOAA IBTrACS v04r01
2016341N08092,2016,VARDAH,2016-12-12 06:00:00,13.2,80.8,70,975,TS,NOAA IBTrACS v04r01
2016341N08092,2016,VARDAH,2016-12-12 09:00:00,13.2,80.3,60,975,TS,NOAA IBTrACS v04r01
2016341N08092,2016,VARDAH,2016-12-12 12:00:00,13.1,79.9,50,984,TS,NOAA IBTrACS v04r01
2016341N08092,2016,VARDAH,2016-12-12 15:00:00,13.1,79.4,40,994,TS,NOAA IBTrACS v04r01
2016341N08092,2016,VARDAH,2016-12-12 18:00:00,13.0,78.9,30,1002,TS,NOAA IBTrACS v04r01
2016341N08092,2016,VARDAH,2016-12-12 21:00:00,13.0,78.4,40,995,TS,NOAA IBTrACS v04r01
2016341N08092,2016,VARDAH,2016-12-13 00:00:00,13.0,77.8,20,1003,TS,NOAA IBTrACS v04r01
2016341N08092,2016,VARDAH,2016-12-13 03:00:00,13.0,77.4,28,1005,TS,NOAA IBTrACS v04r01
2016341N08092,2016,VARDAH,2016-12-13 06:00:00,13.0,77.0,25,1004,TS,NOAA IBTrACS v04r01
2016341N08092,2016,VARDAH,2016-12-13 09:00:00,13.0,76.5,25,1004,TS,NOAA IBTrACS v04r01
2016341N08092,2016,VARDAH,2016-12-13 12:00:00,13.1,76.0,25,1004,TS,NOAA IBTrACS v04r01
2016341N08092,2016,VARDAH,2016-12-13 15:00:00,13.2,75.6,23,1006,TS,NOAA IBTrACS v04r01
2016341N08092,2016,VARDAH,2016-12-13 18:00:00,13.2,75.1,20,1007,DS,NOAA IBTrACS v04r01
2016341N08092,2016,VARDAH,2016-12-13 21:00:00,13.2,74.5,20,1007,DS,NOAA IBTrACS v04r01
2016341N08092,2016,VARDAH,2016-12-14 00:00:00,13.2,74.0,20,1007,DS,NOAA IBTrACS v04r01
2016341N08092,2016,VARDAH,2016-12-14 03:00:00,13.2,73.6,20,1007,DS,NOAA IBTrACS v04r01
2016341N08092,2016,VARDAH,2016-12-14 06:00:00,13.1,73.2,20,1007,DS,NOAA IBTrACS v04r01
2016341N08092,2016,VARDAH,2016-12-14 09:00:00,13.0,72.9,23,1006,DS,NOAA IBTrACS v04r01
2016341N08092,2016,VARDAH,2016-12-14 12:00:00,12.9,72.6,25,1004,TS,NOAA IBTrACS v04r01
2016341N08092,2016,VARDAH,2016-12-14 15:00:00,12.8,72.2,25,1004,TS,NOAA IBTrACS v04r01
2016341N08092,2016,VARDAH,2016-12-14 18:00:00,12.6,71.8,25,1004,TS,NOAA IBTrACS v04r01
2016341N08092,2016,VARDAH,2016-12-14 21:00:00,12.4,71.4,25,1004,TS,NOAA IBTrACS v04r01
2016341N08092,2016,VARDAH,2016-12-15 00:00:00,12.2,71.0,25,1004,TS,NOAA IBTrACS v04r01
2016341N08092,2016,VARDAH,2016-12-15 03:00:00,12.0,70.6,25,1004,TS,NOAA IBTrACS v04r01
2016341N08092,2016,VARDAH,2016-12-15 06:00:00,11.8,70.2,25,1004,TS,NOAA IBTrACS v04r01
2016341N08092,2016,VARDAH,2016-12-15 09:00:00,11.6,69.9,25,1004,TS,NOAA IBTrACS v04r01
2016341N08092,2016,VARDAH,2016-12-15 12:00:00,11.4,69.5,25,1004,TS,NOAA IBTrACS v04r01
2016341N08092,2016,VARDAH,2016-12-15 15:00:00,11.2,69.0,25,1004,TS,NOAA IBTrACS v04r01
2016341N08092,2016,VARDAH,2016-12-15 18:00:00,11.1,68.5,25,1004,TS,NOAA IBTrACS v04r01
2016341N08092,2016,VARDAH,2016-12-15 21:00:00,11.1,68.0,28,1002,TS,NOAA IBTrACS v04r01
2016341N08092,2016,VARDAH,2016-12-16 00:00:00,11.2,67.5,30,1000,TS,NOAA IBTrACS v04r01
2016341N08092,2016,VARDAH,2016-12-16 03:00:00,11.2,66.9,30,1000,TS,NOAA IBTrACS v04r01
2016341N08092,2016,VARDAH,2016-12-16 06:00:00,11.2,66.4,30,1000,TS,NOAA IBTrACS v04r01
2016341N08092,2016,VARDAH,2016-12-16 09:00:00,11.2,65.9,30,1000,TS,NOAA IBTrACS v04r01
2016341N08092,2016,VARDAH,2016-12-16 12:00:00,11.2,65.4,30,1000,TS,NOAA IBTrACS v04r01
2016341N08092,2016,VARDAH,2016-12-16 15:00:00,11.2,64.9,30,1000,TS,NOAA IBTrACS v04r01
2016341N08092,2016,VARDAH,2016-12-16 18:00:00,11.1,64.2,30,1000,TS,NOAA IBTrACS v04r01
2016341N08092,2016,VARDAH,2016-12-16 21:00:00,11.0,63.1,25,998,TS,NOAA IBTrACS v04r01
2016341N08092,2016,VARDAH,2016-12-17 00:00:00,11.1,62.1,25,998,TS,NOAA IBTrACS v04r01
2016341N08092,2016,VARDAH,2016-12-17 03:00:00,11.2,61.4,30,1000,TS,NOAA IBTrACS v04r01
2016341N08092,2016,VARDAH,2016-12-17 06:00:00,11.0,60.8,25,998,TS,NOAA IBTrACS v04r01
2016341N08092,2016,VARDAH,2016-12-17 09:00:00,10.8,60.3,30,1000,TS,NOAA IBTrACS v04r01
2016341N08092,2016,VARDAH,2016-12-17 12:00:00,10.6,59.8,25,998,TS,NOAA IBTrACS v04r01
2016341N08092,2016,VARDAH,2016-12-17 15:00:00,10.2,59.1,33,998,TS,NOAA IBTrACS v04r01
2016341N08092,2016,VARDAH,2016-12-17 18:00:00,9.8,58.3,25,996,TS,NOAA IBTrACS v04r01
2016341N08092,2016,VARDAH,2016-12-17 21:00:00,9.5,57.4,20,994,TS,NOAA IBTrACS v04r01
2016341N08092,2016,VARDAH,2016-12-18 00:00:00,9.4,56.8,35,996,TS,NOAA IBTrACS v04r01
2016341N08092,2016,VARDAH,2016-12-18 03:00:00,9.3,56.1,35,996,TS,NOAA IBTrACS v04r01
2016341N08092,2016,VARDAH,2016-12-18 06:00:00,9.3,55.4,35,996,TS,NOAA IBTrACS v04r01
2016341N08092,2016,VARDAH,2016-12-18 09:00:00,9.3,54.6,35,996,TS,NOAA IBTrACS v04r01
2016341N08092,2016,VARDAH,2016-12-18 12:00:00,9.3,53.7,35,996,TS,NOAA IBTrACS v04r01
2016341N08092,2016,VARDAH,2016-12-18 15:00:00,9.3,52.9,35,996,TS,NOAA IBTrACS v04r01
2016341N08092,2016,VARDAH,2016-12-18 18:00:00,9.2,52.1,35,996,TS,NOAA IBTrACS v04r01
2016341N08092,2016,VARDAH,2016-12-18 21:00:00,9.1,51.5,30,1000,TS,NOAA IBTrACS v04r01
2016341N08092,2016,VARDAH,2016-12-19 00:00:00,8.9,51.0,25,1004,TS,NOAA IBTrACS v04r01
2017104N08085,2017,MAARUTHA,2017-04-14 00:00:00,8.2,85.3,25,1004,TS,NOAA IBTrACS v04r01
2017104N08085,2017,MAARUTHA,2017-04-14 03:00:00,8.8,85.7,25,1005,TS,NOAA IBTrACS v04r01
2017104N08085,2017,MAARUTHA,2017-04-14 06:00:00,9.4,86.1,25,1005,TS,NOAA IBTrACS v04r01
2017104N08085,2017,MAARUTHA,2017-04-14 09:00:00,10.0,86.5,25,1005,TS,NOAA IBTrACS v04r01
2017104N08085,2017,MAARUTHA,2017-04-14 12:00:00,10.5,86.9,25,1005,TS,NOAA IBTrACS v04r01
2017104N08085,2017,MAARUTHA,2017-04-14 15:00:00,10.9,87.3,25,1005,TS,NOAA IBTrACS v04r01
2017104N08085,2017,MAARUTHA,2017-04-14 18:00:00,11.3,87.6,25,1005,TS,NOAA IBTrACS v04r01
2017104N08085,2017,MAARUTHA,2017-04-14 21:00:00,11.8,88.0,28,1003,TS,NOAA IBTrACS v04r01
2017104N08085,2017,MAARUTHA,2017-04-15 00:00:00,12.2,88.3,25,1001,TS,NOAA IBTrACS v04r01
2017104N08085,2017,MAARUTHA,2017-04-15 03:00:00,12.7,88.7,25,1001,TS,NOAA IBTrACS v04r01
2017104N08085,2017,MAARUTHA,2017-04-15 06:00:00,13.3,89.2,25,1000,TS,NOAA IBTrACS v04r01
2017104N08085,2017,MAARUTHA,2017-04-15 09:00:00,13.8,89.7,30,999,TS,NOAA IBTrACS v04r01
2017104N08085,2017,MAARUTHA,2017-04-15 12:00:00,14.3,90.2,30,999,TS,NOAA IBTrACS v04r01
2017104N08085,2017,MAARUTHA,2017-04-15 15:00:00,14.7,90.7,43,998,TS,NOAA IBTrACS v04r01
2017104N08085,2017,MAARUTHA,2017-04-15 18:00:00,15.1,91.1,35,998,TS,NOAA IBTrACS v04r01
2017104N08085,2017,MAARUTHA,2017-04-15 21:00:00,15.4,91.3,40,996,TS,NOAA IBTrACS v04r01
2017104N08085,2017,MAARUTHA,2017-04-16 00:00:00,16.0,92.0,40,996,TS,NOAA IBTrACS v04r01
2017104N08085,2017,MAARUTHA,2017-04-16 03:00:00,16.6,92.5,40,996,TS,NOAA IBTrACS v04r01
2017104N08085,2017,MAARUTHA,2017-04-16 06:00:00,17.2,92.9,40,996,TS,NOAA IBTrACS v04r01
2017104N08085,2017,MAARUTHA,2017-04-16 09:00:00,17.7,93.2,40,996,TS,NOAA IBTrACS v04r01
2017104N08085,2017,MAARUTHA,2017-04-16 12:00:00,18.1,93.6,40,996,TS,NOAA IBTrACS v04r01
2017104N08085,2017,MAARUTHA,2017-04-16 15:00:00,18.5,93.9,40,996,TS,NOAA IBTrACS v04r01
2017104N08085,2017,MAARUTHA,2017-04-16 18:00:00,18.8,94.3,40,996,TS,NOAA IBTrACS v04r01
2017104N08085,2017,MAARUTHA,2017-04-16 21:00:00,19.3,94.8,30,1000,TS,NOAA IBTrACS v04r01
2017104N08085,2017,MAARUTHA,2017-04-17 00:00:00,19.8,95.4,20,1002,TS,NOAA IBTrACS v04r01
2017147N14087,2017,MORA,2017-05-27 06:00:00,13.9,87.4,25,1000,TS,NOAA IBTrACS v04r01
2017147N14087,2017,MORA,2017-05-27 09:00:00,13.8,87.9,28,1000,TS,NOAA IBTrACS v04r01
2017147N14087,2017,MORA,2017-05-27 12:00:00,13.8,88.4,30,1000,TS,NOAA IBTrACS v04r01
2017147N14087,2017,MORA,2017-05-27 15:00:00,13.8,88.8,33,998,TS,NOAA IBTrACS v04r01
2017147N14087,2017,MORA,2017-05-27 18:00:00,13.9,89.2,35,996,TS,NOAA IBTrACS v04r01
2017147N14087,2017,MORA,2017-05-27 21:00:00,14.0,89.6,35,998,TS,NOAA IBTrACS v04r01
2017147N14087,2017,MORA,2017-05-28 00:00:00,14.2,89.7,25,998,TS,NOAA IBTrACS v04r01
2017147N14087,2017,MORA,2017-05-28 03:00:00,14.7,90.1,25,998,TS,NOAA IBTrACS v04r01
2017147N14087,2017,MORA,2017-05-28 06:00:00,15.1,90.5,25,997,TS,NOAA IBTrACS v04r01
2017147N14087,2017,MORA,2017-05-28 09:00:00,15.5,90.7,30,996,TS,NOAA IBTrACS v04r01
2017147N14087,2017,MORA,2017-05-28 12:00:00,15.8,90.9,30,995,TS,NOAA IBTrACS v04r01
2017147N14087,2017,MORA,2017-05-28 15:00:00,16.0,91.0,35,994,TS,NOAA IBTrACS v04r01
2017147N14087,2017,MORA,2017-05-28 18:00:00,16.3,91.1,35,994,TS,NOAA IBTrACS v04r01
2017147N14087,2017,MORA,2017-05-28 21:00:00,16.6,91.2,40,992,TS,NOAA IBTrACS v04r01
2017147N14087,2017,MORA,2017-05-29 00:00:00,17.0,91.3,45,990,TS,NOAA IBTrACS v04r01
2017147N14087,2017,MORA,2017-05-29 03:00:00,17.3,91.3,45,990,TS,NOAA IBTrACS v04r01
2017147N14087,2017,MORA,2017-05-29 06:00:00,17.8,91.5,45,988,TS,NOAA IBTrACS v04r01
2017147N14087,2017,MORA,2017-05-29 09:00:00,18.2,91.6,45,986,TS,NOAA IBTrACS v04r01
2017147N14087,2017,MORA,2017-05-29 12:00:00,18.7,91.6,50,984,TS,NOAA IBTrACS v04r01
2017147N14087,2017,MORA,2017-05-29 15:00:00,19.0,91.6,55,980,TS,NOAA IBTrACS v04r01
2017147N14087,2017,MORA,2017-05-29 18:00:00,19.8,91.7,55,980,TS,NOAA IBTrACS v04r01
2017147N14087,2017,MORA,2017-05-29 21:00:00,20.3,91.7,60,978,TS,NOAA IBTrACS v04r01
2017147N14087,2017,MORA,2017-05-30 00:00:00,21.0,91.9,60,978,TS,NOAA IBTrACS v04r01
2017147N14087,2017,MORA,2017-05-30 03:00:00,21.9,92.0,60,978,TS,NOAA IBTrACS v04r01
2017147N14087,2017,MORA,2017-05-30 06:00:00,23.0,92.0,55,982,TS,NOAA IBTrACS v04r01
2017147N14087,2017,MORA,2017-05-30 09:00:00,23.9,92.2,40,988,TS,NOAA IBTrACS v04r01
2017147N14087,2017,MORA,2017-05-30 12:00:00,24.7,92.4,30,990,TS,NOAA IBTrACS v04r01
2017147N14087,2017,MORA,2017-05-30 15:00:00,25.2,92.6,35,997,TS,NOAA IBTrACS v04r01
2017147N14087,2017,MORA,2017-05-30 18:00:00,25.7,92.9,20,994,TS,NOAA IBTrACS v04r01
2017163N20090,2017,UNNAMED,2017-06-11 12:00:00,20.5,89.5,25,990,TS,NOAA IBTrACS v04r01
2017163N20090,2017,UNNAMED,2017-06-11 15:00:00,21.0,89.7,,,TS,NOAA IBTrACS v04r01
2017163N20090,2017,UNNAMED,2017-06-11 18:00:00,21.5,90.0,25,988,TS,NOAA IBTrACS v04r01
2017163N20090,2017,UNNAMED,2017-06-11 21:00:00,22.0,90.3,,,TS,NOAA IBTrACS v04r01
2017163N20090,2017,UNNAMED,2017-06-12 00:00:00,22.5,90.5,30,988,TS,NOAA IBTrACS v04r01
2017163N20090,2017,UNNAMED,2017-06-12 03:00:00,23.0,90.5,30,990,TS,NOAA IBTrACS v04r01
2017163N20090,2017,UNNAMED,2017-06-12 06:00:00,23.5,90.7,30,990,TS,NOAA IBTrACS v04r01
2017163N20090,2017,UNNAMED,2017-06-12 09:00:00,23.8,90.8,,,TS,NOAA IBTrACS v04r01
2017163N20090,2017,UNNAMED,2017-06-12 12:00:00,24.0,91.0,30,990,TS,NOAA IBTrACS v04r01
2017163N20090,2017,UNNAMED,2017-06-12 15:00:00,24.2,91.2,,,TS,NOAA IBTrACS v04r01
2017163N20090,2017,UNNAMED,2017-06-12 18:00:00,24.5,91.5,25,995,TS,NOAA IBTrACS v04r01
2017199N19086,2017,UNNAMED,2017-07-18 00:00:00,19.0,86.0,25,992,TS,NOAA IBTrACS v04r01
2017199N19086,2017,UNNAMED,2017-07-18 03:00:00,19.0,86.0,25,992,TS,NOAA IBTrACS v04r01
2017199N19086,2017,UNNAMED,2017-07-18 06:00:00,19.5,85.5,25,992,TS,NOAA IBTrACS v04r01
2017199N19086,2017,UNNAMED,2017-07-18 09:00:00,19.8,85.3,,,TS,NOAA IBTrACS v04r01
2017199N19086,2017,UNNAMED,2017-07-18 12:00:00,19.9,85.3,25,992,TS,NOAA IBTrACS v04r01
2017199N19086,2017,UNNAMED,2017-07-18 15:00:00,19.9,85.3,,,TS,NOAA IBTrACS v04r01
2017199N19086,2017,UNNAMED,2017-07-18 18:00:00,19.9,85.3,25,994,TS,NOAA IBTrACS v04r01
2017199N19086,2017,UNNAMED,2017-07-18 21:00:00,20.0,85.3,,,TS,NOAA IBTrACS v04r01
2017199N19086,2017,UNNAMED,2017-07-19 00:00:00,20.1,85.2,25,994,TS,NOAA IBTrACS v04r01
2017207N24085,2017,UNNAMED,2017-07-26 00:00:00,24.0,85.0,25,993,TS,NOAA IBTrACS v04r01
2017207N24085,2017,UNNAMED,2017-07-26 03:00:00,24.0,85.0,25,994,TS,NOAA IBTrACS v04r01
2017207N24085,2017,UNNAMED,2017-07-26 06:00:00,24.0,85.0,25,994,TS,NOAA IBTrACS v04r01
2017207N24085,2017,UNNAMED,2017-07-26 09:00:00,24.0,85.0,,,TS,NOAA IBTrACS v04r01
2017207N24085,2017,UNNAMED,2017-07-26 12:00:00,24.0,85.0,20,994,TS,NOAA IBTrACS v04r01
2017207N24085,2017,UNNAMED,2017-07-26 15:00:00,24.0,85.0,,,TS,NOAA IBTrACS v04r01
2017207N24085,2017,UNNAMED,2017-07-26 18:00:00,24.0,85.0,20,995,TS,NOAA IBTrACS v04r01
2017207N24085,2017,UNNAMED,2017-07-26 21:00:00,24.0,85.0,,,TS,NOAA IBTrACS v04r01
2017207N24085,2017,UNNAMED,2017-07-27 00:00:00,24.0,85.0,20,995,TS,NOAA IBTrACS v04r01
2017232N19130,2017,HATO,2017-08-19 12:00:00,19.1,130.1,,1006,TS,NOAA IBTrACS v04r01
2017232N19130,2017,HATO,2017-08-19 15:00:00,19.3,129.6,,1005,TS,NOAA IBTrACS v04r01
2017232N19130,2017,HATO,2017-08-19 18:00:00,19.0,129.6,,1004,TS,NOAA IBTrACS v04r01
2017232N19130,2017,HATO,2017-08-19 21:00:00,19.1,129.2,,1004,TS,NOAA IBTrACS v04r01
2017232N19130,2017,HATO,2017-08-20 00:00:00,19.3,128.8,,1004,TS,NOAA IBTrACS v04r01
2017232N19130,2017,HATO,2017-08-20 03:00:00,19.4,128.3,,1003,TS,NOAA IBTrACS v04r01
2017232N19130,2017,HATO,2017-08-20 06:00:00,19.5,127.7,20,1002,MX,NOAA IBTrACS v04r01
2017232N19130,2017,HATO,2017-08-20 09:00:00,19.6,127.2,23,1006,MX,NOAA IBTrACS v04r01
2017232N19130,2017,HATO,2017-08-20 12:00:00,19.6,126.7,35,998,MX,NOAA IBTrACS v04r01
2017232N19130,2017,HATO,2017-08-20 15:00:00,19.7,126.3,28,1002,MX,NOAA IBTrACS v04r01
2017232N19130,2017,HATO,2017-08-20 18:00:00,19.8,125.9,35,996,MX,NOAA IBTrACS v04r01
2017232N19130,2017,HATO,2017-08-20 21:00:00,19.9,125.6,30,1000,MX,NOAA IBTrACS v04r01
2017232N19130,2017,HATO,2017-08-21 00:00:00,20.1,125.1,35,994,TS,NOAA IBTrACS v04r01
2017232N19130,2017,HATO,2017-08-21 03:00:00,20.2,124.6,33,998,TS,NOAA IBTrACS v04r01
2017232N19130,2017,HATO,2017-08-21 06:00:00,20.3,124.1,35,994,TS,NOAA IBTrACS v04r01
2017232N19130,2017,HATO,2017-08-21 09:00:00,20.4,123.6,40,993,TS,NOAA IBTrACS v04r01
2017232N19130,2017,HATO,2017-08-21 12:00:00,20.3,122.9,40,990,TS,NOAA IBTrACS v04r01
2017232N19130,2017,HATO,2017-08-21 15:00:00,20.2,122.1,45,989,TS,NOAA IBTrACS v04r01
2017232N19130,2017,HATO,2017-08-21 18:00:00,20.1,121.3,40,990,TS,NOAA IBTrACS v04r01
2017232N19130,2017,HATO,2017-08-21 21:00:00,20.2,120.6,48,987,TS,NOAA IBTrACS v04r01
2017232N19130,2017,HATO,2017-08-22 00:00:00,20.3,120.0,45,985,TS,NOAA IBTrACS v04r01
2017232N19130,2017,HATO,2017-08-22 03:00:00,20.4,119.4,55,983,TS,NOAA IBTrACS v04r01
2017232N19130,2017,HATO,2017-08-22 06:00:00,20.4,118.7,60,975,TS,NOAA IBTrACS v04r01
2017232N19130,2017,HATO,2017-08-22 09:00:00,20.5,118.0,68,974,TS,NOAA IBTrACS v04r01
2017232N19130,2017,HATO,2017-08-22 12:00:00,20.6,117.3,60,975,TS,NOAA IBTrACS v04r01
2017232N19130,2017,HATO,2017-08-22 15:00:00,20.8,116.7,78,965,TS,NOAA IBTrACS v04r01
2017232N19130,2017,HATO,2017-08-22 18:00:00,21.0,116.0,65,970,TS,NOAA IBTrACS v04r01
2017232N19130,2017,HATO,2017-08-22 21:00:00,21.2,115.2,85,960,TS,NOAA IBTrACS v04r01
2017232N19130,2017,HATO,2017-08-23 00:00:00,21.5,114.5,75,965,TS,NOAA IBTrACS v04r01
2017232N19130,2017,HATO,2017-08-23 03:00:00,21.9,113.7,100,948,TS,NOAA IBTrACS v04r01
2017232N19130,2017,HATO,2017-08-23 06:00:00,22.2,112.9,75,965,TS,NOAA IBTrACS v04r01
2017232N19130,2017,HATO,2017-08-23 09:00:00,22.5,111.9,73,971,TS,NOAA IBTrACS v04r01
2017232N19130,2017,HATO,2017-08-23 12:00:00,22.7,110.9,50,985,TS,NOAA IBTrACS v04r01
2017232N19130,2017,HATO,2017-08-23 15:00:00,22.9,110.0,53,984,TS,NOAA IBTrACS v04r01
2017232N19130,2017,HATO,2017-08-23 18:00:00,23.1,109.1,40,994,TS,NOAA IBTrACS v04r01
2017232N19130,2017,HATO,2017-08-23 21:00:00,23.3,108.3,40,993,TS,NOAA IBTrACS v04r01
2017232N19130,2017,HATO,2017-08-24 00:00:00,23.4,107.6,35,996,TS,NOAA IBTrACS v04r01
2017232N19130,2017,HATO,2017-08-24 03:00:00,23.6,106.9,33,998,TS,NOAA IBTrACS v04r01
2017232N19130,2017,HATO,2017-08-24 06:00:00,23.7,106.2,35,996,TS,NOAA IBTrACS v04r01
2017232N19130,2017,HATO,2017-08-24 09:00:00,23.7,105.5,25,1004,TS,NOAA IBTrACS v04r01
2017232N19130,2017,HATO,2017-08-24 12:00:00,23.8,104.7,20,998,MX,NOAA IBTrACS v04r01
2017232N19130,2017,HATO,2017-08-24 15:00:00,23.7,103.6,,999,TS,NOAA IBTrACS v04r01
2017232N19130,2017,HATO,2017-08-24 18:00:00,23.7,102.4,,1000,TS,NOAA IBTrACS v04r01
2017232N19130,2017,HATO,2017-08-24 21:00:00,23.7,101.0,,1001,TS,NOAA IBTrACS v04r01
2017232N19130,2017,HATO,2017-08-25 00:00:00,23.7,99.7,,1002,MX,NOAA IBTrACS v04r01
2017282N22088,2017,UNNAMED,2017-10-09 00:00:00,22.4,88.4,25,996,TS,NOAA IBTrACS v04r01
2017282N22088,2017,UNNAMED,2017-10-09 03:00:00,22.5,88.4,30,996,TS,NOAA IBTrACS v04r01
2017282N22088,2017,UNNAMED,2017-10-09 06:00:00,22.6,88.3,30,996,TS,NOAA IBTrACS v04r01
2017282N22088,2017,UNNAMED,2017-10-09 09:00:00,22.7,88.2,,,TS,NOAA IBTrACS v04r01
2017282N22088,2017,UNNAMED,2017-10-09 12:00:00,22.9,88.1,30,997,TS,NOAA IBTrACS v04r01
2017282N22088,2017,UNNAMED,2017-10-09 15:00:00,23.0,88.0,,,TS,NOAA IBTrACS v04r01
2017282N22088,2017,UNNAMED,2017-10-09 18:00:00,23.1,87.8,30,997,TS,NOAA IBTrACS v04r01
2017282N22088,2017,UNNAMED,2017-10-09 21:00:00,23.1,87.5,,,TS,NOAA IBTrACS v04r01
2017282N22088,2017,UNNAMED,2017-10-10 00:00:00,23.2,87.1,30,998,TS,NOAA IBTrACS v04r01
2017282N22088,2017,UNNAMED,2017-10-10 03:00:00,23.5,86.7,30,1000,TS,NOAA IBTrACS v04r01
2017282N22088,2017,UNNAMED,2017-10-10 06:00:00,23.8,86.6,25,1000,TS,NOAA IBTrACS v04r01
2017292N17087,2017,UNNAMED,2017-10-19 00:00:00,16.5,86.5,25,999,TS,NOAA IBTrACS v04r01
2017292N17087,2017,UNNAMED,2017-10-19 03:00:00,16.8,86.5,25,998,TS,NOAA IBTrACS v04r01
2017292N17087,2017,UNNAMED,2017-10-19 06:00:00,17.3,86.3,25,998,TS,NOAA IBTrACS v04r01
2017292N17087,2017,UNNAMED,2017-10-19 09:00:00,18.4,86.3,,,TS,NOAA IBTrACS v04r01
2017292N17087,2017,UNNAMED,2017-10-19 12:00:00,20.0,86.5,25,998,TS,NOAA IBTrACS v04r01
2017307N07102,2017,UNNAMED,2017-11-03 00:00:00,7.2,102.4,15,1010,DS,NOAA IBTrACS v04r01
2017307N07102,2017,UNNAMED,2017-11-03 03:00:00,7.3,102.0,15,1010,DS,NOAA IBTrACS v04r01
2017307N07102,2017,UNNAMED,2017-11-03 06:00:00,7.3,101.8,15,1010,DS,NOAA IBTrACS v04r01
2017307N07102,2017,UNNAMED,2017-11-03 09:00:00,7.2,101.7,15,1010,DS,NOAA IBTrACS v04r01
2017307N07102,2017,UNNAMED,2017-11-03 12:00:00,7.0,101.7,15,1010,DS,NOAA IBTrACS v04r01
2017307N07102,2017,UNNAMED,2017-11-03 15:00:00,6.8,101.5,15,1010,DS,NOAA IBTrACS v04r01
2017307N07102,2017,UNNAMED,2017-11-03 18:00:00,6.6,101.3,15,1010,DS,NOAA IBTrACS v04r01
2017307N07102,2017,UNNAMED,2017-11-03 21:00:00,6.5,101.0,15,1010,DS,NOAA IBTrACS v04r01
2017307N07102,2017,UNNAMED,2017-11-04 00:00:00,6.4,100.7,15,1010,DS,NOAA IBTrACS v04r01
2017307N07102,2017,UNNAMED,2017-11-04 03:00:00,6.2,100.5,18,1009,DS,NOAA IBTrACS v04r01
2017307N07102,2017,UNNAMED,2017-11-04 06:00:00,6.0,100.4,20,1007,DS,NOAA IBTrACS v04r01
2017307N07102,2017,UNNAMED,2017-11-04 09:00:00,5.8,100.3,23,1006,DS,NOAA IBTrACS v04r01
2017307N07102,2017,UNNAMED,2017-11-04 12:00:00,5.6,100.3,25,1004,TS,NOAA IBTrACS v04r01
2017307N07102,2017,UNNAMED,2017-11-04 15:00:00,5.4,100.3,25,1004,TS,NOAA IBTrACS v04r01
2017307N07102,2017,UNNAMED,2017-11-04 18:00:00,5.2,100.4,25,1004,TS,NOAA IBTrACS v04r01
2017307N07102,2017,UNNAMED,2017-11-04 21:00:00,5.1,100.6,23,1006,TS,NOAA IBTrACS v04r01
2017307N07102,2017,UNNAMED,2017-11-05 00:00:00,5.1,100.9,20,1007,DS,NOAA IBTrACS v04r01
2017307N07102,2017,UNNAMED,2017-11-05 03:00:00,5.1,101.3,18,1009,DS,NOAA IBTrACS v04r01
2017307N07102,2017,UNNAMED,2017-11-05 06:00:00,5.2,101.6,15,1010,DS,NOAA IBTrACS v04r01
2017307N07102,2017,UNNAMED,2017-11-05 09:00:00,5.5,101.8,18,1009,DS,NOAA IBTrACS v04r01
2017307N07102,2017,UNNAMED,2017-11-05 12:00:00,5.8,102.0,20,1007,DS,NOAA IBTrACS v04r01
2017307N07102,2017,UNNAMED,2017-11-05 15:00:00,6.1,102.3,20,1007,DS,NOAA IBTrACS v04r01
2017307N07102,2017,UNNAMED,2017-11-05 18:00:00,6.5,102.6,20,1006,DS,NOAA IBTrACS v04r01
2017307N07102,2017,UNNAMED,2017-11-05 21:00:00,7.0,102.6,20,1006,DS,NOAA IBTrACS v04r01
2017307N07102,2017,UNNAMED,2017-11-06 00:00:00,7.5,102.6,20,1006,DS,NOAA IBTrACS v04r01
2017307N07102,2017,UNNAMED,2017-11-06 03:00:00,7.9,102.6,23,1006,DS,NOAA IBTrACS v04r01
2017307N07102,2017,UNNAMED,2017-11-06 06:00:00,8.3,102.6,25,1005,TS,NOAA IBTrACS v04r01
2017307N07102,2017,UNNAMED,2017-11-06 09:00:00,8.6,102.6,25,1005,TS,NOAA IBTrACS v04r01
2017307N07102,2017,UNNAMED,2017-11-06 12:00:00,8.8,102.5,25,1005,TS,NOAA IBTrACS v04r01
2017307N07102,2017,UNNAMED,2017-11-06 15:00:00,9.0,102.3,25,1005,TS,NOAA IBTrACS v04r01
2017307N07102,2017,UNNAMED,2017-11-06 18:00:00,9.3,102.0,25,1004,TS,NOAA IBTrACS v04r01
2017307N07102,2017,UNNAMED,2017-11-06 21:00:00,9.6,101.7,25,1004,TS,NOAA IBTrACS v04r01
2017307N07102,2017,UNNAMED,2017-11-07 00:00:00,9.9,101.4,25,1004,TS,NOAA IBTrACS v04r01
2017307N07102,2017,UNNAMED,2017-11-07 03:00:00,10.2,101.0,25,1004,TS,NOAA IBTrACS v04r01
2017307N07102,2017,UNNAMED,2017-11-07 06:00:00,10.5,100.7,25,1004,TS,NOAA IBTrACS v04r01
2017307N07102,2017,UNNAMED,2017-11-07 09:00:00,10.7,100.6,25,1005,TS,NOAA IBTrACS v04r01
2017307N07102,2017,UNNAMED,2017-11-07 12:00:00,10.9,100.5,25,1005,TS,NOAA IBTrACS v04r01
2017307N07102,2017,UNNAMED,2017-11-07 15:00:00,11.0,100.3,25,1005,TS,NOAA IBTrACS v04r01
2017307N07102,2017,UNNAMED,2017-11-07 18:00:00,11.1,100.0,25,1005,TS,NOAA IBTrACS v04r01
2017307N07102,2017,UNNAMED,2017-11-07 21:00:00,11.2,99.8,23,1006,TS,NOAA IBTrACS v04r01
2017307N07102,2017,UNNAMED,2017-11-08 00:00:00,11.3,99.6,20,1007,DS,NOAA IBTrACS v04r01
2017319N15083,2017,UNNAMED,2017-11-15 03:00:00,15.0,83.0,25,1004,TS,NOAA IBTrACS v04r01
2017319N15083,2017,UNNAMED,2017-11-15 06:00:00,15.5,83.0,25,1004,TS,NOAA IBTrACS v04r01
2017319N15083,2017,UNNAMED,2017-11-15 09:00:00,15.9,83.1,,,TS,NOAA IBTrACS v04r01
2017319N15083,2017,UNNAMED,2017-11-15 12:00:00,16.2,83.3,25,1001,TS,NOAA IBTrACS v04r01
2017319N15083,2017,UNNAMED,2017-11-15 15:00:00,16.6,83.5,,,TS,NOAA IBTrACS v04r01
2017319N15083,2017,UNNAMED,2017-11-15 18:00:00,17.0,83.8,25,1002,TS,NOAA IBTrACS v04r01
2017319N15083,2017,UNNAMED,2017-11-15 21:00:00,17.3,84.0,,,TS,NOAA IBTrACS v04r01
2017319N15083,2017,UNNAMED,2017-11-16 00:00:00,17.5,84.1,25,1004,TS,NOAA IBTrACS v04r01
2017319N15083,2017,UNNAMED,2017-11-16 03:00:00,17.7,84.3,25,1004,TS,NOAA IBTrACS v04r01
2017319N15083,2017,UNNAMED,2017-11-16 06:00:00,17.7,84.3,25,1004,TS,NOAA IBTrACS v04r01
2017319N15083,2017,UNNAMED,2017-11-16 09:00:00,17.9,84.6,,,TS,NOAA IBTrACS v04r01
2017319N15083,2017,UNNAMED,2017-11-16 12:00:00,18.1,85.0,25,1004,TS,NOAA IBTrACS v04r01
2017319N15083,2017,UNNAMED,2017-11-16 15:00:00,18.3,85.3,,,TS,NOAA IBTrACS v04r01
2017319N15083,2017,UNNAMED,2017-11-16 18:00:00,18.5,85.5,25,1004,TS,NOAA IBTrACS v04r01
2017319N15083,2017,UNNAMED,2017-11-16 21:00:00,18.5,85.6,,,TS,NOAA IBTrACS v04r01
2017319N15083,2017,UNNAMED,2017-11-17 00:00:00,18.8,85.8,25,1004,TS,NOAA IBTrACS v04r01
2017319N15083,2017,UNNAMED,2017-11-17 03:00:00,19.5,86.3,25,1006,TS,NOAA IBTrACS v04r01
2017333N06082,2017,OCKHI,2017-11-28 18:00:00,6.0,82.2,30,1000,TS,NOAA IBTrACS v04r01
2017333N06082,2017,OCKHI,2017-11-28 21:00:00,5.9,82.0,30,1000,TS,NOAA IBTrACS v04r01
2017333N06082,2017,OCKHI,2017-11-29 00:00:00,5.9,81.7,30,1000,TS,NOAA IBTrACS v04r01
2017333N06082,2017,OCKHI,2017-11-29 03:00:00,6.0,81.4,25,1004,TS,NOAA IBTrACS v04r01
2017333N06082,2017,OCKHI,2017-11-29 06:00:00,6.1,80.7,25,1004,TS,NOAA IBTrACS v04r01
2017333N06082,2017,OCKHI,2017-11-29 09:00:00,6.2,80.1,33,998,TS,NOAA IBTrACS v04r01
2017333N06082,2017,OCKHI,2017-11-29 12:00:00,6.2,79.9,25,1002,TS,NOAA IBTrACS v04r01
2017333N06082,2017,OCKHI,2017-11-29 15:00:00,6.3,79.5,38,995,TS,NOAA IBTrACS v04r01
2017333N06082,2017,OCKHI,2017-11-29 18:00:00,6.5,79.0,25,1002,TS,NOAA IBTrACS v04r01
2017333N06082,2017,OCKHI,2017-11-29 21:00:00,6.7,78.5,30,1001,TS,NOAA IBTrACS v04r01
2017333N06082,2017,OCKHI,2017-11-30 00:00:00,7.0,78.1,30,1000,TS,NOAA IBTrACS v04r01
2017333N06082,2017,OCKHI,2017-11-30 03:00:00,7.5,77.4,35,999,TS,NOAA IBTrACS v04r01
2017333N06082,2017,OCKHI,2017-11-30 06:00:00,7.8,76.8,40,998,TS,NOAA IBTrACS v04r01
2017333N06082,2017,OCKHI,2017-11-30 09:00:00,7.9,76.3,45,996,TS,NOAA IBTrACS v04r01
2017333N06082,2017,OCKHI,2017-11-30 12:00:00,8.2,75.8,45,996,TS,NOAA IBTrACS v04r01
2017333N06082,2017,OCKHI,2017-11-30 15:00:00,8.3,75.4,45,996,TS,NOAA IBTrACS v04r01
2017333N06082,2017,OCKHI,2017-11-30 18:00:00,8.5,74.9,45,994,TS,NOAA IBTrACS v04r01
2017333N06082,2017,OCKHI,2017-11-30 21:00:00,8.6,74.5,45,994,TS,NOAA IBTrACS v04r01
2017333N06082,2017,OCKHI,2017-12-01 00:00:00,8.8,74.1,50,992,TS,NOAA IBTrACS v04r01
2017333N06082,2017,OCKHI,2017-12-01 03:00:00,8.8,73.8,55,990,TS,NOAA IBTrACS v04r01
2017333N06082,2017,OCKHI,2017-12-01 06:00:00,8.9,73.4,60,989,TS,NOAA IBTrACS v04r01
2017333N06082,2017,OCKHI,2017-12-01 09:00:00,8.9,73.0,65,988,TS,NOAA IBTrACS v04r01
2017333N06082,2017,OCKHI,2017-12-01 12:00:00,9.0,72.8,65,986,TS,NOAA IBTrACS v04r01
2017333N06082,2017,OCKHI,2017-12-01 15:00:00,9.1,72.5,65,984,TS,NOAA IBTrACS v04r01
2017333N06082,2017,OCKHI,2017-12-01 18:00:00,9.2,72.1,70,982,TS,NOAA IBTrACS v04r01
2017333N06082,2017,OCKHI,2017-12-01 21:00:00,9.3,71.8,75,980,TS,NOAA IBTrACS v04r01
2017333N06082,2017,OCKHI,2017-12-02 00:00:00,9.5,71.5,80,978,TS,NOAA IBTrACS v04r01
2017333N06082,2017,OCKHI,2017-12-02 03:00:00,9.6,71.2,80,978,TS,NOAA IBTrACS v04r01
2017333N06082,2017,OCKHI,2017-12-02 06:00:00,9.8,71.0,85,976,TS,NOAA IBTrACS v04r01
2017333N06082,2017,OCKHI,2017-12-02 09:00:00,10.2,70.6,85,976,TS,NOAA IBTrACS v04r01
2017333N06082,2017,OCKHI,2017-12-02 12:00:00,10.5,70.3,85,976,TS,NOAA IBTrACS v04r01
2017333N06082,2017,OCKHI,2017-12-02 15:00:00,10.7,70.0,85,976,TS,NOAA IBTrACS v04r01
2017333N06082,2017,OCKHI,2017-12-02 18:00:00,11.0,69.7,85,976,TS,NOAA IBTrACS v04r01
2017333N06082,2017,OCKHI,2017-12-02 21:00:00,11.2,69.5,85,976,TS,NOAA IBTrACS v04r01
2017333N06082,2017,OCKHI,2017-12-03 00:00:00,11.5,69.3,85,976,TS,NOAA IBTrACS v04r01
2017333N06082,2017,OCKHI,2017-12-03 03:00:00,11.9,69.0,80,977,TS,NOAA IBTrACS v04r01
2017333N06082,2017,OCKHI,2017-12-03 06:00:00,12.2,68.9,75,978,TS,NOAA IBTrACS v04r01
2017333N06082,2017,OCKHI,2017-12-03 09:00:00,12.4,68.8,75,980,TS,NOAA IBTrACS v04r01
2017333N06082,2017,OCKHI,2017-12-03 12:00:00,12.9,68.7,75,982,TS,NOAA IBTrACS v04r01
2017333N06082,2017,OCKHI,2017-12-03 15:00:00,13.1,68.6,75,982,TS,NOAA IBTrACS v04r01
2017333N06082,2017,OCKHI,2017-12-03 18:00:00,13.5,68.5,75,982,TS,NOAA IBTrACS v04r01
2017333N06082,2017,OCKHI,2017-12-03 21:00:00,13.9,68.5,75,982,TS,NOAA IBTrACS v04r01
2017333N06082,2017,OCKHI,2017-12-04 00:00:00,14.3,68.5,70,984,TS,NOAA IBTrACS v04r01
2017333N06082,2017,OCKHI,2017-12-04 03:00:00,14.5,68.5,65,986,TS,NOAA IBTrACS v04r01
2017333N06082,2017,OCKHI,2017-12-04 06:00:00,14.8,68.7,65,986,TS,NOAA IBTrACS v04r01
2017333N06082,2017,OCKHI,2017-12-04 09:00:00,15.1,69.0,65,986,TS,NOAA IBTrACS v04r01
2017333N06082,2017,OCKHI,2017-12-04 12:00:00,15.6,69.2,60,988,TS,NOAA IBTrACS v04r01
2017333N06082,2017,OCKHI,2017-12-04 15:00:00,16.1,69.5,60,988,TS,NOAA IBTrACS v04r01
2017333N06082,2017,OCKHI,2017-12-04 18:00:00,16.6,69.9,55,990,TS,NOAA IBTrACS v04r01
2017333N06082,2017,OCKHI,2017-12-04 21:00:00,17.0,70.3,55,992,TS,NOAA IBTrACS v04r01
2017333N06082,2017,OCKHI,2017-12-05 00:00:00,17.5,70.7,50,994,TS,NOAA IBTrACS v04r01
2017333N06082,2017,OCKHI,2017-12-05 03:00:00,17.9,71.0,45,996,TS,NOAA IBTrACS v04r01
2017333N06082,2017,OCKHI,2017-12-05 06:00:00,18.2,71.2,40,998,TS,NOAA IBTrACS v04r01
2017333N06082,2017,OCKHI,2017-12-05 09:00:00,18.3,71.4,30,1000,TS,NOAA IBTrACS v04r01
2017333N06082,2017,OCKHI,2017-12-05 12:00:00,18.5,71.5,30,1002,MX,NOAA IBTrACS v04r01
2017333N06082,2017,OCKHI,2017-12-05 15:00:00,18.8,71.6,25,1003,TS,NOAA IBTrACS v04r01
2017333N06082,2017,OCKHI,2017-12-05 18:00:00,19.2,71.9,20,1004,TS,NOAA IBTrACS v04r01
2017340N09089,2017,UNNAMED,2017-12-06 03:00:00,8.5,88.5,25,1004,TS,NOAA IBTrACS v04r01
2017340N09089,2017,UNNAMED,2017-12-06 06:00:00,8.8,88.3,25,1004,TS,NOAA IBTrACS v04r01
2017340N09089,2017,UNNAMED,2017-12-06 09:00:00,9.3,88.1,,,TS,NOAA IBTrACS v04r01
2017340N09089,2017,UNNAMED,2017-12-06 12:00:00,9.8,88.0,25,1004,TS,NOAA IBTrACS v04r01
2017340N09089,2017,UNNAMED,2017-12-06 15:00:00,9.9,88.0,,,TS,NOAA IBTrACS v04r01
2017340N09089,2017,UNNAMED,2017-12-06 18:00:00,10.0,88.0,25,1004,TS,NOAA IBTrACS v04r01
2017340N09089,2017,UNNAMED,2017-12-06 21:00:00,10.4,88.0,,,TS,NOAA IBTrACS v04r01
2017340N09089,2017,UNNAMED,2017-12-07 00:00:00,11.1,88.0,25,1004,TS,NOAA IBTrACS v04r01
2017340N09089,2017,UNNAMED,2017-12-07 03:00:00,12.0,88.0,25,1004,TS,NOAA IBTrACS v04r01
2017340N09089,2017,UNNAMED,2017-12-07 06:00:00,12.2,87.9,25,1004,TS,NOAA IBTrACS v04r01
2017340N09089,2017,UNNAMED,2017-12-07 09:00:00,12.5,87.8,,,TS,NOAA IBTrACS v04r01
2017340N09089,2017,UNNAMED,2017-12-07 12:00:00,12.8,87.7,25,1004,TS,NOAA IBTrACS v04r01
2017340N09089,2017,UNNAMED,2017-12-07 15:00:00,13.1,87.7,,,TS,NOAA IBTrACS v04r01
2017340N09089,2017,UNNAMED,2017-12-07 18:00:00,13.4,87.6,25,1004,TS,NOAA IBTrACS v04r01
2017340N09089,2017,UNNAMED,2017-12-07 21:00:00,13.8,87.3,,,TS,NOAA IBTrACS v04r01
2017340N09089,2017,UNNAMED,2017-12-08 00:00:00,14.3,87.0,30,1002,TS,NOAA IBTrACS v04r01
2017340N09089,2017,UNNAMED,2017-12-08 03:00:00,15.0,86.8,30,1002,TS,NOAA IBTrACS v04r01
2017340N09089,2017,UNNAMED,2017-12-08 06:00:00,15.8,86.6,30,1002,TS,NOAA IBTrACS v04r01
2017340N09089,2017,UNNAMED,2017-12-08 09:00:00,16.5,86.5,43,991,TS,NOAA IBTrACS v04r01
2017340N09089,2017,UNNAMED,2017-12-08 12:00:00,17.0,86.3,30,1002,TS,NOAA IBTrACS v04r01
2017340N09089,2017,UNNAMED,2017-12-08 15:00:00,17.6,86.3,43,994,TS,NOAA IBTrACS v04r01
2017340N09089,2017,UNNAMED,2017-12-08 18:00:00,18.1,86.4,25,1004,TS,NOAA IBTrACS v04r01
2017340N09089,2017,UNNAMED,2017-12-08 21:00:00,18.4,86.4,38,998,TS,NOAA IBTrACS v04r01
2017340N09089,2017,UNNAMED,2017-12-09 00:00:00,18.7,86.5,25,1004,TS,NOAA IBTrACS v04r01
2017340N09089,2017,UNNAMED,2017-12-09 03:00:00,18.8,86.7,25,1004,TS,NOAA IBTrACS v04r01
2017340N09089,2017,UNNAMED,2017-12-09 06:00:00,19.0,86.9,25,1004,TS,NOAA IBTrACS v04r01
2017340N09089,2017,UNNAMED,2017-12-09 09:00:00,19.1,87.1,30,1000,TS,NOAA IBTrACS v04r01
2017340N09089,2017,UNNAMED,2017-12-09 12:00:00,19.3,87.3,30,1000,TS,NOAA IBTrACS v04r01
2017340N09089,2017,UNNAMED,2017-12-09 15:00:00,19.5,87.4,28,1005,TS,NOAA IBTrACS v04r01
2017340N09089,2017,UNNAMED,2017-12-09 18:00:00,19.8,87.6,25,1009,TS,NOAA IBTrACS v04r01
2017340N09089,2017,UNNAMED,2017-12-09 21:00:00,20.1,87.8,25,1009,TS,NOAA IBTrACS v04r01
2017340N09089,2017,UNNAMED,2017-12-10 00:00:00,20.4,88.1,25,1009,TS,NOAA IBTrACS v04r01
2017340N09089,2017,UNNAMED,2017-12-10 03:00:00,20.7,88.4,23,1008,TS,NOAA IBTrACS v04r01
2017340N09089,2017,UNNAMED,2017-12-10 06:00:00,21.1,88.7,20,1007,TS,NOAA IBTrACS v04r01
2018072N05076,2018,UNNAMED,2018-03-13 03:00:00,5.0,76.0,25,1006,TS,NOAA IBTrACS v04r01
2018072N05076,2018,UNNAMED,2018-03-13 06:00:00,5.5,75.8,25,1006,TS,NOAA IBTrACS v04r01
2018072N05076,2018,UNNAMED,2018-03-13 09:00:00,6.1,75.4,,,TS,NOAA IBTrACS v04r01
2018072N05076,2018,UNNAMED,2018-03-13 12:00:00,6.5,75.0,25,1006,TS,NOAA IBTrACS v04r01
2018072N05076,2018,UNNAMED,2018-03-13 15:00:00,6.7,74.9,,,TS,NOAA IBTrACS v04r01
2018072N05076,2018,UNNAMED,2018-03-13 18:00:00,6.7,74.8,25,1006,TS,NOAA IBTrACS v04r01
2018072N05076,2018,UNNAMED,2018-03-13 21:00:00,6.8,74.7,,,TS,NOAA IBTrACS v04r01
2018072N05076,2018,UNNAMED,2018-03-14 00:00:00,7.0,74.5,25,1006,TS,NOAA IBTrACS v04r01
2018072N05076,2018,UNNAMED,2018-03-14 03:00:00,7.5,74.0,25,1006,TS,NOAA IBTrACS v04r01
2018072N05076,2018,UNNAMED,2018-03-14 06:00:00,8.0,73.5,25,1006,TS,NOAA IBTrACS v04r01
2018072N05076,2018,UNNAMED,2018-03-14 09:00:00,8.4,73.1,,,TS,NOAA IBTrACS v04r01
2018072N05076,2018,UNNAMED,2018-03-14 12:00:00,8.7,72.8,25,1006,TS,NOAA IBTrACS v04r01
2018072N05076,2018,UNNAMED,2018-03-14 15:00:00,8.9,72.6,,,TS,NOAA IBTrACS v04r01
2018072N05076,2018,UNNAMED,2018-03-14 18:00:00,9.1,72.5,25,1006,TS,NOAA IBTrACS v04r01
2018136N11054,2018,SAGAR,2018-05-15 18:00:00,11.3,53.7,20,1007,DS,NOAA IBTrACS v04r01
2018136N11054,2018,SAGAR,2018-05-15 21:00:00,11.6,53.2,23,1006,DS,NOAA IBTrACS v04r01
2018136N11054,2018,SAGAR,2018-05-16 00:00:00,12.0,52.7,25,1004,TS,NOAA IBTrACS v04r01
2018136N11054,2018,SAGAR,2018-05-16 03:00:00,12.4,52.2,25,1004,TS,NOAA IBTrACS v04r01
2018136N11054,2018,SAGAR,2018-05-16 06:00:00,12.7,51.6,25,1004,TS,NOAA IBTrACS v04r01
2018136N11054,2018,SAGAR,2018-05-16 09:00:00,12.9,51.1,28,1005,TS,NOAA IBTrACS v04r01
2018136N11054,2018,SAGAR,2018-05-16 12:00:00,13.1,50.5,25,1001,TS,NOAA IBTrACS v04r01
2018136N11054,2018,SAGAR,2018-05-16 15:00:00,13.2,50.0,33,1004,TS,NOAA IBTrACS v04r01
2018136N11054,2018,SAGAR,2018-05-16 18:00:00,13.2,49.7,30,1001,TS,NOAA IBTrACS v04r01
2018136N11054,2018,SAGAR,2018-05-16 21:00:00,13.2,49.4,38,1002,TS,NOAA IBTrACS v04r01
2018136N11054,2018,SAGAR,2018-05-17 00:00:00,13.2,49.2,30,999,TS,NOAA IBTrACS v04r01
2018136N11054,2018,SAGAR,2018-05-17 03:00:00,13.2,48.9,35,997,TS,NOAA IBTrACS v04r01
2018136N11054,2018,SAGAR,2018-05-17 06:00:00,13.1,48.7,35,997,TS,NOAA IBTrACS v04r01
2018136N11054,2018,SAGAR,2018-05-17 09:00:00,13.1,48.4,35,997,TS,NOAA IBTrACS v04r01
2018136N11054,2018,SAGAR,2018-05-17 12:00:00,13.0,48.1,40,996,TS,NOAA IBTrACS v04r01
2018136N11054,2018,SAGAR,2018-05-17 15:00:00,12.9,47.7,40,996,TS,NOAA IBTrACS v04r01
2018136N11054,2018,SAGAR,2018-05-17 18:00:00,12.6,47.3,40,996,TS,NOAA IBTrACS v04r01
2018136N11054,2018,SAGAR,2018-05-17 21:00:00,12.4,46.9,40,996,TS,NOAA IBTrACS v04r01
2018136N11054,2018,SAGAR,2018-05-18 00:00:00,12.2,46.5,45,996,TS,NOAA IBTrACS v04r01
2018136N11054,2018,SAGAR,2018-05-18 03:00:00,12.0,46.2,45,994,TS,NOAA IBTrACS v04r01
2018136N11054,2018,SAGAR,2018-05-18 06:00:00,11.9,46.0,45,994,TS,NOAA IBTrACS v04r01
2018136N11054,2018,SAGAR,2018-05-18 09:00:00,11.7,45.6,45,994,TS,NOAA IBTrACS v04r01
2018136N11054,2018,SAGAR,2018-05-18 12:00:00,11.5,45.5,45,994,TS,NOAA IBTrACS v04r01
2018136N11054,2018,SAGAR,2018-05-18 15:00:00,11.4,45.3,45,994,TS,NOAA IBTrACS v04r01
2018136N11054,2018,SAGAR,2018-05-18 18:00:00,11.3,45.1,45,994,TS,NOAA IBTrACS v04r01
2018136N11054,2018,SAGAR,2018-05-18 21:00:00,11.1,45.0,45,994,TS,NOAA IBTrACS v04r01
2018136N11054,2018,SAGAR,2018-05-19 00:00:00,11.0,44.8,45,994,TS,NOAA IBTrACS v04r01
2018136N11054,2018,SAGAR,2018-05-19 03:00:00,10.8,44.5,45,994,TS,NOAA IBTrACS v04r01
2018136N11054,2018,SAGAR,2018-05-19 06:00:00,10.7,44.2,40,996,TS,NOAA IBTrACS v04r01
2018136N11054,2018,SAGAR,2018-05-19 09:00:00,10.5,44.0,40,998,TS,NOAA IBTrACS v04r01
2018136N11054,2018,SAGAR,2018-05-19 12:00:00,10.4,43.8,35,1000,TS,NOAA IBTrACS v04r01
2018136N11054,2018,SAGAR,2018-05-19 15:00:00,10.2,43.6,48,992,TS,NOAA IBTrACS v04r01
2018136N11054,2018,SAGAR,2018-05-19 18:00:00,10.1,43.4,30,1001,TS,NOAA IBTrACS v04r01
2018136N11054,2018,SAGAR,2018-05-19 21:00:00,10.0,43.2,43,991,TS,NOAA IBTrACS v04r01
2018136N11054,2018,SAGAR,2018-05-20 00:00:00,9.9,42.8,25,1003,TS,NOAA IBTrACS v04r01
2018136N11054,2018,SAGAR,2018-05-20 03:00:00,9.9,42.3,35,997,TS,NOAA IBTrACS v04r01
2018136N11054,2018,SAGAR,2018-05-20 06:00:00,9.8,41.8,30,1000,TS,NOAA IBTrACS v04r01
2018141N08059,2018,MEKUNU,2018-05-21 06:00:00,7.9,58.6,25,1004,TS,NOAA IBTrACS v04r01
2018141N08059,2018,MEKUNU,2018-05-21 09:00:00,8.1,58.4,25,1004,TS,NOAA IBTrACS v04r01
2018141N08059,2018,MEKUNU,2018-05-21 12:00:00,8.4,58.3,25,1004,TS,NOAA IBTrACS v04r01
2018141N08059,2018,MEKUNU,2018-05-21 15:00:00,8.5,58.1,28,1004,TS,NOAA IBTrACS v04r01
2018141N08059,2018,MEKUNU,2018-05-21 18:00:00,8.7,57.9,25,1003,TS,NOAA IBTrACS v04r01
2018141N08059,2018,MEKUNU,2018-05-21 21:00:00,8.9,57.7,33,1001,TS,NOAA IBTrACS v04r01
2018141N08059,2018,MEKUNU,2018-05-22 00:00:00,9.1,57.5,25,1002,TS,NOAA IBTrACS v04r01
2018141N08059,2018,MEKUNU,2018-05-22 03:00:00,9.3,57.3,30,1001,TS,NOAA IBTrACS v04r01
2018141N08059,2018,MEKUNU,2018-05-22 06:00:00,9.6,57.1,30,1000,TS,NOAA IBTrACS v04r01
2018141N08059,2018,MEKUNU,2018-05-22 09:00:00,9.9,56.9,38,997,TS,NOAA IBTrACS v04r01
2018141N08059,2018,MEKUNU,2018-05-22 12:00:00,10.2,56.8,35,998,TS,NOAA IBTrACS v04r01
2018141N08059,2018,MEKUNU,2018-05-22 15:00:00,10.5,56.6,35,998,TS,NOAA IBTrACS v04r01
2018141N08059,2018,MEKUNU,2018-05-22 18:00:00,10.7,56.4,40,996,TS,NOAA IBTrACS v04r01
2018141N08059,2018,MEKUNU,2018-05-22 21:00:00,10.8,56.2,40,996,TS,NOAA IBTrACS v04r01
2018141N08059,2018,MEKUNU,2018-05-23 00:00:00,11.0,56.1,45,994,TS,NOAA IBTrACS v04r01
2018141N08059,2018,MEKUNU,2018-05-23 03:00:00,11.2,56.0,55,984,TS,NOAA IBTrACS v04r01
2018141N08059,2018,MEKUNU,2018-05-23 06:00:00,11.4,56.1,60,980,TS,NOAA IBTrACS v04r01
2018141N08059,2018,MEKUNU,2018-05-23 09:00:00,11.7,56.0,65,978,TS,NOAA IBTrACS v04r01
2018141N08059,2018,MEKUNU,2018-05-23 12:00:00,12.0,56.0,65,978,TS,NOAA IBTrACS v04r01
2018141N08059,2018,MEKUNU,2018-05-23 15:00:00,12.3,55.9,70,976,TS,NOAA IBTrACS v04r01
2018141N08059,2018,MEKUNU,2018-05-23 18:00:00,12.5,55.8,70,976,TS,NOAA IBTrACS v04r01
2018141N08059,2018,MEKUNU,2018-05-23 21:00:00,12.8,55.7,70,976,TS,NOAA IBTrACS v04r01
2018141N08059,2018,MEKUNU,2018-05-24 00:00:00,13.0,55.7,70,974,TS,NOAA IBTrACS v04r01
2018141N08059,2018,MEKUNU,2018-05-24 03:00:00,13.3,55.5,75,972,TS,NOAA IBTrACS v04r01
2018141N08059,2018,MEKUNU,2018-05-24 06:00:00,13.7,55.5,80,970,TS,NOAA IBTrACS v04r01
2018141N08059,2018,MEKUNU,2018-05-24 09:00:00,14.0,55.4,80,970,TS,NOAA IBTrACS v04r01
2018141N08059,2018,MEKUNU,2018-05-24 12:00:00,14.3,55.3,80,970,TS,NOAA IBTrACS v04r01
2018141N08059,2018,MEKUNU,2018-05-24 15:00:00,14.6,55.2,80,970,TS,NOAA IBTrACS v04r01
2018141N08059,2018,MEKUNU,2018-05-24 18:00:00,14.9,54.9,80,970,TS,NOAA IBTrACS v04r01
2018141N08059,2018,MEKUNU,2018-05-24 21:00:00,15.1,54.7,80,970,TS,NOAA IBTrACS v04r01
2018141N08059,2018,MEKUNU,2018-05-25 00:00:00,15.2,54.6,85,968,TS,NOAA IBTrACS v04r01
2018141N08059,2018,MEKUNU,2018-05-25 03:00:00,15.4,54.6,90,964,TS,NOAA IBTrACS v04r01
2018141N08059,2018,MEKUNU,2018-05-25 06:00:00,15.8,54.5,90,964,TS,NOAA IBTrACS v04r01
2018141N08059,2018,MEKUNU,2018-05-25 09:00:00,16.1,54.4,90,962,TS,NOAA IBTrACS v04r01
2018141N08059,2018,MEKUNU,2018-05-25 12:00:00,16.3,54.3,95,960,TS,NOAA IBTrACS v04r01
2018141N08059,2018,MEKUNU,2018-05-25 15:00:00,16.5,54.1,95,960,TS,NOAA IBTrACS v04r01
2018141N08059,2018,MEKUNU,2018-05-25 18:00:00,16.7,53.9,95,960,TS,NOAA IBTrACS v04r01
2018141N08059,2018,MEKUNU,2018-05-25 21:00:00,17.0,53.6,90,964,TS,NOAA IBTrACS v04r01
2018141N08059,2018,MEKUNU,2018-05-26 00:00:00,17.2,53.5,75,976,TS,NOAA IBTrACS v04r01
2018141N08059,2018,MEKUNU,2018-05-26 03:00:00,17.5,53.4,60,986,TS,NOAA IBTrACS v04r01
2018141N08059,2018,MEKUNU,2018-05-26 06:00:00,17.8,53.3,50,988,TS,NOAA IBTrACS v04r01
2018141N08059,2018,MEKUNU,2018-05-26 09:00:00,18.2,53.2,45,990,TS,NOAA IBTrACS v04r01
2018141N08059,2018,MEKUNU,2018-05-26 12:00:00,18.5,53.1,40,992,TS,NOAA IBTrACS v04r01
2018141N08059,2018,MEKUNU,2018-05-26 15:00:00,18.6,52.9,35,994,TS,NOAA IBTrACS v04r01
2018141N08059,2018,MEKUNU,2018-05-26 18:00:00,18.8,52.7,30,996,TS,NOAA IBTrACS v04r01
2018141N08059,2018,MEKUNU,2018-05-26 21:00:00,18.9,52.6,40,993,TS,NOAA IBTrACS v04r01
2018141N08059,2018,MEKUNU,2018-05-27 00:00:00,19.0,52.4,25,1000,TS,NOAA IBTrACS v04r01
2018141N08059,2018,MEKUNU,2018-05-27 03:00:00,19.0,52.1,33,998,TS,NOAA IBTrACS v04r01
2018141N08059,2018,MEKUNU,2018-05-27 06:00:00,19.0,52.0,30,1000,TS,NOAA IBTrACS v04r01
2018148N17090,2018,UNNAMED,2018-05-28 00:00:00,16.5,90.2,20,1007,DS,NOAA IBTrACS v04r01
2018148N17090,2018,UNNAMED,2018-05-28 03:00:00,16.7,90.4,23,1006,DS,NOAA IBTrACS v04r01
2018148N17090,2018,UNNAMED,2018-05-28 06:00:00,16.9,90.6,25,1004,TS,NOAA IBTrACS v04r01
2018148N17090,2018,UNNAMED,2018-05-28 09:00:00,17.1,90.8,25,1004,TS,NOAA IBTrACS v04r01
2018148N17090,2018,UNNAMED,2018-05-28 12:00:00,17.3,91.0,25,1004,TS,NOAA IBTrACS v04r01
2018148N17090,2018,UNNAMED,2018-05-28 15:00:00,17.5,91.2,28,1002,TS,NOAA IBTrACS v04r01
2018148N17090,2018,UNNAMED,2018-05-28 18:00:00,17.8,91.5,30,1000,DS,NOAA IBTrACS v04r01
2018148N17090,2018,UNNAMED,2018-05-28 21:00:00,18.0,91.7,33,998,DS,NOAA IBTrACS v04r01
2018148N17090,2018,UNNAMED,2018-05-29 00:00:00,18.3,92.0,35,996,TS,NOAA IBTrACS v04r01
2018148N17090,2018,UNNAMED,2018-05-29 03:00:00,18.5,92.3,38,995,TS,NOAA IBTrACS v04r01
2018148N17090,2018,UNNAMED,2018-05-29 06:00:00,18.7,92.5,25,998,TS,NOAA IBTrACS v04r01
2018148N17090,2018,UNNAMED,2018-05-29 09:00:00,19.0,92.9,43,991,TS,NOAA IBTrACS v04r01
2018148N17090,2018,UNNAMED,2018-05-29 12:00:00,19.4,93.3,30,992,TS,NOAA IBTrACS v04r01
2018148N17090,2018,UNNAMED,2018-05-29 15:00:00,19.7,93.6,40,993,TS,NOAA IBTrACS v04r01
2018148N17090,2018,UNNAMED,2018-05-29 18:00:00,20.0,94.0,30,994,TS,NOAA IBTrACS v04r01
2018148N17090,2018,UNNAMED,2018-05-29 21:00:00,20.6,94.7,33,998,TS,NOAA IBTrACS v04r01
2018148N17090,2018,UNNAMED,2018-05-30 00:00:00,21.3,95.4,25,996,TS,NOAA IBTrACS v04r01
2018148N17090,2018,UNNAMED,2018-05-30 03:00:00,21.8,95.8,20,998,TS,NOAA IBTrACS v04r01
2018161N22092,2018,UNNAMED,2018-06-10 06:00:00,22.3,91.5,25,990,TS,NOAA IBTrACS v04r01
2018161N22092,2018,UNNAMED,2018-06-10 09:00:00,22.5,91.5,,,TS,NOAA IBTrACS v04r01
2018161N22092,2018,UNNAMED,2018-06-10 12:00:00,22.7,91.4,25,988,TS,NOAA IBTrACS v04r01
2018161N22092,2018,UNNAMED,2018-06-10 15:00:00,22.9,91.4,,,TS,NOAA IBTrACS v04r01
2018161N22092,2018,UNNAMED,2018-06-10 18:00:00,23.0,91.3,20,990,TS,NOAA IBTrACS v04r01
2018202N21088,2018,UNNAMED,2018-07-21 03:00:00,21.0,88.0,25,989,TS,NOAA IBTrACS v04r01
2018202N21088,2018,UNNAMED,2018-07-21 06:00:00,21.4,87.7,25,989,TS,NOAA IBTrACS v04r01
2018202N21088,2018,UNNAMED,2018-07-21 09:00:00,21.5,87.6,30,988,TS,NOAA IBTrACS v04r01
2018202N21088,2018,UNNAMED,2018-07-21 12:00:00,21.7,87.4,30,988,TS,NOAA IBTrACS v04r01
2018202N21088,2018,UNNAMED,2018-07-21 15:00:00,21.9,87.2,,,TS,NOAA IBTrACS v04r01
2018202N21088,2018,UNNAMED,2018-07-21 18:00:00,22.0,87.0,25,990,TS,NOAA IBTrACS v04r01
2018202N21088,2018,UNNAMED,2018-07-21 21:00:00,22.0,87.0,,,TS,NOAA IBTrACS v04r01
2018202N21088,2018,UNNAMED,2018-07-22 00:00:00,22.2,86.8,25,992,TS,NOAA IBTrACS v04r01
2018202N21088,2018,UNNAMED,2018-07-22 03:00:00,22.6,86.2,25,992,TS,NOAA IBTrACS v04r01
2018202N21088,2018,UNNAMED,2018-07-22 06:00:00,22.7,86.1,25,992,TS,NOAA IBTrACS v04r01
2018202N21088,2018,UNNAMED,2018-07-22 09:00:00,22.8,85.7,,,TS,NOAA IBTrACS v04r01
2018202N21088,2018,UNNAMED,2018-07-22 12:00:00,23.0,85.1,25,992,TS,NOAA IBTrACS v04r01
2018202N21088,2018,UNNAMED,2018-07-22 15:00:00,23.2,84.8,,,TS,NOAA IBTrACS v04r01
2018202N21088,2018,UNNAMED,2018-07-22 18:00:00,23.5,84.5,20,993,TS,NOAA IBTrACS v04r01
2018202N21088,2018,UNNAMED,2018-07-22 21:00:00,23.7,84.3,,,TS,NOAA IBTrACS v04r01
2018202N21088,2018,UNNAMED,2018-07-23 00:00:00,23.9,84.0,20,993,TS,NOAA IBTrACS v04r01
2018219N21088,2018,UNNAMED,2018-08-07 09:00:00,21.5,87.5,25,992,TS,NOAA IBTrACS v04r01
2018219N21088,2018,UNNAMED,2018-08-07 12:00:00,21.5,87.0,25,994,TS,NOAA IBTrACS v04r01
2018219N21088,2018,UNNAMED,2018-08-07 15:00:00,21.5,86.5,,,TS,NOAA IBTrACS v04r01
2018219N21088,2018,UNNAMED,2018-08-07 18:00:00,21.6,86.0,25,995,TS,NOAA IBTrACS v04r01
2018219N21088,2018,UNNAMED,2018-08-07 21:00:00,21.7,85.3,,,TS,NOAA IBTrACS v04r01
2018219N21088,2018,UNNAMED,2018-08-08 00:00:00,21.7,84.5,20,996,TS,NOAA IBTrACS v04r01
2018227N20086,2018,UNNAMED,2018-08-15 03:00:00,20.0,86.0,25,993,TS,NOAA IBTrACS v04r01
2018227N20086,2018,UNNAMED,2018-08-15 06:00:00,20.1,85.6,25,993,TS,NOAA IBTrACS v04r01
2018227N20086,2018,UNNAMED,2018-08-15 09:00:00,20.2,85.3,,,TS,NOAA IBTrACS v04r01
2018227N20086,2018,UNNAMED,2018-08-15 12:00:00,20.2,85.0,25,993,TS,NOAA IBTrACS v04r01
2018227N20086,2018,UNNAMED,2018-08-15 15:00:00,20.2,84.6,,,TS,NOAA IBTrACS v04r01
2018227N20086,2018,UNNAMED,2018-08-15 18:00:00,20.3,84.0,25,993,TS,NOAA IBTrACS v04r01
2018227N20086,2018,UNNAMED,2018-08-15 21:00:00,20.4,83.1,,,TS,NOAA IBTrACS v04r01
2018227N20086,2018,UNNAMED,2018-08-16 00:00:00,20.5,82.0,25,994,TS,NOAA IBTrACS v04r01
2018227N20086,2018,UNNAMED,2018-08-16 03:00:00,20.6,81.0,20,994,TS,NOAA IBTrACS v04r01
2018227N20086,2018,UNNAMED,2018-08-16 06:00:00,20.7,80.5,20,994,TS,NOAA IBTrACS v04r01
2018227N20086,2018,UNNAMED,2018-08-16 09:00:00,20.9,79.4,,,TS,NOAA IBTrACS v04r01
2018227N20086,2018,UNNAMED,2018-08-16 12:00:00,21.1,78.3,20,994,TS,NOAA IBTrACS v04r01
2018227N20086,2018,UNNAMED,2018-08-16 15:00:00,21.1,77.9,,,TS,NOAA IBTrACS v04r01
2018227N20086,2018,UNNAMED,2018-08-16 18:00:00,21.2,77.5,20,994,TS,NOAA IBTrACS v04r01
2018227N20086,2018,UNNAMED,2018-08-16 21:00:00,21.4,76.8,,,TS,NOAA IBTrACS v04r01
2018227N20086,2018,UNNAMED,2018-08-17 00:00:00,21.8,75.8,20,994,TS,NOAA IBTrACS v04r01
2018249N22088,2018,UNNAMED,2018-09-06 00:00:00,21.8,88.0,25,992,TS,NOAA IBTrACS v04r01
2018249N22088,2018,UNNAMED,2018-09-06 03:00:00,21.8,87.9,30,990,TS,NOAA IBTrACS v04r01
2018249N22088,2018,UNNAMED,2018-09-06 06:00:00,21.8,87.6,30,990,TS,NOAA IBTrACS v04r01
2018249N22088,2018,UNNAMED,2018-09-06 09:00:00,21.7,87.2,,,TS,NOAA IBTrACS v04r01
2018249N22088,2018,UNNAMED,2018-09-06 12:00:00,21.7,86.8,30,990,TS,NOAA IBTrACS v04r01
2018249N22088,2018,UNNAMED,2018-09-06 15:00:00,21.8,86.5,,,TS,NOAA IBTrACS v04r01
2018249N22088,2018,UNNAMED,2018-09-06 18:00:00,21.9,86.0,30,990,TS,NOAA IBTrACS v04r01
2018249N22088,2018,UNNAMED,2018-09-06 21:00:00,21.9,85.0,,,TS,NOAA IBTrACS v04r01
2018249N22088,2018,UNNAMED,2018-09-07 00:00:00,22.2,84.0,25,991,TS,NOAA IBTrACS v04r01
2018249N22088,2018,UNNAMED,2018-09-07 03:00:00,22.9,83.3,20,992,TS,NOAA IBTrACS v04r01
2018263N17089,2018,DAYE,2018-09-19 15:00:00,17.2,89.0,25,997,TS,NOAA IBTrACS v04r01
2018263N17089,2018,DAYE,2018-09-19 18:00:00,17.2,88.3,25,996,TS,NOAA IBTrACS v04r01
2018263N17089,2018,DAYE,2018-09-19 21:00:00,17.2,87.8,30,999,TS,NOAA IBTrACS v04r01
2018263N17089,2018,DAYE,2018-09-20 00:00:00,17.2,87.4,25,996,TS,NOAA IBTrACS v04r01
2018263N17089,2018,DAYE,2018-09-20 03:00:00,17.3,87.1,30,995,TS,NOAA IBTrACS v04r01
2018263N17089,2018,DAYE,2018-09-20 06:00:00,17.6,87.0,30,995,TS,NOAA IBTrACS v04r01
2018263N17089,2018,DAYE,2018-09-20 09:00:00,17.9,86.6,33,996,TS,NOAA IBTrACS v04r01
2018263N17089,2018,DAYE,2018-09-20 12:00:00,18.3,86.1,30,994,TS,NOAA IBTrACS v04r01
2018263N17089,2018,DAYE,2018-09-20 15:00:00,18.6,85.8,35,992,TS,NOAA IBTrACS v04r01
2018263N17089,2018,DAYE,2018-09-20 18:00:00,19.1,85.2,35,992,TS,NOAA IBTrACS v04r01
2018263N17089,2018,DAYE,2018-09-20 21:00:00,19.4,84.4,35,993,TS,NOAA IBTrACS v04r01
2018263N17089,2018,DAYE,2018-09-21 00:00:00,19.8,83.6,30,994,TS,NOAA IBTrACS v04r01
2018263N17089,2018,DAYE,2018-09-21 03:00:00,20.1,82.5,30,994,TS,NOAA IBTrACS v04r01
2018263N17089,2018,DAYE,2018-09-21 06:00:00,20.5,81.5,30,995,TS,NOAA IBTrACS v04r01
2018263N17089,2018,DAYE,2018-09-21 09:00:00,20.9,80.7,28,1002,TS,NOAA IBTrACS v04r01
2018263N17089,2018,DAYE,2018-09-21 12:00:00,21.2,80.1,25,996,TS,NOAA IBTrACS v04r01
2018263N17089,2018,DAYE,2018-09-21 15:00:00,21.4,79.5,,,TS,NOAA IBTrACS v04r01
2018263N17089,2018,DAYE,2018-09-21 18:00:00,21.4,78.7,25,996,TS,NOAA IBTrACS v04r01
2018263N17089,2018,DAYE,2018-09-21 21:00:00,21.8,77.8,,,TS,NOAA IBTrACS v04r01
2018263N17089,2018,DAYE,2018-09-22 00:00:00,22.3,76.9,25,997,TS,NOAA IBTrACS v04r01
2018263N17089,2018,DAYE,2018-09-22 03:00:00,22.9,76.3,20,998,TS,NOAA IBTrACS v04r01
2018263N17089,2018,DAYE,2018-09-22 06:00:00,22.9,76.3,20,999,TS,NOAA IBTrACS v04r01
2018279N11069,2018,LUBAN,2018-10-05 18:00:00,11.2,68.9,20,1004,DS,NOAA IBTrACS v04r01
2018279N11069,2018,LUBAN,2018-10-05 21:00:00,11.1,68.4,20,1006,DS,NOAA IBTrACS v04r01
2018279N11069,2018,LUBAN,2018-10-06 00:00:00,11.0,67.9,20,1007,DS,NOAA IBTrACS v04r01
2018279N11069,2018,LUBAN,2018-10-06 03:00:00,11.0,67.5,23,1007,DS,NOAA IBTrACS v04r01
2018279N11069,2018,LUBAN,2018-10-06 06:00:00,11.0,67.1,25,1006,TS,NOAA IBTrACS v04r01
2018279N11069,2018,LUBAN,2018-10-06 09:00:00,11.0,66.9,25,1003,TS,NOAA IBTrACS v04r01
2018279N11069,2018,LUBAN,2018-10-06 12:00:00,11.1,66.8,25,1002,TS,NOAA IBTrACS v04r01
2018279N11069,2018,LUBAN,2018-10-06 15:00:00,11.2,66.6,25,1004,TS,NOAA IBTrACS v04r01
2018279N11069,2018,LUBAN,2018-10-06 18:00:00,11.4,66.4,25,1002,TS,NOAA IBTrACS v04r01
2018279N11069,2018,LUBAN,2018-10-06 21:00:00,11.4,66.2,25,1004,TS,NOAA IBTrACS v04r01
2018279N11069,2018,LUBAN,2018-10-07 00:00:00,11.5,66.0,25,1002,TS,NOAA IBTrACS v04r01
2018279N11069,2018,LUBAN,2018-10-07 03:00:00,11.7,65.7,25,1002,TS,NOAA IBTrACS v04r01
2018279N11069,2018,LUBAN,2018-10-07 06:00:00,11.8,65.3,25,1002,TS,NOAA IBTrACS v04r01
2018279N11069,2018,LUBAN,2018-10-07 09:00:00,11.8,64.8,30,1001,TS,NOAA IBTrACS v04r01
2018279N11069,2018,LUBAN,2018-10-07 12:00:00,12.0,64.3,30,1001,TS,NOAA IBTrACS v04r01
2018279N11069,2018,LUBAN,2018-10-07 15:00:00,12.0,63.9,33,998,TS,NOAA IBTrACS v04r01
2018279N11069,2018,LUBAN,2018-10-07 18:00:00,12.0,63.5,30,1000,TS,NOAA IBTrACS v04r01
2018279N11069,2018,LUBAN,2018-10-07 21:00:00,12.0,63.0,38,995,TS,NOAA IBTrACS v04r01
2018279N11069,2018,LUBAN,2018-10-08 00:00:00,12.1,62.5,35,999,TS,NOAA IBTrACS v04r01
2018279N11069,2018,LUBAN,2018-10-08 03:00:00,12.1,62.1,40,998,TS,NOAA IBTrACS v04r01
2018279N11069,2018,LUBAN,2018-10-08 06:00:00,12.2,61.9,40,997,TS,NOAA IBTrACS v04r01
2018279N11069,2018,LUBAN,2018-10-08 09:00:00,12.3,61.6,45,996,TS,NOAA IBTrACS v04r01
2018279N11069,2018,LUBAN,2018-10-08 12:00:00,12.4,61.3,45,996,TS,NOAA IBTrACS v04r01
2018279N11069,2018,LUBAN,2018-10-08 15:00:00,12.5,61.1,45,996,TS,NOAA IBTrACS v04r01
2018279N11069,2018,LUBAN,2018-10-08 18:00:00,12.6,60.9,45,994,TS,NOAA IBTrACS v04r01
2018279N11069,2018,LUBAN,2018-10-08 21:00:00,12.7,60.6,45,994,TS,NOAA IBTrACS v04r01
2018279N11069,2018,LUBAN,2018-10-09 00:00:00,12.8,60.5,45,994,TS,NOAA IBTrACS v04r01
2018279N11069,2018,LUBAN,2018-10-09 03:00:00,12.9,60.4,45,994,TS,NOAA IBTrACS v04r01
2018279N11069,2018,LUBAN,2018-10-09 06:00:00,13.0,60.4,45,994,TS,NOAA IBTrACS v04r01
2018279N11069,2018,LUBAN,2018-10-09 09:00:00,13.1,60.3,50,992,TS,NOAA IBTrACS v04r01
2018279N11069,2018,LUBAN,2018-10-09 12:00:00,13.2,60.1,55,990,TS,NOAA IBTrACS v04r01
2018279N11069,2018,LUBAN,2018-10-09 15:00:00,13.4,59.8,55,990,TS,NOAA IBTrACS v04r01
2018279N11069,2018,LUBAN,2018-10-09 18:00:00,13.6,59.6,55,990,TS,NOAA IBTrACS v04r01
2018279N11069,2018,LUBAN,2018-10-09 21:00:00,13.7,59.3,60,988,TS,NOAA IBTrACS v04r01
2018279N11069,2018,LUBAN,2018-10-10 00:00:00,14.0,59.2,65,985,TS,NOAA IBTrACS v04r01
2018279N11069,2018,LUBAN,2018-10-10 03:00:00,14.1,59.1,65,984,TS,NOAA IBTrACS v04r01
2018279N11069,2018,LUBAN,2018-10-10 06:00:00,14.2,59.0,75,978,TS,NOAA IBTrACS v04r01
2018279N11069,2018,LUBAN,2018-10-10 09:00:00,14.4,58.7,75,978,TS,NOAA IBTrACS v04r01
2018279N11069,2018,LUBAN,2018-10-10 12:00:00,14.4,58.6,75,978,TS,NOAA IBTrACS v04r01
2018279N11069,2018,LUBAN,2018-10-10 15:00:00,14.5,58.5,75,978,TS,NOAA IBTrACS v04r01
2018279N11069,2018,LUBAN,2018-10-10 18:00:00,14.5,58.4,75,978,TS,NOAA IBTrACS v04r01
2018279N11069,2018,LUBAN,2018-10-10 21:00:00,14.5,58.4,75,978,TS,NOAA IBTrACS v04r01
2018279N11069,2018,LUBAN,2018-10-11 00:00:00,14.6,58.2,75,978,TS,NOAA IBTrACS v04r01
2018279N11069,2018,LUBAN,2018-10-11 03:00:00,14.4,58.0,70,980,TS,NOAA IBTrACS v04r01
2018279N11069,2018,LUBAN,2018-10-11 06:00:00,14.5,57.9,70,980,TS,NOAA IBTrACS v04r01
2018279N11069,2018,LUBAN,2018-10-11 09:00:00,14.5,57.9,70,980,TS,NOAA IBTrACS v04r01
2018279N11069,2018,LUBAN,2018-10-11 12:00:00,14.5,57.8,70,980,TS,NOAA IBTrACS v04r01
2018279N11069,2018,LUBAN,2018-10-11 15:00:00,14.5,57.8,70,980,TS,NOAA IBTrACS v04r01
2018279N11069,2018,LUBAN,2018-10-11 18:00:00,14.6,57.7,70,980,TS,NOAA IBTrACS v04r01
2018279N11069,2018,LUBAN,2018-10-11 21:00:00,14.7,57.7,65,980,TS,NOAA IBTrACS v04r01
2018279N11069,2018,LUBAN,2018-10-12 00:00:00,14.7,57.6,60,984,TS,NOAA IBTrACS v04r01
2018279N11069,2018,LUBAN,2018-10-12 03:00:00,14.6,57.5,55,987,TS,NOAA IBTrACS v04r01
2018279N11069,2018,LUBAN,2018-10-12 06:00:00,14.7,57.4,50,990,TS,NOAA IBTrACS v04r01
2018279N11069,2018,LUBAN,2018-10-12 09:00:00,14.6,57.2,50,990,TS,NOAA IBTrACS v04r01
2018279N11069,2018,LUBAN,2018-10-12 12:00:00,14.7,57.0,50,991,TS,NOAA IBTrACS v04r01
2018279N11069,2018,LUBAN,2018-10-12 15:00:00,14.7,56.8,50,992,TS,NOAA IBTrACS v04r01
2018279N11069,2018,LUBAN,2018-10-12 18:00:00,14.8,56.5,45,994,TS,NOAA IBTrACS v04r01
2018279N11069,2018,LUBAN,2018-10-12 21:00:00,14.8,56.2,45,994,TS,NOAA IBTrACS v04r01
2018279N11069,2018,LUBAN,2018-10-13 00:00:00,14.8,55.9,45,994,TS,NOAA IBTrACS v04r01
2018279N11069,2018,LUBAN,2018-10-13 03:00:00,14.8,55.6,40,994,TS,NOAA IBTrACS v04r01
2018279N11069,2018,LUBAN,2018-10-13 06:00:00,14.9,55.3,40,994,TS,NOAA IBTrACS v04r01
2018279N11069,2018,LUBAN,2018-10-13 09:00:00,14.9,54.9,40,994,TS,NOAA IBTrACS v04r01
2018279N11069,2018,LUBAN,2018-10-13 12:00:00,14.9,54.5,40,994,TS,NOAA IBTrACS v04r01
2018279N11069,2018,LUBAN,2018-10-13 15:00:00,14.9,54.1,40,994,TS,NOAA IBTrACS v04r01
2018279N11069,2018,LUBAN,2018-10-13 18:00:00,15.1,53.7,40,996,TS,NOAA IBTrACS v04r01
2018279N11069,2018,LUBAN,2018-10-13 21:00:00,15.2,53.3,40,996,TS,NOAA IBTrACS v04r01
2018279N11069,2018,LUBAN,2018-10-14 00:00:00,15.4,52.8,40,998,TS,NOAA IBTrACS v04r01
2018279N11069,2018,LUBAN,2018-10-14 03:00:00,15.6,52.5,40,998,TS,NOAA IBTrACS v04r01
2018279N11069,2018,LUBAN,2018-10-14 06:00:00,15.9,52.2,35,999,TS,NOAA IBTrACS v04r01
2018279N11069,2018,LUBAN,2018-10-14 09:00:00,15.9,51.8,30,1000,TS,NOAA IBTrACS v04r01
2018279N11069,2018,LUBAN,2018-10-14 12:00:00,16.0,51.4,30,1001,TS,NOAA IBTrACS v04r01
2018279N11069,2018,LUBAN,2018-10-14 15:00:00,16.1,51.1,28,1002,TS,NOAA IBTrACS v04r01
2018279N11069,2018,LUBAN,2018-10-14 18:00:00,16.3,50.8,25,1002,TS,NOAA IBTrACS v04r01
2018279N11069,2018,LUBAN,2018-10-14 21:00:00,16.2,50.0,,,TS,NOAA IBTrACS v04r01
2018279N11069,2018,LUBAN,2018-10-15 00:00:00,16.2,49.0,25,1003,TS,NOAA IBTrACS v04r01
2018281N14088,2018,TITLI,2018-10-08 00:00:00,14.2,88.4,20,1007,DS,NOAA IBTrACS v04r01
2018281N14088,2018,TITLI,2018-10-08 03:00:00,14.1,88.4,25,1002,MX,NOAA IBTrACS v04r01
2018281N14088,2018,TITLI,2018-10-08 06:00:00,14.1,88.3,25,1002,TS,NOAA IBTrACS v04r01
2018281N14088,2018,TITLI,2018-10-08 09:00:00,14.2,88.1,28,1004,TS,NOAA IBTrACS v04r01
2018281N14088,2018,TITLI,2018-10-08 12:00:00,14.3,87.9,25,1002,TS,NOAA IBTrACS v04r01
2018281N14088,2018,TITLI,2018-10-08 15:00:00,14.4,87.7,30,1001,TS,NOAA IBTrACS v04r01
2018281N14088,2018,TITLI,2018-10-08 18:00:00,14.5,87.5,30,1000,TS,NOAA IBTrACS v04r01
2018281N14088,2018,TITLI,2018-10-08 21:00:00,14.6,87.3,33,998,TS,NOAA IBTrACS v04r01
2018281N14088,2018,TITLI,2018-10-09 00:00:00,14.7,87.1,30,1000,TS,NOAA IBTrACS v04r01
2018281N14088,2018,TITLI,2018-10-09 03:00:00,14.7,86.9,30,999,TS,NOAA IBTrACS v04r01
2018281N14088,2018,TITLI,2018-10-09 06:00:00,14.8,86.8,35,998,TS,NOAA IBTrACS v04r01
2018281N14088,2018,TITLI,2018-10-09 09:00:00,14.9,86.7,35,997,TS,NOAA IBTrACS v04r01
2018281N14088,2018,TITLI,2018-10-09 12:00:00,15.1,86.6,40,996,TS,NOAA IBTrACS v04r01
2018281N14088,2018,TITLI,2018-10-09 15:00:00,15.3,86.5,40,995,TS,NOAA IBTrACS v04r01
2018281N14088,2018,TITLI,2018-10-09 18:00:00,15.6,86.3,45,996,TS,NOAA IBTrACS v04r01
2018281N14088,2018,TITLI,2018-10-09 21:00:00,15.8,86.1,50,994,TS,NOAA IBTrACS v04r01
2018281N14088,2018,TITLI,2018-10-10 00:00:00,16.1,86.0,55,990,TS,NOAA IBTrACS v04r01
2018281N14088,2018,TITLI,2018-10-10 03:00:00,16.5,85.9,60,988,TS,NOAA IBTrACS v04r01
2018281N14088,2018,TITLI,2018-10-10 06:00:00,17.0,85.6,70,982,TS,NOAA IBTrACS v04r01
2018281N14088,2018,TITLI,2018-10-10 09:00:00,17.3,85.4,75,976,TS,NOAA IBTrACS v04r01
2018281N14088,2018,TITLI,2018-10-10 12:00:00,17.6,85.3,80,972,TS,NOAA IBTrACS v04r01
2018281N14088,2018,TITLI,2018-10-10 15:00:00,17.8,85.1,80,972,TS,NOAA IBTrACS v04r01
2018281N14088,2018,TITLI,2018-10-10 18:00:00,18.3,85.0,80,972,TS,NOAA IBTrACS v04r01
2018281N14088,2018,TITLI,2018-10-10 21:00:00,18.6,84.6,80,972,TS,NOAA IBTrACS v04r01
2018281N14088,2018,TITLI,2018-10-11 00:00:00,18.8,84.4,80,972,TS,NOAA IBTrACS v04r01
2018281N14088,2018,TITLI,2018-10-11 03:00:00,18.9,84.1,65,985,TS,NOAA IBTrACS v04r01
2018281N14088,2018,TITLI,2018-10-11 06:00:00,19.2,83.9,60,988,TS,NOAA IBTrACS v04r01
2018281N14088,2018,TITLI,2018-10-11 09:00:00,19.4,83.8,50,994,TS,NOAA IBTrACS v04r01
2018281N14088,2018,TITLI,2018-10-11 12:00:00,19.7,83.8,45,996,TS,NOAA IBTrACS v04r01
2018281N14088,2018,TITLI,2018-10-11 15:00:00,19.9,83.9,40,998,TS,NOAA IBTrACS v04r01
2018281N14088,2018,TITLI,2018-10-11 18:00:00,20.1,84.2,30,999,TS,NOAA IBTrACS v04r01
2018281N14088,2018,TITLI,2018-10-11 21:00:00,20.3,84.4,48,988,TS,NOAA IBTrACS v04r01
2018281N14088,2018,TITLI,2018-10-12 00:00:00,20.5,84.7,30,1000,TS,NOAA IBTrACS v04r01
2018281N14088,2018,TITLI,2018-10-12 03:00:00,20.7,85.0,30,1001,TS,NOAA IBTrACS v04r01
2018281N14088,2018,TITLI,2018-10-12 06:00:00,20.9,85.3,30,1001,TS,NOAA IBTrACS v04r01
2018281N14088,2018,TITLI,2018-10-12 09:00:00,20.9,85.5,25,1002,TS,NOAA IBTrACS v04r01
2018281N14088,2018,TITLI,2018-10-12 12:00:00,21.2,86.1,25,1002,TS,NOAA IBTrACS v04r01
2018281N14088,2018,TITLI,2018-10-12 15:00:00,21.6,86.7,,,TS,NOAA IBTrACS v04r01
2018281N14088,2018,TITLI,2018-10-12 18:00:00,21.9,87.2,25,1003,TS,NOAA IBTrACS v04r01
2018281N14088,2018,TITLI,2018-10-12 21:00:00,22.1,87.5,20,1004,TS,NOAA IBTrACS v04r01
2018314N12093,2018,GAJA,2018-11-10 03:00:00,11.7,92.5,25,1003,TS,NOAA IBTrACS v04r01
2018314N12093,2018,GAJA,2018-11-10 06:00:00,12.0,92.0,25,1002,TS,NOAA IBTrACS v04r01
2018314N12093,2018,GAJA,2018-11-10 09:00:00,12.3,91.4,,,TS,NOAA IBTrACS v04r01
2018314N12093,2018,GAJA,2018-11-10 12:00:00,12.7,90.7,30,1001,MX,NOAA IBTrACS v04r01
2018314N12093,2018,GAJA,2018-11-10 15:00:00,12.9,90.2,33,1002,MX,NOAA IBTrACS v04r01
2018314N12093,2018,GAJA,2018-11-10 18:00:00,13.1,89.8,30,1000,TS,NOAA IBTrACS v04r01
2018314N12093,2018,GAJA,2018-11-10 21:00:00,13.2,89.5,35,998,TS,NOAA IBTrACS v04r01
2018314N12093,2018,GAJA,2018-11-11 00:00:00,13.4,89.2,35,999,TS,NOAA IBTrACS v04r01
2018314N12093,2018,GAJA,2018-11-11 03:00:00,13.4,88.8,35,999,TS,NOAA IBTrACS v04r01
2018314N12093,2018,GAJA,2018-11-11 06:00:00,13.4,88.5,40,998,TS,NOAA IBTrACS v04r01
2018314N12093,2018,GAJA,2018-11-11 09:00:00,13.4,88.0,40,998,TS,NOAA IBTrACS v04r01
2018314N12093,2018,GAJA,2018-11-11 12:00:00,13.3,87.7,40,998,TS,NOAA IBTrACS v04r01
2018314N12093,2018,GAJA,2018-11-11 15:00:00,13.2,87.5,40,998,TS,NOAA IBTrACS v04r01
2018314N12093,2018,GAJA,2018-11-11 18:00:00,13.1,87.3,40,998,TS,NOAA IBTrACS v04r01
2018314N12093,2018,GAJA,2018-11-11 21:00:00,13.1,87.2,40,998,TS,NOAA IBTrACS v04r01
2018314N12093,2018,GAJA,2018-11-12 00:00:00,12.9,87.2,40,998,TS,NOAA IBTrACS v04r01
2018314N12093,2018,GAJA,2018-11-12 03:00:00,12.7,87.2,40,998,TS,NOAA IBTrACS v04r01
2018314N12093,2018,GAJA,2018-11-12 06:00:00,12.6,87.3,40,998,TS,NOAA IBTrACS v04r01
2018314N12093,2018,GAJA,2018-11-12 09:00:00,12.7,87.3,40,998,TS,NOAA IBTrACS v04r01
2018314N12093,2018,GAJA,2018-11-12 12:00:00,12.8,87.6,40,998,TS,NOAA IBTrACS v04r01
2018314N12093,2018,GAJA,2018-11-12 15:00:00,13.0,87.6,40,998,TS,NOAA IBTrACS v04r01
2018314N12093,2018,GAJA,2018-11-12 18:00:00,13.3,87.6,45,996,TS,NOAA IBTrACS v04r01
2018314N12093,2018,GAJA,2018-11-12 21:00:00,13.4,87.4,45,996,TS,NOAA IBTrACS v04r01
2018314N12093,2018,GAJA,2018-11-13 00:00:00,13.6,87.2,40,998,TS,NOAA IBTrACS v04r01
2018314N12093,2018,GAJA,2018-11-13 03:00:00,13.6,87.0,40,998,TS,NOAA IBTrACS v04r01
2018314N12093,2018,GAJA,2018-11-13 06:00:00,13.7,86.6,40,998,TS,NOAA IBTrACS v04r01
2018314N12093,2018,GAJA,2018-11-13 09:00:00,13.6,86.3,40,998,TS,NOAA IBTrACS v04r01
2018314N12093,2018,GAJA,2018-11-13 12:00:00,13.5,86.1,40,998,TS,NOAA IBTrACS v04r01
2018314N12093,2018,GAJA,2018-11-13 15:00:00,13.4,85.9,40,998,TS,NOAA IBTrACS v04r01
2018314N12093,2018,GAJA,2018-11-13 18:00:00,13.3,85.7,40,998,TS,NOAA IBTrACS v04r01
2018314N12093,2018,GAJA,2018-11-13 21:00:00,13.2,85.5,40,998,TS,NOAA IBTrACS v04r01
2018314N12093,2018,GAJA,2018-11-14 00:00:00,13.1,85.4,40,998,TS,NOAA IBTrACS v04r01
2018314N12093,2018,GAJA,2018-11-14 03:00:00,13.0,85.2,40,998,TS,NOAA IBTrACS v04r01
2018314N12093,2018,GAJA,2018-11-14 06:00:00,12.8,85.0,45,996,TS,NOAA IBTrACS v04r01
2018314N12093,2018,GAJA,2018-11-14 09:00:00,12.6,84.7,45,996,TS,NOAA IBTrACS v04r01
2018314N12093,2018,GAJA,2018-11-14 12:00:00,12.4,84.4,45,996,TS,NOAA IBTrACS v04r01
2018314N12093,2018,GAJA,2018-11-14 15:00:00,12.2,84.2,45,996,TS,NOAA IBTrACS v04r01
2018314N12093,2018,GAJA,2018-11-14 18:00:00,12.0,83.9,45,996,TS,NOAA IBTrACS v04r01
2018314N12093,2018,GAJA,2018-11-14 21:00:00,11.8,83.5,45,996,TS,NOAA IBTrACS v04r01
2018314N12093,2018,GAJA,2018-11-15 00:00:00,11.5,83.1,45,996,TS,NOAA IBTrACS v04r01
2018314N12093,2018,GAJA,2018-11-15 03:00:00,11.4,82.7,50,994,TS,NOAA IBTrACS v04r01
2018314N12093,2018,GAJA,2018-11-15 06:00:00,11.3,82.2,55,990,TS,NOAA IBTrACS v04r01
2018314N12093,2018,GAJA,2018-11-15 09:00:00,11.1,81.6,55,989,TS,NOAA IBTrACS v04r01
2018314N12093,2018,GAJA,2018-11-15 12:00:00,10.9,81.2,60,988,TS,NOAA IBTrACS v04r01
2018314N12093,2018,GAJA,2018-11-15 15:00:00,10.7,80.7,65,984,TS,NOAA IBTrACS v04r01
2018314N12093,2018,GAJA,2018-11-15 18:00:00,10.6,80.3,70,976,TS,NOAA IBTrACS v04r01
2018314N12093,2018,GAJA,2018-11-15 21:00:00,10.5,79.7,70,976,TS,NOAA IBTrACS v04r01
2018314N12093,2018,GAJA,2018-11-16 00:00:00,10.5,79.1,55,990,TS,NOAA IBTrACS v04r01
2018314N12093,2018,GAJA,2018-11-16 03:00:00,10.4,78.5,45,996,TS,NOAA IBTrACS v04r01
2018314N12093,2018,GAJA,2018-11-16 06:00:00,10.5,77.6,30,1000,TS,NOAA IBTrACS v04r01
2018314N12093,2018,GAJA,2018-11-16 09:00:00,10.3,76.9,50,986,TS,NOAA IBTrACS v04r01
2018314N12093,2018,GAJA,2018-11-16 12:00:00,10.0,76.3,25,1002,TS,NOAA IBTrACS v04r01
2018314N12093,2018,GAJA,2018-11-16 15:00:00,9.9,75.8,43,991,TS,NOAA IBTrACS v04r01
2018314N12093,2018,GAJA,2018-11-16 18:00:00,9.8,75.3,25,1002,TS,NOAA IBTrACS v04r01
2018314N12093,2018,GAJA,2018-11-16 21:00:00,9.7,74.7,40,999,TS,NOAA IBTrACS v04r01
2018314N12093,2018,GAJA,2018-11-17 00:00:00,9.7,74.2,30,1003,TS,NOAA IBTrACS v04r01
2018314N12093,2018,GAJA,2018-11-17 03:00:00,9.7,73.5,30,1003,TS,NOAA IBTrACS v04r01
2018314N12093,2018,GAJA,2018-11-17 06:00:00,9.8,73.0,30,1003,TS,NOAA IBTrACS v04r01
2018314N12093,2018,GAJA,2018-11-17 09:00:00,9.9,72.4,40,1004,TS,NOAA IBTrACS v04r01
2018314N12093,2018,GAJA,2018-11-17 12:00:00,10.0,71.8,30,1003,TS,NOAA IBTrACS v04r01
2018314N12093,2018,GAJA,2018-11-17 15:00:00,10.1,71.2,38,1005,TS,NOAA IBTrACS v04r01
2018314N12093,2018,GAJA,2018-11-17 18:00:00,10.2,70.7,30,1003,TS,NOAA IBTrACS v04r01
2018314N12093,2018,GAJA,2018-11-17 21:00:00,10.3,70.2,33,1007,TS,NOAA IBTrACS v04r01
2018314N12093,2018,GAJA,2018-11-18 00:00:00,10.4,69.8,30,1003,TS,NOAA IBTrACS v04r01
2018314N12093,2018,GAJA,2018-11-18 03:00:00,10.5,69.5,30,1003,TS,NOAA IBTrACS v04r01
2018314N12093,2018,GAJA,2018-11-18 06:00:00,10.5,69.1,30,1003,TS,NOAA IBTrACS v04r01
2018314N12093,2018,GAJA,2018-11-18 09:00:00,10.6,68.8,23,1009,TS,NOAA IBTrACS v04r01
2018314N12093,2018,GAJA,2018-11-18 12:00:00,10.6,68.5,30,1003,MX,NOAA IBTrACS v04r01
2018314N12093,2018,GAJA,2018-11-18 15:00:00,10.6,68.0,20,1009,MX,NOAA IBTrACS v04r01
2018314N12093,2018,GAJA,2018-11-18 18:00:00,10.7,67.5,30,1003,MX,NOAA IBTrACS v04r01
2018314N12093,2018,GAJA,2018-11-18 21:00:00,10.7,67.1,20,1010,MX,NOAA IBTrACS v04r01
2018314N12093,2018,GAJA,2018-11-19 00:00:00,10.8,66.6,30,1003,MX,NOAA IBTrACS v04r01
2018314N12093,2018,GAJA,2018-11-19 03:00:00,10.9,66.3,30,1003,MX,NOAA IBTrACS v04r01
2018314N12093,2018,GAJA,2018-11-19 06:00:00,11.0,65.8,25,1004,MX,NOAA IBTrACS v04r01
2018314N12093,2018,GAJA,2018-11-19 09:00:00,11.2,65.4,,,TS,NOAA IBTrACS v04r01
2018314N12093,2018,GAJA,2018-11-19 12:00:00,11.2,65.0,25,1004,TS,NOAA IBTrACS v04r01
2018347N07089,2018,PHETHAI,2018-12-13 00:00:00,6.5,88.7,25,1004,TS,NOAA IBTrACS v04r01
2018347N07089,2018,PHETHAI,2018-12-13 03:00:00,6.7,88.6,25,1004,TS,NOAA IBTrACS v04r01
2018347N07089,2018,PHETHAI,2018-12-13 06:00:00,6.8,88.5,25,1003,TS,NOAA IBTrACS v04r01
2018347N07089,2018,PHETHAI,2018-12-13 09:00:00,7.0,88.4,,,TS,NOAA IBTrACS v04r01
2018347N07089,2018,PHETHAI,2018-12-13 12:00:00,7.2,88.3,25,1003,TS,NOAA IBTrACS v04r01
2018347N07089,2018,PHETHAI,2018-12-13 15:00:00,7.4,88.2,30,1000,TS,NOAA IBTrACS v04r01
2018347N07089,2018,PHETHAI,2018-12-13 18:00:00,7.5,88.0,30,1002,TS,NOAA IBTrACS v04r01
2018347N07089,2018,PHETHAI,2018-12-13 21:00:00,7.7,87.8,30,1000,TS,NOAA IBTrACS v04r01
2018347N07089,2018,PHETHAI,2018-12-14 00:00:00,7.9,87.6,30,1002,TS,NOAA IBTrACS v04r01
2018347N07089,2018,PHETHAI,2018-12-14 03:00:00,8.1,87.5,30,1002,TS,NOAA IBTrACS v04r01
2018347N07089,2018,PHETHAI,2018-12-14 06:00:00,8.2,87.4,30,1002,TS,NOAA IBTrACS v04r01
2018347N07089,2018,PHETHAI,2018-12-14 09:00:00,8.2,87.1,30,1000,TS,NOAA IBTrACS v04r01
2018347N07089,2018,PHETHAI,2018-12-14 12:00:00,8.3,86.8,30,1002,TS,NOAA IBTrACS v04r01
2018347N07089,2018,PHETHAI,2018-12-14 15:00:00,8.5,86.5,30,1000,TS,NOAA IBTrACS v04r01
2018347N07089,2018,PHETHAI,2018-12-14 18:00:00,8.7,86.3,30,1002,TS,NOAA IBTrACS v04r01
2018347N07089,2018,PHETHAI,2018-12-14 21:00:00,8.8,86.0,30,1000,TS,NOAA IBTrACS v04r01
2018347N07089,2018,PHETHAI,2018-12-15 00:00:00,9.0,85.7,30,1002,TS,NOAA IBTrACS v04r01
2018347N07089,2018,PHETHAI,2018-12-15 03:00:00,9.3,85.4,30,1001,TS,NOAA IBTrACS v04r01
2018347N07089,2018,PHETHAI,2018-12-15 06:00:00,9.5,85.3,30,1001,TS,NOAA IBTrACS v04r01
2018347N07089,2018,PHETHAI,2018-12-15 09:00:00,9.9,85.1,38,995,TS,NOAA IBTrACS v04r01
2018347N07089,2018,PHETHAI,2018-12-15 12:00:00,10.2,84.9,35,1000,TS,NOAA IBTrACS v04r01
2018347N07089,2018,PHETHAI,2018-12-15 15:00:00,10.5,84.7,35,1000,TS,NOAA IBTrACS v04r01
2018347N07089,2018,PHETHAI,2018-12-15 18:00:00,10.8,84.6,35,1000,TS,NOAA IBTrACS v04r01
2018347N07089,2018,PHETHAI,2018-12-15 21:00:00,11.0,84.4,35,1000,TS,NOAA IBTrACS v04r01
2018347N07089,2018,PHETHAI,2018-12-16 00:00:00,11.3,84.3,40,998,TS,NOAA IBTrACS v04r01
2018347N07089,2018,PHETHAI,2018-12-16 03:00:00,11.8,84.1,45,996,TS,NOAA IBTrACS v04r01
2018347N07089,2018,PHETHAI,2018-12-16 06:00:00,12.3,83.9,45,996,TS,NOAA IBTrACS v04r01
2018347N07089,2018,PHETHAI,2018-12-16 09:00:00,12.4,83.5,50,994,TS,NOAA IBTrACS v04r01
2018347N07089,2018,PHETHAI,2018-12-16 12:00:00,13.4,83.1,55,992,TS,NOAA IBTrACS v04r01
2018347N07089,2018,PHETHAI,2018-12-16 15:00:00,13.8,82.8,55,992,TS,NOAA IBTrACS v04r01
2018347N07089,2018,PHETHAI,2018-12-16 18:00:00,14.1,82.7,55,992,TS,NOAA IBTrACS v04r01
2018347N07089,2018,PHETHAI,2018-12-16 21:00:00,14.5,82.4,55,992,TS,NOAA IBTrACS v04r01
2018347N07089,2018,PHETHAI,2018-12-17 00:00:00,15.0,82.4,50,994,TS,NOAA IBTrACS v04r01
2018347N07089,2018,PHETHAI,2018-12-17 03:00:00,15.5,82.3,45,997,TS,NOAA IBTrACS v04r01
2018347N07089,2018,PHETHAI,2018-12-17 06:00:00,16.0,82.3,45,997,TS,NOAA IBTrACS v04r01
2018347N07089,2018,PHETHAI,2018-12-17 09:00:00,16.5,82.3,40,998,TS,NOAA IBTrACS v04r01
2018347N07089,2018,PHETHAI,2018-12-17 12:00:00,16.8,82.5,30,1001,TS,NOAA IBTrACS v04r01
2018347N07089,2018,PHETHAI,2018-12-17 15:00:00,17.4,82.6,30,1004,TS,NOAA IBTrACS v04r01
2018347N07089,2018,PHETHAI,2018-12-17 18:00:00,17.8,82.8,25,1006,TS,NOAA IBTrACS v04r01
2018365N08115,2018,PABUK,2018-12-30 12:00:00,8.3,115.1,15,1009,DS,NOAA IBTrACS v04r01
2018365N08115,2018,PABUK,2018-12-30 15:00:00,8.4,114.7,18,1008,DS,NOAA IBTrACS v04r01
2018365N08115,2018,PABUK,2018-12-30 18:00:00,8.5,114.3,20,1007,DS,NOAA IBTrACS v04r01
2018365N08115,2018,PABUK,2018-12-30 21:00:00,8.6,113.8,20,1008,DS,NOAA IBTrACS v04r01
2018365N08115,2018,PABUK,2018-12-31 00:00:00,8.6,113.3,20,1008,DS,NOAA IBTrACS v04r01
2018365N08115,2018,PABUK,2018-12-31 03:00:00,8.4,112.7,23,1007,DS,NOAA IBTrACS v04r01
2018365N08115,2018,PABUK,2018-12-31 06:00:00,7.9,112.1,25,1004,TS,NOAA IBTrACS v04r01
2018365N08115,2018,PABUK,2018-12-31 09:00:00,7.6,111.7,28,1005,TS,NOAA IBTrACS v04r01
2018365N08115,2018,PABUK,2018-12-31 12:00:00,7.4,111.5,30,1004,TS,NOAA IBTrACS v04r01
2018365N08115,2018,PABUK,2018-12-31 15:00:00,7.2,111.3,30,1004,TS,NOAA IBTrACS v04r01
2018365N08115,2018,PABUK,2018-12-31 18:00:00,7.1,111.1,30,1004,TS,NOAA IBTrACS v04r01
2018365N08115,2018,PABUK,2018-12-31 21:00:00,6.8,111.0,33,1003,TS,NOAA IBTrACS v04r01
2018365N08115,2018,PABUK,2019-01-01 00:00:00,6.6,110.8,35,1004,TS,NOAA IBTrACS v04r01
2018365N08115,2018,PABUK,2019-01-01 03:00:00,6.4,110.5,35,1001,TS,NOAA IBTrACS v04r01
2018365N08115,2018,PABUK,2019-01-01 06:00:00,6.2,110.2,35,1000,TS,NOAA IBTrACS v04r01
2018365N08115,2018,PABUK,2019-01-01 09:00:00,6.0,110.0,35,1000,TS,NOAA IBTrACS v04r01
2018365N08115,2018,PABUK,2019-01-01 12:00:00,5.9,109.8,35,1000,TS,NOAA IBTrACS v04r01
2018365N08115,2018,PABUK,2019-01-01 15:00:00,5.9,109.5,35,1001,TS,NOAA IBTrACS v04r01
2018365N08115,2018,PABUK,2019-01-01 18:00:00,5.8,109.3,35,1000,TS,NOAA IBTrACS v04r01
2018365N08115,2018,PABUK,2019-01-01 21:00:00,5.8,109.0,35,1001,TS,NOAA IBTrACS v04r01
2018365N08115,2018,PABUK,2019-01-02 00:00:00,5.9,108.6,35,1000,TS,NOAA IBTrACS v04r01
2018365N08115,2018,PABUK,2019-01-02 03:00:00,6.0,108.3,35,1001,TS,NOAA IBTrACS v04r01
2018365N08115,2018,PABUK,2019-01-02 06:00:00,6.1,107.9,35,1000,TS,NOAA IBTrACS v04r01
2018365N08115,2018,PABUK,2019-01-02 09:00:00,6.2,107.5,38,1000,TS,NOAA IBTrACS v04r01
2018365N08115,2018,PABUK,2019-01-02 12:00:00,6.2,107.0,35,1000,TS,NOAA IBTrACS v04r01
2018365N08115,2018,PABUK,2019-01-02 15:00:00,6.1,106.5,40,999,TS,NOAA IBTrACS v04r01
2018365N08115,2018,PABUK,2019-01-02 18:00:00,6.1,105.9,35,1000,TS,NOAA IBTrACS v04r01
2018365N08115,2018,PABUK,2019-01-02 21:00:00,6.1,105.4,40,1000,TS,NOAA IBTrACS v04r01
2018365N08115,2018,PABUK,2019-01-03 00:00:00,6.1,105.0,35,1000,TS,NOAA IBTrACS v04r01
2018365N08115,2018,PABUK,2019-01-03 03:00:00,6.1,104.6,40,1000,TS,NOAA IBTrACS v04r01
2018365N08115,2018,PABUK,2019-01-03 06:00:00,6.2,104.3,35,1000,TS,NOAA IBTrACS v04r01
2018365N08115,2018,PABUK,2019-01-03 09:00:00,6.3,104.0,40,1000,TS,NOAA IBTrACS v04r01
2018365N08115,2018,PABUK,2019-01-03 12:00:00,6.5,103.6,40,998,TS,NOAA IBTrACS v04r01
2018365N08115,2018,PABUK,2019-01-03 15:00:00,6.8,103.2,43,999,TS,NOAA IBTrACS v04r01
2018365N08115,2018,PABUK,2019-01-03 18:00:00,7.2,102.7,45,996,TS,NOAA IBTrACS v04r01
2018365N08115,2018,PABUK,2019-01-03 21:00:00,7.6,102.2,48,997,TS,NOAA IBTrACS v04r01
2018365N08115,2018,PABUK,2019-01-04 00:00:00,7.9,101.6,45,996,TS,NOAA IBTrACS v04r01
2018365N08115,2018,PABUK,2019-01-04 03:00:00,8.1,101.1,50,996,TS,NOAA IBTrACS v04r01
2018365N08115,2018,PABUK,2019-01-04 06:00:00,8.2,100.6,45,996,TS,NOAA IBTrACS v04r01
2018365N08115,2018,PABUK,2019-01-04 09:00:00,8.3,100.2,45,999,TS,NOAA IBTrACS v04r01
2018365N08115,2018,PABUK,2019-01-04 12:00:00,8.3,99.8,40,1000,TS,NOAA IBTrACS v04r01
2018365N08115,2018,PABUK,2019-01-04 15:00:00,8.4,99.3,45,998,TS,NOAA IBTrACS v04r01
2018365N08115,2018,PABUK,2019-01-04 18:00:00,8.5,98.9,45,998,TS,NOAA IBTrACS v04r01
2018365N08115,2018,PABUK,2019-01-04 21:00:00,8.7,98.7,45,998,TS,NOAA IBTrACS v04r01
2018365N08115,2018,PABUK,2019-01-05 00:00:00,8.8,98.5,40,1000,TS,NOAA IBTrACS v04r01
2018365N08115,2018,PABUK,2019-01-05 03:00:00,9.1,98.2,40,1000,TS,NOAA IBTrACS v04r01
2018365N08115,2018,PABUK,2019-01-05 06:00:00,9.3,98.0,40,1000,TS,NOAA IBTrACS v04r01
2018365N08115,2018,PABUK,2019-01-05 09:00:00,9.5,97.7,40,1000,TS,NOAA IBTrACS v04r01
2018365N08115,2018,PABUK,2019-01-05 12:00:00,9.8,97.4,40,1000,TS,NOAA IBTrACS v04r01
2018365N08115,2018,PABUK,2019-01-05 15:00:00,10.1,96.9,40,1000,TS,NOAA IBTrACS v04r01
2018365N08115,2018,PABUK,2019-01-05 18:00:00,10.4,96.4,35,1001,TS,NOAA IBTrACS v04r01
2018365N08115,2018,PABUK,2019-01-05 21:00:00,10.5,95.9,35,1001,TS,NOAA IBTrACS v04r01
2018365N08115,2018,PABUK,2019-01-06 00:00:00,10.7,95.3,35,1001,TS,NOAA IBTrACS v04r01
2018365N08115,2018,PABUK,2019-01-06 03:00:00,10.8,94.4,35,1001,TS,NOAA IBTrACS v04r01
2018365N08115,2018,PABUK,2019-01-06 06:00:00,11.0,93.6,30,1002,TS,NOAA IBTrACS v04r01
2018365N08115,2018,PABUK,2019-01-06 09:00:00,11.1,92.9,23,1008,TS,NOAA IBTrACS v04r01
2018365N08115,2018,PABUK,2019-01-06 12:00:00,11.3,92.4,30,1003,MX,NOAA IBTrACS v04r01
2018365N08115,2018,PABUK,2019-01-06 15:00:00,11.5,92.0,20,1009,MX,NOAA IBTrACS v04r01
2018365N08115,2018,PABUK,2019-01-06 18:00:00,11.7,91.7,30,1003,MX,NOAA IBTrACS v04r01
2018365N08115,2018,PABUK,2019-01-06 21:00:00,12.0,91.2,20,1009,MX,NOAA IBTrACS v04r01
2018365N08115,2018,PABUK,2019-01-07 00:00:00,12.3,91.0,25,1004,MX,NOAA IBTrACS v04r01
2018365N08115,2018,PABUK,2019-01-07 03:00:00,12.5,91.1,25,1004,MX,NOAA IBTrACS v04r01
2018365N08115,2018,PABUK,2019-01-07 06:00:00,12.6,91.4,25,1004,MX,NOAA IBTrACS v04r01
2018365N08115,2018,PABUK,2019-01-07 09:00:00,12.9,92.0,,,TS,NOAA IBTrACS v04r01
2018365N08115,2018,PABUK,2019-01-07 12:00:00,13.1,92.0,25,1004,TS,NOAA IBTrACS v04r01
2018365N08115,2018,PABUK,2019-01-07 15:00:00,13.1,92.0,,,TS,NOAA IBTrACS v04r01
2018365N08115,2018,PABUK,2019-01-07 18:00:00,13.1,92.0,20,1005,TS,NOAA IBTrACS v04r01
2019116N02090,2019,FANI,2019-04-25 18:00:00,1.9,90.2,25,1004,TS,NOAA IBTrACS v04r01
2019116N02090,2019,FANI,2019-04-25 21:00:00,2.1,90.1,25,1004,TS,NOAA IBTrACS v04r01
2019116N02090,2019,FANI,2019-04-26 00:00:00,2.2,90.0,25,1003,TS,NOAA IBTrACS v04r01
2019116N02090,2019,FANI,2019-04-26 03:00:00,2.3,89.8,25,1003,TS,NOAA IBTrACS v04r01
2019116N02090,2019,FANI,2019-04-26 06:00:00,2.5,89.7,25,1003,TS,NOAA IBTrACS v04r01
2019116N02090,2019,FANI,2019-04-26 09:00:00,2.8,89.8,25,1003,TS,NOAA IBTrACS v04r01
2019116N02090,2019,FANI,2019-04-26 12:00:00,3.2,89.8,25,998,TS,NOAA IBTrACS v04r01
2019116N02090,2019,FANI,2019-04-26 15:00:00,3.5,89.7,28,1004,TS,NOAA IBTrACS v04r01
2019116N02090,2019,FANI,2019-04-26 18:00:00,3.8,89.5,25,998,TS,NOAA IBTrACS v04r01
2019116N02090,2019,FANI,2019-04-26 21:00:00,4.2,89.4,33,1004,TS,NOAA IBTrACS v04r01
2019116N02090,2019,FANI,2019-04-27 00:00:00,4.6,89.4,30,997,TS,NOAA IBTrACS v04r01
2019116N02090,2019,FANI,2019-04-27 03:00:00,4.9,89.4,30,996,TS,NOAA IBTrACS v04r01
2019116N02090,2019,FANI,2019-04-27 06:00:00,5.1,89.4,35,995,TS,NOAA IBTrACS v04r01
2019116N02090,2019,FANI,2019-04-27 09:00:00,5.5,89.3,40,994,TS,NOAA IBTrACS v04r01
2019116N02090,2019,FANI,2019-04-27 12:00:00,6.0,89.2,45,992,TS,NOAA IBTrACS v04r01
2019116N02090,2019,FANI,2019-04-27 15:00:00,6.4,88.9,45,992,TS,NOAA IBTrACS v04r01
2019116N02090,2019,FANI,2019-04-27 18:00:00,6.6,88.5,45,992,TS,NOAA IBTrACS v04r01
2019116N02090,2019,FANI,2019-04-27 21:00:00,6.8,88.2,45,992,TS,NOAA IBTrACS v04r01
2019116N02090,2019,FANI,2019-04-28 00:00:00,7.1,88.1,45,992,TS,NOAA IBTrACS v04r01
2019116N02090,2019,FANI,2019-04-28 03:00:00,7.2,88.1,45,992,TS,NOAA IBTrACS v04r01
2019116N02090,2019,FANI,2019-04-28 06:00:00,7.4,88.1,45,992,TS,NOAA IBTrACS v04r01
2019116N02090,2019,FANI,2019-04-28 09:00:00,7.6,87.9,45,992,TS,NOAA IBTrACS v04r01
2019116N02090,2019,FANI,2019-04-28 12:00:00,8.0,87.6,45,992,TS,NOAA IBTrACS v04r01
2019116N02090,2019,FANI,2019-04-28 15:00:00,8.1,87.5,45,992,TS,NOAA IBTrACS v04r01
2019116N02090,2019,FANI,2019-04-28 18:00:00,8.2,87.5,45,992,TS,NOAA IBTrACS v04r01
2019116N02090,2019,FANI,2019-04-28 21:00:00,8.4,87.4,45,992,TS,NOAA IBTrACS v04r01
2019116N02090,2019,FANI,2019-04-29 00:00:00,8.6,87.4,45,992,TS,NOAA IBTrACS v04r01
2019116N02090,2019,FANI,2019-04-29 03:00:00,8.8,87.2,45,992,TS,NOAA IBTrACS v04r01
2019116N02090,2019,FANI,2019-04-29 06:00:00,9.3,87.2,45,992,TS,NOAA IBTrACS v04r01
2019116N02090,2019,FANI,2019-04-29 09:00:00,9.8,87.1,45,992,TS,NOAA IBTrACS v04r01
2019116N02090,2019,FANI,2019-04-29 12:00:00,10.2,87.1,55,986,TS,NOAA IBTrACS v04r01
2019116N02090,2019,FANI,2019-04-29 15:00:00,10.5,86.9,55,986,TS,NOAA IBTrACS v04r01
2019116N02090,2019,FANI,2019-04-29 18:00:00,10.9,86.8,55,986,TS,NOAA IBTrACS v04r01
2019116N02090,2019,FANI,2019-04-29 21:00:00,11.3,86.6,65,982,TS,NOAA IBTrACS v04r01
2019116N02090,2019,FANI,2019-04-30 00:00:00,11.8,86.5,70,980,TS,NOAA IBTrACS v04r01
2019116N02090,2019,FANI,2019-04-30 03:00:00,12.3,86.2,75,974,TS,NOAA IBTrACS v04r01
2019116N02090,2019,FANI,2019-04-30 06:00:00,12.7,85.8,80,970,TS,NOAA IBTrACS v04r01
2019116N02090,2019,FANI,2019-04-30 09:00:00,13.0,85.3,85,966,TS,NOAA IBTrACS v04r01
2019116N02090,2019,FANI,2019-04-30 12:00:00,13.3,84.8,90,962,TS,NOAA IBTrACS v04r01
2019116N02090,2019,FANI,2019-04-30 15:00:00,13.4,84.6,95,957,TS,NOAA IBTrACS v04r01
2019116N02090,2019,FANI,2019-04-30 18:00:00,13.5,84.4,95,957,TS,NOAA IBTrACS v04r01
2019116N02090,2019,FANI,2019-04-30 21:00:00,13.6,84.2,95,957,TS,NOAA IBTrACS v04r01
2019116N02090,2019,FANI,2019-05-01 00:00:00,13.9,84.1,95,957,TS,NOAA IBTrACS v04r01
2019116N02090,2019,FANI,2019-05-01 03:00:00,14.1,84.0,95,957,TS,NOAA IBTrACS v04r01
2019116N02090,2019,FANI,2019-05-01 06:00:00,14.2,84.0,95,957,TS,NOAA IBTrACS v04r01
2019116N02090,2019,FANI,2019-05-01 09:00:00,14.5,84.1,95,955,TS,NOAA IBTrACS v04r01
2019116N02090,2019,FANI,2019-05-01 12:00:00,14.9,84.1,100,950,TS,NOAA IBTrACS v04r01
2019116N02090,2019,FANI,2019-05-01 15:00:00,15.0,84.2,100,950,TS,NOAA IBTrACS v04r01
2019116N02090,2019,FANI,2019-05-01 18:00:00,15.2,84.2,100,950,TS,NOAA IBTrACS v04r01
2019116N02090,2019,FANI,2019-05-01 21:00:00,15.5,84.3,100,950,TS,NOAA IBTrACS v04r01
2019116N02090,2019,FANI,2019-05-02 00:00:00,15.9,84.6,105,945,TS,NOAA IBTrACS v04r01
2019116N02090,2019,FANI,2019-05-02 03:00:00,16.2,84.7,105,945,TS,NOAA IBTrACS v04r01
2019116N02090,2019,FANI,2019-05-02 06:00:00,16.8,84.8,110,940,TS,NOAA IBTrACS v04r01
2019116N02090,2019,FANI,2019-05-02 09:00:00,17.2,84.8,115,932,TS,NOAA IBTrACS v04r01
2019116N02090,2019,FANI,2019-05-02 12:00:00,17.6,84.8,115,932,TS,NOAA IBTrACS v04r01
2019116N02090,2019,FANI,2019-05-02 15:00:00,17.9,84.9,115,934,TS,NOAA IBTrACS v04r01
2019116N02090,2019,FANI,2019-05-02 18:00:00,18.3,85.0,115,934,TS,NOAA IBTrACS v04r01
2019116N02090,2019,FANI,2019-05-02 21:00:00,18.6,85.2,115,934,TS,NOAA IBTrACS v04r01
2019116N02090,2019,FANI,2019-05-03 00:00:00,19.1,85.5,105,945,TS,NOAA IBTrACS v04r01
2019116N02090,2019,FANI,2019-05-03 03:00:00,19.6,85.7,100,952,TS,NOAA IBTrACS v04r01
2019116N02090,2019,FANI,2019-05-03 06:00:00,20.2,85.9,85,966,TS,NOAA IBTrACS v04r01
2019116N02090,2019,FANI,2019-05-03 09:00:00,20.7,86.1,75,970,TS,NOAA IBTrACS v04r01
2019116N02090,2019,FANI,2019-05-03 12:00:00,21.2,86.5,70,976,TS,NOAA IBTrACS v04r01
2019116N02090,2019,FANI,2019-05-03 15:00:00,21.6,86.9,60,980,TS,NOAA IBTrACS v04r01
2019116N02090,2019,FANI,2019-05-03 18:00:00,22.1,87.4,55,984,TS,NOAA IBTrACS v04r01
2019116N02090,2019,FANI,2019-05-03 21:00:00,22.6,88.1,50,986,TS,NOAA IBTrACS v04r01
2019116N02090,2019,FANI,2019-05-04 00:00:00,23.2,88.5,40,994,TS,NOAA IBTrACS v04r01
2019116N02090,2019,FANI,2019-05-04 03:00:00,23.7,89.0,30,996,TS,NOAA IBTrACS v04r01
2019116N02090,2019,FANI,2019-05-04 06:00:00,24.4,89.5,25,998,TS,NOAA IBTrACS v04r01
2019116N02090,2019,FANI,2019-05-04 09:00:00,24.8,89.9,,,TS,NOAA IBTrACS v04r01
2019116N02090,2019,FANI,2019-05-04 12:00:00,25.2,90.7,20,1000,TS,NOAA IBTrACS v04r01
2019160N11073,2019,VAYU,2019-06-08 18:00:00,10.5,72.7,15,,DS,NOAA IBTrACS v04r01
2019160N11073,2019,VAYU,2019-06-08 21:00:00,10.2,72.3,18,,DS,NOAA IBTrACS v04r01
2019160N11073,2019,VAYU,2019-06-09 00:00:00,10.1,71.9,20,1004,DS,NOAA IBTrACS v04r01
2019160N11073,2019,VAYU,2019-06-09 03:00:00,10.2,71.6,20,1004,DS,NOAA IBTrACS v04r01
2019160N11073,2019,VAYU,2019-06-09 06:00:00,10.4,71.4,20,1004,DS,NOAA IBTrACS v04r01
2019160N11073,2019,VAYU,2019-06-09 09:00:00,10.6,71.2,23,1003,DS,NOAA IBTrACS v04r01
2019160N11073,2019,VAYU,2019-06-09 12:00:00,10.9,71.1,25,1002,TS,NOAA IBTrACS v04r01
2019160N11073,2019,VAYU,2019-06-09 15:00:00,11.2,71.1,28,1001,TS,NOAA IBTrACS v04r01
2019160N11073,2019,VAYU,2019-06-09 18:00:00,11.5,71.2,30,1000,TS,NOAA IBTrACS v04r01
2019160N11073,2019,VAYU,2019-06-09 21:00:00,11.8,71.1,30,1000,TS,NOAA IBTrACS v04r01
2019160N11073,2019,VAYU,2019-06-10 00:00:00,12.0,71.0,25,998,TS,NOAA IBTrACS v04r01
2019160N11073,2019,VAYU,2019-06-10 03:00:00,12.4,70.9,25,998,TS,NOAA IBTrACS v04r01
2019160N11073,2019,VAYU,2019-06-10 06:00:00,12.6,70.8,30,997,TS,NOAA IBTrACS v04r01
2019160N11073,2019,VAYU,2019-06-10 09:00:00,12.9,70.8,40,995,TS,NOAA IBTrACS v04r01
2019160N11073,2019,VAYU,2019-06-10 12:00:00,13.3,70.7,30,996,TS,NOAA IBTrACS v04r01
2019160N11073,2019,VAYU,2019-06-10 15:00:00,13.6,70.6,45,993,TS,NOAA IBTrACS v04r01
2019160N11073,2019,VAYU,2019-06-10 18:00:00,13.9,70.6,35,995,TS,NOAA IBTrACS v04r01
2019160N11073,2019,VAYU,2019-06-10 21:00:00,14.2,70.6,35,994,TS,NOAA IBTrACS v04r01
2019160N11073,2019,VAYU,2019-06-11 00:00:00,14.6,70.7,40,993,TS,NOAA IBTrACS v04r01
2019160N11073,2019,VAYU,2019-06-11 03:00:00,14.9,70.7,40,992,TS,NOAA IBTrACS v04r01
2019160N11073,2019,VAYU,2019-06-11 06:00:00,15.2,70.8,45,990,TS,NOAA IBTrACS v04r01
2019160N11073,2019,VAYU,2019-06-11 09:00:00,15.6,70.8,45,988,TS,NOAA IBTrACS v04r01
2019160N11073,2019,VAYU,2019-06-11 12:00:00,16.1,70.8,55,986,TS,NOAA IBTrACS v04r01
2019160N11073,2019,VAYU,2019-06-11 15:00:00,16.6,70.7,60,983,TS,NOAA IBTrACS v04r01
2019160N11073,2019,VAYU,2019-06-11 18:00:00,17.0,70.6,65,980,TS,NOAA IBTrACS v04r01
2019160N11073,2019,VAYU,2019-06-11 21:00:00,17.4,70.5,70,977,TS,NOAA IBTrACS v04r01
2019160N11073,2019,VAYU,2019-06-12 00:00:00,17.7,70.3,75,975,TS,NOAA IBTrACS v04r01
2019160N11073,2019,VAYU,2019-06-12 03:00:00,18.0,70.2,75,973,TS,NOAA IBTrACS v04r01
2019160N11073,2019,VAYU,2019-06-12 06:00:00,18.4,70.0,75,971,TS,NOAA IBTrACS v04r01
2019160N11073,2019,VAYU,2019-06-12 09:00:00,18.8,69.9,80,970,TS,NOAA IBTrACS v04r01
2019160N11073,2019,VAYU,2019-06-12 12:00:00,19.1,69.9,80,970,TS,NOAA IBTrACS v04r01
2019160N11073,2019,VAYU,2019-06-12 15:00:00,19.4,69.8,80,970,TS,NOAA IBTrACS v04r01
2019160N11073,2019,VAYU,2019-06-12 18:00:00,19.7,69.7,80,970,TS,NOAA IBTrACS v04r01
2019160N11073,2019,VAYU,2019-06-12 21:00:00,19.9,69.6,80,970,TS,NOAA IBTrACS v04r01
2019160N11073,2019,VAYU,2019-06-13 00:00:00,20.1,69.6,80,970,TS,NOAA IBTrACS v04r01
2019160N11073,2019,VAYU,2019-06-13 03:00:00,20.3,69.5,80,970,TS,NOAA IBTrACS v04r01
2019160N11073,2019,VAYU,2019-06-13 06:00:00,20.5,69.4,80,970,TS,NOAA IBTrACS v04r01
2019160N11073,2019,VAYU,2019-06-13 09:00:00,20.7,69.2,80,970,TS,NOAA IBTrACS v04r01
2019160N11073,2019,VAYU,2019-06-13 12:00:00,20.8,69.1,80,970,TS,NOAA IBTrACS v04r01
2019160N11073,2019,VAYU,2019-06-13 15:00:00,20.9,68.9,80,970,TS,NOAA IBTrACS v04r01
2019160N11073,2019,VAYU,2019-06-13 18:00:00,20.9,68.9,80,970,TS,NOAA IBTrACS v04r01
2019160N11073,2019,VAYU,2019-06-13 21:00:00,20.9,68.7,80,970,TS,NOAA IBTrACS v04r01
2019160N11073,2019,VAYU,2019-06-14 00:00:00,21.0,68.6,80,970,TS,NOAA IBTrACS v04r01
2019160N11073,2019,VAYU,2019-06-14 03:00:00,21.0,68.4,75,973,TS,NOAA IBTrACS v04r01
2019160N11073,2019,VAYU,2019-06-14 06:00:00,21.0,68.4,75,973,TS,NOAA IBTrACS v04r01
2019160N11073,2019,VAYU,2019-06-14 09:00:00,20.9,68.3,75,973,TS,NOAA IBTrACS v04r01
2019160N11073,2019,VAYU,2019-06-14 12:00:00,20.8,68.2,70,976,TS,NOAA IBTrACS v04r01
2019160N11073,2019,VAYU,2019-06-14 15:00:00,20.8,68.1,70,976,TS,NOAA IBTrACS v04r01
2019160N11073,2019,VAYU,2019-06-14 18:00:00,20.8,67.9,65,978,TS,NOAA IBTrACS v04r01
2019160N11073,2019,VAYU,2019-06-14 21:00:00,20.7,67.7,65,978,TS,NOAA IBTrACS v04r01
2019160N11073,2019,VAYU,2019-06-15 00:00:00,20.7,67.5,65,978,TS,NOAA IBTrACS v04r01
2019160N11073,2019,VAYU,2019-06-15 03:00:00,20.6,67.3,65,979,TS,NOAA IBTrACS v04r01
2019160N11073,2019,VAYU,2019-06-15 06:00:00,20.6,66.9,65,979,TS,NOAA IBTrACS v04r01
2019160N11073,2019,VAYU,2019-06-15 09:00:00,20.6,66.7,65,980,TS,NOAA IBTrACS v04r01
2019160N11073,2019,VAYU,2019-06-15 12:00:00,20.7,66.4,65,980,TS,NOAA IBTrACS v04r01
2019160N11073,2019,VAYU,2019-06-15 15:00:00,20.7,66.2,65,980,TS,NOAA IBTrACS v04r01
2019160N11073,2019,VAYU,2019-06-15 18:00:00,20.7,66.0,65,981,TS,NOAA IBTrACS v04r01
2019160N11073,2019,VAYU,2019-06-15 21:00:00,20.7,65.8,65,981,TS,NOAA IBTrACS v04r01
2019160N11073,2019,VAYU,2019-06-16 00:00:00,20.8,65.5,60,983,TS,NOAA IBTrACS v04r01
2019160N11073,2019,VAYU,2019-06-16 03:00:00,20.8,65.2,55,985,TS,NOAA IBTrACS v04r01
2019160N11073,2019,VAYU,2019-06-16 06:00:00,20.8,65.1,55,985,TS,NOAA IBTrACS v04r01
2019160N11073,2019,VAYU,2019-06-16 09:00:00,20.7,65.1,55,986,TS,NOAA IBTrACS v04r01
2019160N11073,2019,VAYU,2019-06-16 12:00:00,20.8,65.2,50,988,TS,NOAA IBTrACS v04r01
2019160N11073,2019,VAYU,2019-06-16 15:00:00,20.8,65.6,45,990,TS,NOAA IBTrACS v04r01
2019160N11073,2019,VAYU,2019-06-16 18:00:00,21.1,66.1,40,992,TS,NOAA IBTrACS v04r01
2019160N11073,2019,VAYU,2019-06-16 21:00:00,21.4,66.4,40,993,TS,NOAA IBTrACS v04r01
2019160N11073,2019,VAYU,2019-06-17 00:00:00,21.7,66.6,35,995,TS,NOAA IBTrACS v04r01
2019160N11073,2019,VAYU,2019-06-17 03:00:00,21.8,66.8,30,996,TS,NOAA IBTrACS v04r01
2019160N11073,2019,VAYU,2019-06-17 06:00:00,21.9,67.0,30,997,TS,NOAA IBTrACS v04r01
2019160N11073,2019,VAYU,2019-06-17 09:00:00,22.2,67.4,25,998,TS,NOAA IBTrACS v04r01
2019160N11073,2019,VAYU,2019-06-17 12:00:00,22.5,67.9,20,998,TS,NOAA IBTrACS v04r01
2019160N11073,2019,VAYU,2019-06-17 15:00:00,22.8,68.1,23,1003,TS,NOAA IBTrACS v04r01
2019160N11073,2019,VAYU,2019-06-17 18:00:00,23.1,68.3,20,1007,DS,NOAA IBTrACS v04r01
2019160N11073,2019,VAYU,2019-06-17 21:00:00,23.2,68.6,20,1007,DS,NOAA IBTrACS v04r01
2019160N11073,2019,VAYU,2019-06-18 00:00:00,23.2,69.0,20,1007,DS,NOAA IBTrACS v04r01
2019160N11073,2019,VAYU,2019-06-18 03:00:00,23.1,69.6,20,1007,DS,NOAA IBTrACS v04r01
2019160N11073,2019,VAYU,2019-06-18 06:00:00,23.0,70.2,20,1007,DS,NOAA IBTrACS v04r01
2019218N21088,2019,UNNAMED,2019-08-06 03:00:00,20.5,88.0,25,990,TS,NOAA IBTrACS v04r01
2019218N21088,2019,UNNAMED,2019-08-06 06:00:00,20.5,88.0,25,990,TS,NOAA IBTrACS v04r01
2019218N21088,2019,UNNAMED,2019-08-06 09:00:00,20.6,87.9,,,TS,NOAA IBTrACS v04r01
2019218N21088,2019,UNNAMED,2019-08-06 12:00:00,20.7,87.8,25,990,TS,NOAA IBTrACS v04r01
2019218N21088,2019,UNNAMED,2019-08-06 15:00:00,20.7,87.7,,,TS,NOAA IBTrACS v04r01
2019218N21088,2019,UNNAMED,2019-08-06 18:00:00,20.8,87.6,25,990,TS,NOAA IBTrACS v04r01
2019218N21088,2019,UNNAMED,2019-08-06 21:00:00,20.9,87.5,,,TS,NOAA IBTrACS v04r01
2019218N21088,2019,UNNAMED,2019-08-07 00:00:00,21.0,87.4,30,988,TS,NOAA IBTrACS v04r01
2019218N21088,2019,UNNAMED,2019-08-07 03:00:00,21.1,87.4,30,988,TS,NOAA IBTrACS v04r01
2019218N21088,2019,UNNAMED,2019-08-07 06:00:00,21.2,87.2,30,988,TS,NOAA IBTrACS v04r01
2019218N21088,2019,UNNAMED,2019-08-07 09:00:00,21.5,86.9,,,TS,NOAA IBTrACS v04r01
2019218N21088,2019,UNNAMED,2019-08-07 12:00:00,21.9,86.5,30,988,TS,NOAA IBTrACS v04r01
2019218N21088,2019,UNNAMED,2019-08-07 15:00:00,22.2,86.1,,,TS,NOAA IBTrACS v04r01
2019218N21088,2019,UNNAMED,2019-08-07 18:00:00,22.4,85.6,30,988,TS,NOAA IBTrACS v04r01
2019218N21088,2019,UNNAMED,2019-08-07 21:00:00,22.6,84.9,,,TS,NOAA IBTrACS v04r01
2019218N21088,2019,UNNAMED,2019-08-08 00:00:00,22.8,84.0,25,999,TS,NOAA IBTrACS v04r01
2019218N21088,2019,UNNAMED,2019-08-08 03:00:00,23.0,82.9,25,999,TS,NOAA IBTrACS v04r01
2019218N21088,2019,UNNAMED,2019-08-08 06:00:00,23.4,81.9,25,999,TS,NOAA IBTrACS v04r01
2019218N21088,2019,UNNAMED,2019-08-08 09:00:00,23.6,80.9,,,TS,NOAA IBTrACS v04r01
2019218N21088,2019,UNNAMED,2019-08-08 12:00:00,23.6,80.2,25,999,TS,NOAA IBTrACS v04r01
2019218N21088,2019,UNNAMED,2019-08-08 15:00:00,23.6,80.0,,,TS,NOAA IBTrACS v04r01
2019218N21088,2019,UNNAMED,2019-08-08 18:00:00,23.6,79.8,25,1000,TS,NOAA IBTrACS v04r01
2019218N21088,2019,UNNAMED,2019-08-08 21:00:00,23.6,79.4,,,TS,NOAA IBTrACS v04r01
2019218N21088,2019,UNNAMED,2019-08-09 00:00:00,23.6,78.6,25,1000,TS,NOAA IBTrACS v04r01
2019218N21088,2019,UNNAMED,2019-08-09 03:00:00,23.8,77.3,25,1000,TS,NOAA IBTrACS v04r01
2019218N21088,2019,UNNAMED,2019-08-09 06:00:00,24.0,76.1,25,1000,TS,NOAA IBTrACS v04r01
2019264N19071,2019,HIKAA:HIKKA,2019-09-20 18:00:00,19.3,71.3,20,1007,DS,NOAA IBTrACS v04r01
2019264N19071,2019,HIKAA:HIKKA,2019-09-20 21:00:00,19.2,71.1,20,1005,DS,NOAA IBTrACS v04r01
2019264N19071,2019,HIKAA:HIKKA,2019-09-21 00:00:00,19.1,70.9,20,1002,DS,NOAA IBTrACS v04r01
2019264N19071,2019,HIKAA:HIKKA,2019-09-21 03:00:00,19.1,70.7,20,1002,DS,NOAA IBTrACS v04r01
2019264N19071,2019,HIKAA:HIKKA,2019-09-21 06:00:00,19.1,70.6,20,1002,DS,NOAA IBTrACS v04r01
2019264N19071,2019,HIKAA:HIKKA,2019-09-21 09:00:00,19.1,70.5,20,1002,DS,NOAA IBTrACS v04r01
2019264N19071,2019,HIKAA:HIKKA,2019-09-21 12:00:00,19.2,70.3,20,1002,DS,NOAA IBTrACS v04r01
2019264N19071,2019,HIKAA:HIKKA,2019-09-21 15:00:00,19.2,70.1,20,1003,DS,NOAA IBTrACS v04r01
2019264N19071,2019,HIKAA:HIKKA,2019-09-21 18:00:00,19.3,69.9,20,1004,DS,NOAA IBTrACS v04r01
2019264N19071,2019,HIKAA:HIKKA,2019-09-21 21:00:00,19.4,69.7,23,1003,DS,NOAA IBTrACS v04r01
2019264N19071,2019,HIKAA:HIKKA,2019-09-22 00:00:00,19.6,69.5,25,1001,TS,NOAA IBTrACS v04r01
2019264N19071,2019,HIKAA:HIKKA,2019-09-22 03:00:00,19.8,69.2,25,1002,TS,NOAA IBTrACS v04r01
2019264N19071,2019,HIKAA:HIKKA,2019-09-22 06:00:00,20.0,68.9,25,1000,TS,NOAA IBTrACS v04r01
2019264N19071,2019,HIKAA:HIKKA,2019-09-22 09:00:00,20.2,68.5,33,1000,TS,NOAA IBTrACS v04r01
2019264N19071,2019,HIKAA:HIKKA,2019-09-22 12:00:00,20.4,68.1,30,999,TS,NOAA IBTrACS v04r01
2019264N19071,2019,HIKAA:HIKKA,2019-09-22 15:00:00,20.5,67.6,35,1000,TS,NOAA IBTrACS v04r01
2019264N19071,2019,HIKAA:HIKKA,2019-09-22 18:00:00,20.4,67.1,30,998,TS,NOAA IBTrACS v04r01
2019264N19071,2019,HIKAA:HIKKA,2019-09-22 21:00:00,20.4,66.6,43,998,TS,NOAA IBTrACS v04r01
2019264N19071,2019,HIKAA:HIKKA,2019-09-23 00:00:00,20.4,66.1,35,997,TS,NOAA IBTrACS v04r01
2019264N19071,2019,HIKAA:HIKKA,2019-09-23 03:00:00,20.3,65.5,40,996,TS,NOAA IBTrACS v04r01
2019264N19071,2019,HIKAA:HIKKA,2019-09-23 06:00:00,20.3,64.9,45,994,TS,NOAA IBTrACS v04r01
2019264N19071,2019,HIKAA:HIKKA,2019-09-23 09:00:00,20.2,64.1,55,988,TS,NOAA IBTrACS v04r01
2019264N19071,2019,HIKAA:HIKKA,2019-09-23 12:00:00,20.2,63.6,55,988,TS,NOAA IBTrACS v04r01
2019264N19071,2019,HIKAA:HIKKA,2019-09-23 15:00:00,20.2,62.9,55,988,TS,NOAA IBTrACS v04r01
2019264N19071,2019,HIKAA:HIKKA,2019-09-23 18:00:00,20.2,62.3,60,986,TS,NOAA IBTrACS v04r01
2019264N19071,2019,HIKAA:HIKKA,2019-09-23 21:00:00,20.2,61.6,60,986,TS,NOAA IBTrACS v04r01
2019264N19071,2019,HIKAA:HIKKA,2019-09-24 00:00:00,20.1,61.0,70,980,TS,NOAA IBTrACS v04r01
2019264N19071,2019,HIKAA:HIKKA,2019-09-24 03:00:00,20.1,60.3,75,978,TS,NOAA IBTrACS v04r01
2019264N19071,2019,HIKAA:HIKKA,2019-09-24 06:00:00,20.0,59.6,75,978,TS,NOAA IBTrACS v04r01
2019264N19071,2019,HIKAA:HIKKA,2019-09-24 09:00:00,19.9,58.9,75,978,TS,NOAA IBTrACS v04r01
2019264N19071,2019,HIKAA:HIKKA,2019-09-24 12:00:00,19.8,58.3,75,978,TS,NOAA IBTrACS v04r01
2019264N19071,2019,HIKAA:HIKKA,2019-09-24 15:00:00,19.7,57.6,60,986,TS,NOAA IBTrACS v04r01
2019264N19071,2019,HIKAA:HIKKA,2019-09-24 18:00:00,19.7,57.1,55,989,TS,NOAA IBTrACS v04r01
2019264N19071,2019,HIKAA:HIKKA,2019-09-24 21:00:00,19.6,56.5,45,994,TS,NOAA IBTrACS v04r01
2019264N19071,2019,HIKAA:HIKKA,2019-09-25 00:00:00,19.6,56.0,35,997,TS,NOAA IBTrACS v04r01
2019264N19071,2019,HIKAA:HIKKA,2019-09-25 03:00:00,19.4,55.5,30,999,TS,NOAA IBTrACS v04r01
2019264N19071,2019,HIKAA:HIKKA,2019-09-25 06:00:00,19.2,55.0,25,1002,TS,NOAA IBTrACS v04r01
2019264N19071,2019,HIKAA:HIKKA,2019-09-25 09:00:00,19.2,54.5,28,1004,TS,NOAA IBTrACS v04r01
2019264N19071,2019,HIKAA:HIKKA,2019-09-25 12:00:00,19.2,54.0,25,1008,TS,NOAA IBTrACS v04r01
2019264N19071,2019,HIKAA:HIKKA,2019-09-25 15:00:00,19.1,53.4,23,1009,TS,NOAA IBTrACS v04r01
2019264N19071,2019,HIKAA:HIKKA,2019-09-25 18:00:00,19.0,52.8,20,1010,DS,NOAA IBTrACS v04r01
2019264N19071,2019,HIKAA:HIKKA,2019-09-25 21:00:00,18.9,52.3,20,1010,DS,NOAA IBTrACS v04r01
2019264N19071,2019,HIKAA:HIKKA,2019-09-26 00:00:00,18.9,51.7,20,1010,DS,NOAA IBTrACS v04r01
2019264N19071,2019,HIKAA:HIKKA,2019-09-26 03:00:00,18.9,51.1,20,1010,DS,NOAA IBTrACS v04r01
2019264N19071,2019,HIKAA:HIKKA,2019-09-26 06:00:00,18.8,50.5,20,1010,DS,NOAA IBTrACS v04r01
2019273N23070,2019,UNNAMED,2019-09-29 12:00:00,23.1,70.2,25,1002,TS,NOAA IBTrACS v04r01
2019273N23070,2019,UNNAMED,2019-09-29 15:00:00,23.1,70.2,,,TS,NOAA IBTrACS v04r01
2019273N23070,2019,UNNAMED,2019-09-29 18:00:00,23.1,70.2,25,1002,TS,NOAA IBTrACS v04r01
2019273N23070,2019,UNNAMED,2019-09-29 21:00:00,23.1,70.3,,,TS,NOAA IBTrACS v04r01
2019273N23070,2019,UNNAMED,2019-09-30 00:00:00,23.2,70.5,25,1002,TS,NOAA IBTrACS v04r01
2019273N23070,2019,UNNAMED,2019-09-30 03:00:00,23.4,70.7,25,1002,TS,NOAA IBTrACS v04r01
2019273N23070,2019,UNNAMED,2019-09-30 06:00:00,23.5,71.3,25,1002,TS,NOAA IBTrACS v04r01
2019273N23070,2019,UNNAMED,2019-09-30 09:00:00,23.5,71.6,,,TS,NOAA IBTrACS v04r01
2019273N23070,2019,UNNAMED,2019-09-30 12:00:00,23.5,71.9,25,1002,TS,NOAA IBTrACS v04r01
2019273N23070,2019,UNNAMED,2019-09-30 15:00:00,23.6,72.2,,,TS,NOAA IBTrACS v04r01
2019273N23070,2019,UNNAMED,2019-09-30 18:00:00,23.7,72.7,25,1002,TS,NOAA IBTrACS v04r01
2019273N23070,2019,UNNAMED,2019-09-30 21:00:00,23.8,73.3,,,TS,NOAA IBTrACS v04r01
2019273N23070,2019,UNNAMED,2019-10-01 00:00:00,24.0,74.1,25,1002,TS,NOAA IBTrACS v04r01
2019296N15066,2019,KYAAR:KYARR,2019-10-22 18:00:00,14.7,66.4,20,1004,DS,NOAA IBTrACS v04r01
2019296N15066,2019,KYAAR:KYARR,2019-10-22 21:00:00,14.9,66.8,20,1004,DS,NOAA IBTrACS v04r01
2019296N15066,2019,KYAAR:KYARR,2019-10-23 00:00:00,15.1,67.2,20,1003,DS,NOAA IBTrACS v04r01
2019296N15066,2019,KYAAR:KYARR,2019-10-23 03:00:00,15.2,67.6,20,1004,DS,NOAA IBTrACS v04r01
2019296N15066,2019,KYAAR:KYARR,2019-10-23 06:00:00,15.3,68.1,20,1005,DS,NOAA IBTrACS v04r01
2019296N15066,2019,KYAAR:KYARR,2019-10-23 09:00:00,15.4,68.5,20,1004,DS,NOAA IBTrACS v04r01
2019296N15066,2019,KYAAR:KYARR,2019-10-23 12:00:00,15.5,69.0,20,1002,DS,NOAA IBTrACS v04r01
2019296N15066,2019,KYAAR:KYARR,2019-10-23 15:00:00,15.6,69.6,23,1003,DS,NOAA IBTrACS v04r01
2019296N15066,2019,KYAAR:KYARR,2019-10-23 18:00:00,15.6,70.1,25,1004,TS,NOAA IBTrACS v04r01
2019296N15066,2019,KYAAR:KYARR,2019-10-23 21:00:00,15.6,70.4,25,1002,TS,NOAA IBTrACS v04r01
2019296N15066,2019,KYAAR:KYARR,2019-10-24 00:00:00,15.5,70.5,25,999,TS,NOAA IBTrACS v04r01
2019296N15066,2019,KYAAR:KYARR,2019-10-24 03:00:00,15.3,70.6,25,1000,TS,NOAA IBTrACS v04r01
2019296N15066,2019,KYAAR:KYARR,2019-10-24 06:00:00,15.2,70.7,25,1000,TS,NOAA IBTrACS v04r01
2019296N15066,2019,KYAAR:KYARR,2019-10-24 09:00:00,15.3,70.8,30,1001,TS,NOAA IBTrACS v04r01
2019296N15066,2019,KYAAR:KYARR,2019-10-24 12:00:00,15.5,71.0,30,998,TS,NOAA IBTrACS v04r01
2019296N15066,2019,KYAAR:KYARR,2019-10-24 15:00:00,15.5,71.1,33,1001,TS,NOAA IBTrACS v04r01
2019296N15066,2019,KYAAR:KYARR,2019-10-24 18:00:00,15.6,71.3,30,997,TS,NOAA IBTrACS v04r01
2019296N15066,2019,KYAAR:KYARR,2019-10-24 21:00:00,15.6,71.4,40,998,TS,NOAA IBTrACS v04r01
2019296N15066,2019,KYAAR:KYARR,2019-10-25 00:00:00,15.8,71.6,40,996,TS,NOAA IBTrACS v04r01
2019296N15066,2019,KYAAR:KYARR,2019-10-25 03:00:00,15.9,71.7,40,996,TS,NOAA IBTrACS v04r01
2019296N15066,2019,KYAAR:KYARR,2019-10-25 06:00:00,16.0,71.8,45,994,TS,NOAA IBTrACS v04r01
2019296N15066,2019,KYAAR:KYARR,2019-10-25 09:00:00,16.1,71.8,45,994,TS,NOAA IBTrACS v04r01
2019296N15066,2019,KYAAR:KYARR,2019-10-25 12:00:00,16.3,71.8,50,992,TS,NOAA IBTrACS v04r01
2019296N15066,2019,KYAAR:KYARR,2019-10-25 15:00:00,16.3,71.7,55,991,TS,NOAA IBTrACS v04r01
2019296N15066,2019,KYAAR:KYARR,2019-10-25 18:00:00,16.5,71.5,55,990,TS,NOAA IBTrACS v04r01
2019296N15066,2019,KYAAR:KYARR,2019-10-25 21:00:00,16.5,71.1,60,988,TS,NOAA IBTrACS v04r01
2019296N15066,2019,KYAAR:KYARR,2019-10-26 00:00:00,16.6,70.8,65,984,TS,NOAA IBTrACS v04r01
2019296N15066,2019,KYAAR:KYARR,2019-10-26 03:00:00,16.6,70.4,65,984,TS,NOAA IBTrACS v04r01
2019296N15066,2019,KYAAR:KYARR,2019-10-26 06:00:00,16.6,70.0,75,978,TS,NOAA IBTrACS v04r01
2019296N15066,2019,KYAAR:KYARR,2019-10-26 09:00:00,16.6,69.7,80,974,TS,NOAA IBTrACS v04r01
2019296N15066,2019,KYAAR:KYARR,2019-10-26 12:00:00,16.7,69.4,85,970,TS,NOAA IBTrACS v04r01
2019296N15066,2019,KYAAR:KYARR,2019-10-26 15:00:00,16.7,69.1,90,966,TS,NOAA IBTrACS v04r01
2019296N15066,2019,KYAAR:KYARR,2019-10-26 18:00:00,16.8,68.9,105,950,TS,NOAA IBTrACS v04r01
2019296N15066,2019,KYAAR:KYARR,2019-10-26 21:00:00,16.9,68.5,110,946,TS,NOAA IBTrACS v04r01
2019296N15066,2019,KYAAR:KYARR,2019-10-27 00:00:00,17.0,68.2,120,934,TS,NOAA IBTrACS v04r01
2019296N15066,2019,KYAAR:KYARR,2019-10-27 03:00:00,17.1,67.8,125,928,TS,NOAA IBTrACS v04r01
2019296N15066,2019,KYAAR:KYARR,2019-10-27 06:00:00,17.3,67.4,125,928,TS,NOAA IBTrACS v04r01
2019296N15066,2019,KYAAR:KYARR,2019-10-27 09:00:00,17.4,67.1,130,922,TS,NOAA IBTrACS v04r01
2019296N15066,2019,KYAAR:KYARR,2019-10-27 12:00:00,17.5,66.8,130,922,TS,NOAA IBTrACS v04r01
2019296N15066,2019,KYAAR:KYARR,2019-10-27 15:00:00,17.6,66.5,130,922,TS,NOAA IBTrACS v04r01
2019296N15066,2019,KYAAR:KYARR,2019-10-27 18:00:00,17.8,66.3,130,922,TS,NOAA IBTrACS v04r01
2019296N15066,2019,KYAAR:KYARR,2019-10-27 21:00:00,18.0,65.8,125,926,TS,NOAA IBTrACS v04r01
2019296N15066,2019,KYAAR:KYARR,2019-10-28 00:00:00,18.2,65.5,125,928,TS,NOAA IBTrACS v04r01
2019296N15066,2019,KYAAR:KYARR,2019-10-28 03:00:00,18.2,65.1,125,928,TS,NOAA IBTrACS v04r01
2019296N15066,2019,KYAAR:KYARR,2019-10-28 06:00:00,18.3,64.8,125,928,TS,NOAA IBTrACS v04r01
2019296N15066,2019,KYAAR:KYARR,2019-10-28 09:00:00,18.4,64.5,125,928,TS,NOAA IBTrACS v04r01
2019296N15066,2019,KYAAR:KYARR,2019-10-28 12:00:00,18.5,64.4,125,928,TS,NOAA IBTrACS v04r01
2019296N15066,2019,KYAAR:KYARR,2019-10-28 15:00:00,18.7,64.1,125,928,TS,NOAA IBTrACS v04r01
2019296N15066,2019,KYAAR:KYARR,2019-10-28 18:00:00,18.8,64.0,125,930,TS,NOAA IBTrACS v04r01
2019296N15066,2019,KYAAR:KYARR,2019-10-28 21:00:00,18.9,63.8,125,930,TS,NOAA IBTrACS v04r01
2019296N15066,2019,KYAAR:KYARR,2019-10-29 00:00:00,19.1,63.6,120,934,TS,NOAA IBTrACS v04r01
2019296N15066,2019,KYAAR:KYARR,2019-10-29 03:00:00,19.2,63.4,115,940,TS,NOAA IBTrACS v04r01
2019296N15066,2019,KYAAR:KYARR,2019-10-29 06:00:00,19.4,63.3,110,946,TS,NOAA IBTrACS v04r01
2019296N15066,2019,KYAAR:KYARR,2019-10-29 09:00:00,19.5,63.1,105,950,TS,NOAA IBTrACS v04r01
2019296N15066,2019,KYAAR:KYARR,2019-10-29 12:00:00,19.6,63.1,100,956,TS,NOAA IBTrACS v04r01
2019296N15066,2019,KYAAR:KYARR,2019-10-29 15:00:00,19.6,62.9,100,956,TS,NOAA IBTrACS v04r01
2019296N15066,2019,KYAAR:KYARR,2019-10-29 18:00:00,19.6,62.8,95,960,TS,NOAA IBTrACS v04r01
2019296N15066,2019,KYAAR:KYARR,2019-10-29 21:00:00,19.6,62.5,90,966,TS,NOAA IBTrACS v04r01
2019296N15066,2019,KYAAR:KYARR,2019-10-30 00:00:00,19.6,62.3,85,970,TS,NOAA IBTrACS v04r01
2019296N15066,2019,KYAAR:KYARR,2019-10-30 03:00:00,19.5,62.1,80,974,TS,NOAA IBTrACS v04r01
2019296N15066,2019,KYAAR:KYARR,2019-10-30 06:00:00,19.3,61.8,75,978,TS,NOAA IBTrACS v04r01
2019296N15066,2019,KYAAR:KYARR,2019-10-30 09:00:00,19.2,61.6,70,982,TS,NOAA IBTrACS v04r01
2019296N15066,2019,KYAAR:KYARR,2019-10-30 12:00:00,18.9,61.4,65,984,TS,NOAA IBTrACS v04r01
2019296N15066,2019,KYAAR:KYARR,2019-10-30 15:00:00,18.9,61.1,60,988,TS,NOAA IBTrACS v04r01
2019296N15066,2019,KYAAR:KYARR,2019-10-30 18:00:00,18.7,60.8,55,990,TS,NOAA IBTrACS v04r01
2019296N15066,2019,KYAAR:KYARR,2019-10-30 21:00:00,18.5,60.5,55,991,TS,NOAA IBTrACS v04r01
2019296N15066,2019,KYAAR:KYARR,2019-10-31 00:00:00,18.3,60.4,50,994,TS,NOAA IBTrACS v04r01
2019296N15066,2019,KYAAR:KYARR,2019-10-31 03:00:00,18.0,60.1,45,996,TS,NOAA IBTrACS v04r01
2019296N15066,2019,KYAAR:KYARR,2019-10-31 06:00:00,17.7,60.0,40,998,TS,NOAA IBTrACS v04r01
2019296N15066,2019,KYAAR:KYARR,2019-10-31 09:00:00,17.5,59.9,40,998,TS,NOAA IBTrACS v04r01
2019296N15066,2019,KYAAR:KYARR,2019-10-31 12:00:00,17.4,59.9,35,999,TS,NOAA IBTrACS v04r01
2019296N15066,2019,KYAAR:KYARR,2019-10-31 15:00:00,17.2,59.7,30,1001,TS,NOAA IBTrACS v04r01
2019296N15066,2019,KYAAR:KYARR,2019-10-31 18:00:00,16.9,59.6,30,1001,TS,NOAA IBTrACS v04r01
2019296N15066,2019,KYAAR:KYARR,2019-10-31 21:00:00,16.7,59.5,30,1001,TS,NOAA IBTrACS v04r01
2019296N15066,2019,KYAAR:KYARR,2019-11-01 00:00:00,16.5,59.3,25,1002,TS,NOAA IBTrACS v04r01
2019296N15066,2019,KYAAR:KYARR,2019-11-01 03:00:00,16.2,59.0,25,1002,TS,NOAA IBTrACS v04r01
2019296N15066,2019,KYAAR:KYARR,2019-11-01 06:00:00,16.0,58.6,25,1002,TS,NOAA IBTrACS v04r01
2019296N15066,2019,KYAAR:KYARR,2019-11-01 09:00:00,15.7,58.2,25,1002,TS,NOAA IBTrACS v04r01
2019296N15066,2019,KYAAR:KYARR,2019-11-01 12:00:00,15.4,57.6,25,1002,TS,NOAA IBTrACS v04r01
2019296N15066,2019,KYAAR:KYARR,2019-11-01 15:00:00,14.9,57.4,25,1002,TS,NOAA IBTrACS v04r01
2019296N15066,2019,KYAAR:KYARR,2019-11-01 18:00:00,14.4,57.1,25,1002,TS,NOAA IBTrACS v04r01
2019296N15066,2019,KYAAR:KYARR,2019-11-01 21:00:00,14.0,56.6,25,1002,TS,NOAA IBTrACS v04r01
2019296N15066,2019,KYAAR:KYARR,2019-11-02 00:00:00,13.8,56.1,25,1002,TS,NOAA IBTrACS v04r01
2019296N15066,2019,KYAAR:KYARR,2019-11-02 03:00:00,13.6,55.2,25,1003,TS,NOAA IBTrACS v04r01
2019296N15066,2019,KYAAR:KYARR,2019-11-02 06:00:00,13.3,54.3,25,1003,TS,NOAA IBTrACS v04r01
2019296N15066,2019,KYAAR:KYARR,2019-11-02 09:00:00,12.9,53.8,25,1003,TS,NOAA IBTrACS v04r01
2019296N15066,2019,KYAAR:KYARR,2019-11-02 12:00:00,12.6,53.0,20,1003,TS,NOAA IBTrACS v04r01
2019296N15066,2019,KYAAR:KYARR,2019-11-02 15:00:00,12.1,52.3,20,1003,MX,NOAA IBTrACS v04r01
2019296N15066,2019,KYAAR:KYARR,2019-11-02 18:00:00,11.1,51.9,20,1007,DS,NOAA IBTrACS v04r01
2019296N15066,2019,KYAAR:KYARR,2019-11-02 21:00:00,10.3,51.9,20,1007,DS,NOAA IBTrACS v04r01
2019296N15066,2019,KYAAR:KYARR,2019-11-03 00:00:00,9.8,52.1,20,1007,DS,NOAA IBTrACS v04r01
2019296N15066,2019,KYAAR:KYARR,2019-11-03 03:00:00,9.5,52.2,18,1007,DS,NOAA IBTrACS v04r01
2019296N15066,2019,KYAAR:KYARR,2019-11-03 06:00:00,9.2,52.2,15,1007,DS,NOAA IBTrACS v04r01
2019301N05081,2019,MAHA,2019-10-28 06:00:00,4.9,81.2,15,,DS,NOAA IBTrACS v04r01
2019301N05081,2019,MAHA,2019-10-28 09:00:00,4.9,80.6,15,,DS,NOAA IBTrACS v04r01
2019301N05081,2019,MAHA,2019-10-28 12:00:00,4.8,80.0,15,,DS,NOAA IBTrACS v04r01
2019301N05081,2019,MAHA,2019-10-28 15:00:00,4.7,79.4,15,,DS,NOAA IBTrACS v04r01
2019301N05081,2019,MAHA,2019-10-28 18:00:00,4.6,78.8,15,1009,DS,NOAA IBTrACS v04r01
2019301N05081,2019,MAHA,2019-10-28 21:00:00,4.5,78.1,18,1008,DS,NOAA IBTrACS v04r01
2019301N05081,2019,MAHA,2019-10-29 00:00:00,4.5,77.5,20,1007,DS,NOAA IBTrACS v04r01
2019301N05081,2019,MAHA,2019-10-29 03:00:00,4.7,77.1,23,1007,DS,NOAA IBTrACS v04r01
2019301N05081,2019,MAHA,2019-10-29 06:00:00,5.1,76.8,25,1006,TS,NOAA IBTrACS v04r01
2019301N05081,2019,MAHA,2019-10-29 09:00:00,5.5,76.8,25,1006,TS,NOAA IBTrACS v04r01
2019301N05081,2019,MAHA,2019-10-29 12:00:00,5.9,76.8,25,1006,TS,NOAA IBTrACS v04r01
2019301N05081,2019,MAHA,2019-10-29 15:00:00,6.3,76.7,28,1005,TS,NOAA IBTrACS v04r01
2019301N05081,2019,MAHA,2019-10-29 18:00:00,6.7,76.4,30,1004,TS,NOAA IBTrACS v04r01
2019301N05081,2019,MAHA,2019-10-29 21:00:00,7.1,76.0,30,1005,TS,NOAA IBTrACS v04r01
2019301N05081,2019,MAHA,2019-10-30 00:00:00,7.4,75.7,25,1003,TS,NOAA IBTrACS v04r01
2019301N05081,2019,MAHA,2019-10-30 03:00:00,8.0,75.1,25,1003,TS,NOAA IBTrACS v04r01
2019301N05081,2019,MAHA,2019-10-30 06:00:00,8.3,74.9,25,1002,TS,NOAA IBTrACS v04r01
2019301N05081,2019,MAHA,2019-10-30 09:00:00,8.7,74.5,30,1001,TS,NOAA IBTrACS v04r01
2019301N05081,2019,MAHA,2019-10-30 12:00:00,9.3,74.1,35,1000,TS,NOAA IBTrACS v04r01
2019301N05081,2019,MAHA,2019-10-30 15:00:00,9.8,73.8,40,998,TS,NOAA IBTrACS v04r01
2019301N05081,2019,MAHA,2019-10-30 18:00:00,10.3,73.4,40,998,TS,NOAA IBTrACS v04r01
2019301N05081,2019,MAHA,2019-10-30 21:00:00,10.7,73.3,40,998,TS,NOAA IBTrACS v04r01
2019301N05081,2019,MAHA,2019-10-31 00:00:00,11.1,73.3,45,996,TS,NOAA IBTrACS v04r01
2019301N05081,2019,MAHA,2019-10-31 03:00:00,11.6,73.1,45,996,TS,NOAA IBTrACS v04r01
2019301N05081,2019,MAHA,2019-10-31 06:00:00,12.0,73.1,50,994,TS,NOAA IBTrACS v04r01
2019301N05081,2019,MAHA,2019-10-31 09:00:00,12.5,73.1,50,994,TS,NOAA IBTrACS v04r01
2019301N05081,2019,MAHA,2019-10-31 12:00:00,13.0,72.9,50,992,TS,NOAA IBTrACS v04r01
2019301N05081,2019,MAHA,2019-10-31 15:00:00,13.5,72.6,55,990,TS,NOAA IBTrACS v04r01
2019301N05081,2019,MAHA,2019-10-31 18:00:00,13.9,72.3,55,990,TS,NOAA IBTrACS v04r01
2019301N05081,2019,MAHA,2019-10-31 21:00:00,14.1,72.0,55,990,TS,NOAA IBTrACS v04r01
2019301N05081,2019,MAHA,2019-11-01 00:00:00,14.6,71.6,55,990,TS,NOAA IBTrACS v04r01
2019301N05081,2019,MAHA,2019-11-01 03:00:00,14.8,70.9,55,990,TS,NOAA IBTrACS v04r01
2019301N05081,2019,MAHA,2019-11-01 06:00:00,15.2,70.4,55,990,TS,NOAA IBTrACS v04r01
2019301N05081,2019,MAHA,2019-11-01 09:00:00,15.3,70.0,55,990,TS,NOAA IBTrACS v04r01
2019301N05081,2019,MAHA,2019-11-01 12:00:00,15.5,69.7,50,992,TS,NOAA IBTrACS v04r01
2019301N05081,2019,MAHA,2019-11-01 15:00:00,15.7,69.4,50,992,TS,NOAA IBTrACS v04r01
2019301N05081,2019,MAHA,2019-11-01 18:00:00,15.9,69.1,50,992,TS,NOAA IBTrACS v04r01
2019301N05081,2019,MAHA,2019-11-01 21:00:00,16.0,68.9,50,992,TS,NOAA IBTrACS v04r01
2019301N05081,2019,MAHA,2019-11-02 00:00:00,16.2,68.6,50,992,TS,NOAA IBTrACS v04r01
2019301N05081,2019,MAHA,2019-11-02 03:00:00,16.3,68.4,50,992,TS,NOAA IBTrACS v04r01
2019301N05081,2019,MAHA,2019-11-02 06:00:00,16.6,68.2,50,992,TS,NOAA IBTrACS v04r01
2019301N05081,2019,MAHA,2019-11-02 09:00:00,16.8,67.9,50,992,TS,NOAA IBTrACS v04r01
2019301N05081,2019,MAHA,2019-11-02 12:00:00,17.0,67.6,55,990,TS,NOAA IBTrACS v04r01
2019301N05081,2019,MAHA,2019-11-02 15:00:00,17.1,67.3,55,990,TS,NOAA IBTrACS v04r01
2019301N05081,2019,MAHA,2019-11-02 18:00:00,17.2,67.1,60,988,TS,NOAA IBTrACS v04r01
2019301N05081,2019,MAHA,2019-11-02 21:00:00,17.4,66.8,60,988,TS,NOAA IBTrACS v04r01
2019301N05081,2019,MAHA,2019-11-03 00:00:00,17.5,66.6,60,988,TS,NOAA IBTrACS v04r01
2019301N05081,2019,MAHA,2019-11-03 03:00:00,17.5,66.4,60,988,TS,NOAA IBTrACS v04r01
2019301N05081,2019,MAHA,2019-11-03 06:00:00,17.6,66.2,60,988,TS,NOAA IBTrACS v04r01
2019301N05081,2019,MAHA,2019-11-03 09:00:00,17.6,65.9,65,984,TS,NOAA IBTrACS v04r01
2019301N05081,2019,MAHA,2019-11-03 12:00:00,17.7,65.7,70,982,TS,NOAA IBTrACS v04r01
2019301N05081,2019,MAHA,2019-11-03 15:00:00,17.8,65.5,75,978,TS,NOAA IBTrACS v04r01
2019301N05081,2019,MAHA,2019-11-03 18:00:00,17.9,65.4,80,974,TS,NOAA IBTrACS v04r01
2019301N05081,2019,MAHA,2019-11-03 21:00:00,18.0,65.1,85,970,TS,NOAA IBTrACS v04r01
2019301N05081,2019,MAHA,2019-11-04 00:00:00,18.1,64.9,90,966,TS,NOAA IBTrACS v04r01
2019301N05081,2019,MAHA,2019-11-04 03:00:00,18.3,64.6,90,966,TS,NOAA IBTrACS v04r01
2019301N05081,2019,MAHA,2019-11-04 06:00:00,18.6,64.4,90,966,TS,NOAA IBTrACS v04r01
2019301N05081,2019,MAHA,2019-11-04 09:00:00,18.7,64.2,95,962,TS,NOAA IBTrACS v04r01
2019301N05081,2019,MAHA,2019-11-04 12:00:00,18.9,64.1,100,956,TS,NOAA IBTrACS v04r01
2019301N05081,2019,MAHA,2019-11-04 15:00:00,19.2,63.9,100,956,TS,NOAA IBTrACS v04r01
2019301N05081,2019,MAHA,2019-11-04 18:00:00,19.3,63.7,100,956,TS,NOAA IBTrACS v04r01
2019301N05081,2019,MAHA,2019-11-04 21:00:00,19.4,63.6,100,956,TS,NOAA IBTrACS v04r01
2019301N05081,2019,MAHA,2019-11-05 00:00:00,19.5,63.5,90,966,TS,NOAA IBTrACS v04r01
2019301N05081,2019,MAHA,2019-11-05 03:00:00,19.6,63.5,85,970,TS,NOAA IBTrACS v04r01
2019301N05081,2019,MAHA,2019-11-05 06:00:00,19.7,63.6,80,974,TS,NOAA IBTrACS v04r01
2019301N05081,2019,MAHA,2019-11-05 09:00:00,19.7,63.7,80,974,TS,NOAA IBTrACS v04r01
2019301N05081,2019,MAHA,2019-11-05 12:00:00,19.8,64.0,70,982,TS,NOAA IBTrACS v04r01
2019301N05081,2019,MAHA,2019-11-05 15:00:00,19.8,64.3,70,982,TS,NOAA IBTrACS v04r01
2019301N05081,2019,MAHA,2019-11-05 18:00:00,19.8,64.8,70,982,TS,NOAA IBTrACS v04r01
2019301N05081,2019,MAHA,2019-11-05 21:00:00,19.8,65.3,70,982,TS,NOAA IBTrACS v04r01
2019301N05081,2019,MAHA,2019-11-06 00:00:00,19.8,65.6,60,988,TS,NOAA IBTrACS v04r01
2019301N05081,2019,MAHA,2019-11-06 03:00:00,19.7,66.0,55,990,TS,NOAA IBTrACS v04r01
2019301N05081,2019,MAHA,2019-11-06 06:00:00,19.7,66.4,50,994,TS,NOAA IBTrACS v04r01
2019301N05081,2019,MAHA,2019-11-06 09:00:00,19.6,66.9,50,994,TS,NOAA IBTrACS v04r01
2019301N05081,2019,MAHA,2019-11-06 12:00:00,19.6,67.5,45,996,TS,NOAA IBTrACS v04r01
2019301N05081,2019,MAHA,2019-11-06 15:00:00,19.6,68.1,40,998,TS,NOAA IBTrACS v04r01
2019301N05081,2019,MAHA,2019-11-06 18:00:00,19.6,68.5,40,998,TS,NOAA IBTrACS v04r01
2019301N05081,2019,MAHA,2019-11-06 21:00:00,19.6,69.0,35,1000,TS,NOAA IBTrACS v04r01
2019301N05081,2019,MAHA,2019-11-07 00:00:00,19.7,69.6,30,1003,TS,NOAA IBTrACS v04r01
2019301N05081,2019,MAHA,2019-11-07 03:00:00,19.9,70.1,30,1003,TS,NOAA IBTrACS v04r01
2019301N05081,2019,MAHA,2019-11-07 06:00:00,20.1,70.4,25,1005,TS,NOAA IBTrACS v04r01
2019301N05081,2019,MAHA,2019-11-07 09:00:00,20.2,70.8,20,1005,TS,NOAA IBTrACS v04r01
2019301N05081,2019,MAHA,2019-11-07 12:00:00,20.2,71.3,25,1004,TS,NOAA IBTrACS v04r01
2019301N05081,2019,MAHA,2019-11-07 15:00:00,20.3,71.7,25,1005,TS,NOAA IBTrACS v04r01
2019301N05081,2019,MAHA,2019-11-07 18:00:00,20.4,72.0,25,1006,TS,NOAA IBTrACS v04r01
2019301N05081,2019,MAHA,2019-11-07 21:00:00,20.3,72.2,25,1007,TS,NOAA IBTrACS v04r01
2019301N05081,2019,MAHA,2019-11-08 00:00:00,20.2,72.3,25,1007,TS,NOAA IBTrACS v04r01
2019301N05081,2019,MAHA,2019-11-08 03:00:00,20.1,72.4,28,1006,TS,NOAA IBTrACS v04r01
2019301N05081,2019,MAHA,2019-11-08 06:00:00,20.1,72.5,30,1004,TS,NOAA IBTrACS v04r01
2019301N05081,2019,MAHA,2019-11-08 09:00:00,20.2,72.5,30,1004,TS,NOAA IBTrACS v04r01
2019301N05081,2019,MAHA,2019-11-08 12:00:00,20.3,72.5,30,1003,TS,NOAA IBTrACS v04r01
2019301N05081,2019,MAHA,2019-11-08 15:00:00,20.3,72.4,28,1005,TS,NOAA IBTrACS v04r01
2019301N05081,2019,MAHA,2019-11-08 18:00:00,20.3,72.3,25,1007,TS,NOAA IBTrACS v04r01
2019301N05081,2019,MAHA,2019-11-08 21:00:00,20.3,72.3,25,1007,TS,NOAA IBTrACS v04r01
2019301N05081,2019,MAHA,2019-11-09 00:00:00,20.2,72.3,25,1006,TS,NOAA IBTrACS v04r01
2019301N05081,2019,MAHA,2019-11-09 03:00:00,20.1,72.1,23,1008,TS,NOAA IBTrACS v04r01
2019301N05081,2019,MAHA,2019-11-09 06:00:00,19.9,71.9,20,1009,DS,NOAA IBTrACS v04r01
2019301N05081,2019,MAHA,2019-11-09 09:00:00,19.8,71.7,18,1010,DS,NOAA IBTrACS v04r01
2019301N05081,2019,MAHA,2019-11-09 12:00:00,19.8,71.4,15,1010,DS,NOAA IBTrACS v04r01
2019301N05081,2019,MAHA,2019-11-09 15:00:00,19.7,71.2,15,1011,DS,NOAA IBTrACS v04r01
2019301N05081,2019,MAHA,2019-11-09 18:00:00,19.5,70.9,15,1012,DS,NOAA IBTrACS v04r01
2019301N05081,2019,MAHA,2019-11-09 21:00:00,19.4,70.5,15,1011,DS,NOAA IBTrACS v04r01
2019301N05081,2019,MAHA,2019-11-10 00:00:00,19.3,70.1,15,1010,DS,NOAA IBTrACS v04r01
2019301N05081,2019,MAHA,2019-11-10 03:00:00,19.2,69.7,15,1010,DS,NOAA IBTrACS v04r01
2019301N05081,2019,MAHA,2019-11-10 06:00:00,19.2,69.3,15,1010,DS,NOAA IBTrACS v04r01
2019301N05081,2019,MAHA,2019-11-10 09:00:00,19.1,68.9,15,1010,DS,NOAA IBTrACS v04r01
2019301N05081,2019,MAHA,2019-11-10 12:00:00,19.0,68.5,15,1010,DS,NOAA IBTrACS v04r01
2019301N05081,2019,MAHA,2019-11-10 15:00:00,18.7,68.2,15,1010,DS,NOAA IBTrACS v04r01
2019301N05081,2019,MAHA,2019-11-10 18:00:00,18.4,67.9,15,1010,DS,NOAA IBTrACS v04r01
2019301N05081,2019,MAHA,2019-11-10 21:00:00,18.2,67.8,15,1010,DS,NOAA IBTrACS v04r01
2019301N05081,2019,MAHA,2019-11-11 00:00:00,18.1,67.7,15,1010,DS,NOAA IBTrACS v04r01
2019302N11118,2019,BULBUL:MATMO,2019-10-28 12:00:00,10.6,118.2,20,1007,DS,NOAA IBTrACS v04r01
2019302N11118,2019,BULBUL:MATMO,2019-10-28 15:00:00,10.6,117.9,20,1007,DS,NOAA IBTrACS v04r01
2019302N11118,2019,BULBUL:MATMO,2019-10-28 18:00:00,11.1,117.2,20,1004,MX,NOAA IBTrACS v04r01
2019302N11118,2019,BULBUL:MATMO,2019-10-28 21:00:00,11.4,116.7,20,1008,MX,NOAA IBTrACS v04r01
2019302N11118,2019,BULBUL:MATMO,2019-10-29 00:00:00,11.7,116.1,20,1004,MX,NOAA IBTrACS v04r01
2019302N11118,2019,BULBUL:MATMO,2019-10-29 03:00:00,12.0,115.5,23,1007,MX,NOAA IBTrACS v04r01
2019302N11118,2019,BULBUL:MATMO,2019-10-29 06:00:00,12.2,115.0,25,1002,TS,NOAA IBTrACS v04r01
2019302N11118,2019,BULBUL:MATMO,2019-10-29 09:00:00,12.5,114.5,25,1004,TS,NOAA IBTrACS v04r01
2019302N11118,2019,BULBUL:MATMO,2019-10-29 12:00:00,12.7,114.0,25,1002,TS,NOAA IBTrACS v04r01
2019302N11118,2019,BULBUL:MATMO,2019-10-29 15:00:00,12.8,113.4,28,1004,TS,NOAA IBTrACS v04r01
2019302N11118,2019,BULBUL:MATMO,2019-10-29 18:00:00,12.9,112.8,35,1000,TS,NOAA IBTrACS v04r01
2019302N11118,2019,BULBUL:MATMO,2019-10-29 21:00:00,13.1,112.3,35,1001,TS,NOAA IBTrACS v04r01
2019302N11118,2019,BULBUL:MATMO,2019-10-30 00:00:00,13.1,111.7,45,994,TS,NOAA IBTrACS v04r01
2019302N11118,2019,BULBUL:MATMO,2019-10-30 03:00:00,13.2,111.2,43,997,TS,NOAA IBTrACS v04r01
2019302N11118,2019,BULBUL:MATMO,2019-10-30 06:00:00,13.2,110.8,50,992,TS,NOAA IBTrACS v04r01
2019302N11118,2019,BULBUL:MATMO,2019-10-30 09:00:00,13.2,110.5,48,994,TS,NOAA IBTrACS v04r01
2019302N11118,2019,BULBUL:MATMO,2019-10-30 12:00:00,13.3,110.1,50,992,TS,NOAA IBTrACS v04r01
2019302N11118,2019,BULBUL:MATMO,2019-10-30 15:00:00,13.4,109.5,55,990,TS,NOAA IBTrACS v04r01
2019302N11118,2019,BULBUL:MATMO,2019-10-30 18:00:00,13.5,108.8,50,994,TS,NOAA IBTrACS v04r01
2019302N11118,2019,BULBUL:MATMO,2019-10-30 21:00:00,13.5,108.0,48,997,TS,NOAA IBTrACS v04r01
2019302N11118,2019,BULBUL:MATMO,2019-10-31 00:00:00,13.6,107.2,35,1000,TS,NOAA IBTrACS v04r01
2019302N11118,2019,BULBUL:MATMO,2019-10-31 03:00:00,13.6,106.5,40,997,TS,NOAA IBTrACS v04r01
2019302N11118,2019,BULBUL:MATMO,2019-10-31 06:00:00,13.7,105.9,35,1002,TS,NOAA IBTrACS v04r01
2019302N11118,2019,BULBUL:MATMO,2019-10-31 09:00:00,13.8,105.4,30,1001,TS,NOAA IBTrACS v04r01
2019302N11118,2019,BULBUL:MATMO,2019-10-31 12:00:00,13.9,104.9,25,1006,TS,NOAA IBTrACS v04r01
2019302N11118,2019,BULBUL:MATMO,2019-10-31 15:00:00,13.9,104.3,23,1007,TS,NOAA IBTrACS v04r01
2019302N11118,2019,BULBUL:MATMO,2019-10-31 18:00:00,14.0,103.6,20,1008,MX,NOAA IBTrACS v04r01
2019302N11118,2019,BULBUL:MATMO,2019-10-31 21:00:00,14.2,102.8,18,1008,DS,NOAA IBTrACS v04r01
2019302N11118,2019,BULBUL:MATMO,2019-11-01 00:00:00,14.3,102.2,15,1008,DS,NOAA IBTrACS v04r01
2019302N11118,2019,BULBUL:MATMO,2019-11-01 03:00:00,14.4,101.8,15,1008,DS,NOAA IBTrACS v04r01
2019302N11118,2019,BULBUL:MATMO,2019-11-01 06:00:00,14.5,101.4,15,1008,DS,NOAA IBTrACS v04r01
2019302N11118,2019,BULBUL:MATMO,2019-11-01 09:00:00,14.5,101.0,15,1008,DS,NOAA IBTrACS v04r01
2019302N11118,2019,BULBUL:MATMO,2019-11-01 12:00:00,14.4,100.7,15,1007,DS,NOAA IBTrACS v04r01
2019302N11118,2019,BULBUL:MATMO,2019-11-01 15:00:00,14.3,100.4,15,1008,DS,NOAA IBTrACS v04r01
2019302N11118,2019,BULBUL:MATMO,2019-11-01 18:00:00,14.2,100.0,15,1008,DS,NOAA IBTrACS v04r01
2019302N11118,2019,BULBUL:MATMO,2019-11-01 21:00:00,14.1,99.6,15,1008,DS,NOAA IBTrACS v04r01
2019302N11118,2019,BULBUL:MATMO,2019-11-02 00:00:00,14.0,99.3,15,1008,DS,NOAA IBTrACS v04r01
2019302N11118,2019,BULBUL:MATMO,2019-11-02 03:00:00,13.9,99.0,15,1009,DS,NOAA IBTrACS v04r01
2019302N11118,2019,BULBUL:MATMO,2019-11-02 06:00:00,13.8,98.8,15,1010,DS,NOAA IBTrACS v04r01
2019302N11118,2019,BULBUL:MATMO,2019-11-02 09:00:00,13.7,98.6,15,1008,DS,NOAA IBTrACS v04r01
2019302N11118,2019,BULBUL:MATMO,2019-11-02 12:00:00,13.6,98.3,15,1006,DS,NOAA IBTrACS v04r01
2019302N11118,2019,BULBUL:MATMO,2019-11-02 15:00:00,13.5,98.0,15,1006,DS,NOAA IBTrACS v04r01
2019302N11118,2019,BULBUL:MATMO,2019-11-02 18:00:00,13.4,97.6,15,1006,DS,NOAA IBTrACS v04r01
2019302N11118,2019,BULBUL:MATMO,2019-11-02 21:00:00,13.3,97.2,15,1006,DS,NOAA IBTrACS v04r01
2019302N11118,2019,BULBUL:MATMO,2019-11-03 00:00:00,13.3,96.7,15,1006,DS,NOAA IBTrACS v04r01
2019302N11118,2019,BULBUL:MATMO,2019-11-03 03:00:00,13.3,96.3,15,1007,DS,NOAA IBTrACS v04r01
2019302N11118,2019,BULBUL:MATMO,2019-11-03 06:00:00,13.3,96.0,15,1008,DS,NOAA IBTrACS v04r01
2019302N11118,2019,BULBUL:MATMO,2019-11-03 09:00:00,13.3,95.7,18,1008,DS,NOAA IBTrACS v04r01
2019302N11118,2019,BULBUL:MATMO,2019-11-03 12:00:00,13.3,95.4,20,1007,DS,NOAA IBTrACS v04r01
2019302N11118,2019,BULBUL:MATMO,2019-11-03 15:00:00,13.3,95.1,20,1007,DS,NOAA IBTrACS v04r01
2019302N11118,2019,BULBUL:MATMO,2019-11-03 18:00:00,13.2,94.8,20,1006,DS,NOAA IBTrACS v04r01
2019302N11118,2019,BULBUL:MATMO,2019-11-03 21:00:00,13.1,94.5,20,1007,DS,NOAA IBTrACS v04r01
2019302N11118,2019,BULBUL:MATMO,2019-11-04 00:00:00,13.0,94.1,20,1007,DS,NOAA IBTrACS v04r01
2019302N11118,2019,BULBUL:MATMO,2019-11-04 03:00:00,12.9,93.7,23,1007,DS,NOAA IBTrACS v04r01
2019302N11118,2019,BULBUL:MATMO,2019-11-04 06:00:00,12.8,93.2,25,1006,TS,NOAA IBTrACS v04r01
2019302N11118,2019,BULBUL:MATMO,2019-11-04 09:00:00,12.8,92.7,25,1006,TS,NOAA IBTrACS v04r01
2019302N11118,2019,BULBUL:MATMO,2019-11-04 12:00:00,12.8,92.3,25,1005,TS,NOAA IBTrACS v04r01
2019302N11118,2019,BULBUL:MATMO,2019-11-04 15:00:00,12.8,91.9,25,1007,TS,NOAA IBTrACS v04r01
2019302N11118,2019,BULBUL:MATMO,2019-11-04 18:00:00,12.8,91.6,25,1008,TS,NOAA IBTrACS v04r01
2019302N11118,2019,BULBUL:MATMO,2019-11-04 21:00:00,12.8,91.3,25,1008,TS,NOAA IBTrACS v04r01
2019302N11118,2019,BULBUL:MATMO,2019-11-05 00:00:00,12.9,91.1,20,1004,TS,NOAA IBTrACS v04r01
2019302N11118,2019,BULBUL:MATMO,2019-11-05 03:00:00,12.9,90.9,25,1003,TS,NOAA IBTrACS v04r01
2019302N11118,2019,BULBUL:MATMO,2019-11-05 06:00:00,12.9,90.6,25,1003,TS,NOAA IBTrACS v04r01
2019302N11118,2019,BULBUL:MATMO,2019-11-05 09:00:00,13.0,90.4,30,1004,TS,NOAA IBTrACS v04r01
2019302N11118,2019,BULBUL:MATMO,2019-11-05 12:00:00,13.1,90.1,25,1003,TS,NOAA IBTrACS v04r01
2019302N11118,2019,BULBUL:MATMO,2019-11-05 15:00:00,13.1,89.9,35,1002,TS,NOAA IBTrACS v04r01
2019302N11118,2019,BULBUL:MATMO,2019-11-05 18:00:00,13.1,89.8,25,1002,TS,NOAA IBTrACS v04r01
2019302N11118,2019,BULBUL:MATMO,2019-11-05 21:00:00,13.2,89.8,35,1001,TS,NOAA IBTrACS v04r01
2019302N11118,2019,BULBUL:MATMO,2019-11-06 00:00:00,13.3,89.8,30,1001,TS,NOAA IBTrACS v04r01
2019302N11118,2019,BULBUL:MATMO,2019-11-06 03:00:00,13.3,89.8,30,1001,TS,NOAA IBTrACS v04r01
2019302N11118,2019,BULBUL:MATMO,2019-11-06 06:00:00,13.3,89.7,30,1001,TS,NOAA IBTrACS v04r01
2019302N11118,2019,BULBUL:MATMO,2019-11-06 09:00:00,13.3,89.7,35,998,TS,NOAA IBTrACS v04r01
2019302N11118,2019,BULBUL:MATMO,2019-11-06 12:00:00,13.4,89.7,30,1000,TS,NOAA IBTrACS v04r01
2019302N11118,2019,BULBUL:MATMO,2019-11-06 15:00:00,13.6,89.6,38,997,TS,NOAA IBTrACS v04r01
2019302N11118,2019,BULBUL:MATMO,2019-11-06 18:00:00,13.9,89.6,35,998,TS,NOAA IBTrACS v04r01
2019302N11118,2019,BULBUL:MATMO,2019-11-06 21:00:00,14.1,89.4,43,996,TS,NOAA IBTrACS v04r01
2019302N11118,2019,BULBUL:MATMO,2019-11-07 00:00:00,14.4,89.3,35,998,TS,NOAA IBTrACS v04r01
2019302N11118,2019,BULBUL:MATMO,2019-11-07 03:00:00,14.8,89.1,35,998,TS,NOAA IBTrACS v04r01
2019302N11118,2019,BULBUL:MATMO,2019-11-07 06:00:00,15.2,88.7,40,996,TS,NOAA IBTrACS v04r01
2019302N11118,2019,BULBUL:MATMO,2019-11-07 09:00:00,15.4,88.4,45,995,TS,NOAA IBTrACS v04r01
2019302N11118,2019,BULBUL:MATMO,2019-11-07 12:00:00,15.8,88.2,45,994,TS,NOAA IBTrACS v04r01
2019302N11118,2019,BULBUL:MATMO,2019-11-07 15:00:00,16.0,88.0,50,992,TS,NOAA IBTrACS v04r01
2019302N11118,2019,BULBUL:MATMO,2019-11-07 18:00:00,16.3,87.8,55,989,TS,NOAA IBTrACS v04r01
2019302N11118,2019,BULBUL:MATMO,2019-11-07 21:00:00,16.6,87.7,60,986,TS,NOAA IBTrACS v04r01
2019302N11118,2019,BULBUL:MATMO,2019-11-08 00:00:00,17.0,87.7,65,983,TS,NOAA IBTrACS v04r01
2019302N11118,2019,BULBUL:MATMO,2019-11-08 03:00:00,17.3,87.7,65,982,TS,NOAA IBTrACS v04r01
2019302N11118,2019,BULBUL:MATMO,2019-11-08 06:00:00,17.7,87.8,70,980,TS,NOAA IBTrACS v04r01
2019302N11118,2019,BULBUL:MATMO,2019-11-08 09:00:00,18.2,87.8,70,980,TS,NOAA IBTrACS v04r01
2019302N11118,2019,BULBUL:MATMO,2019-11-08 12:00:00,18.6,87.8,75,976,TS,NOAA IBTrACS v04r01
2019302N11118,2019,BULBUL:MATMO,2019-11-08 15:00:00,19.1,87.8,75,976,TS,NOAA IBTrACS v04r01
2019302N11118,2019,BULBUL:MATMO,2019-11-08 18:00:00,19.3,87.7,75,976,TS,NOAA IBTrACS v04r01
2019302N11118,2019,BULBUL:MATMO,2019-11-08 21:00:00,19.6,87.7,75,976,TS,NOAA IBTrACS v04r01
2019302N11118,2019,BULBUL:MATMO,2019-11-09 00:00:00,20.0,87.6,75,976,TS,NOAA IBTrACS v04r01
2019302N11118,2019,BULBUL:MATMO,2019-11-09 03:00:00,20.4,87.6,70,980,TS,NOAA IBTrACS v04r01
2019302N11118,2019,BULBUL:MATMO,2019-11-09 06:00:00,20.6,87.8,70,982,TS,NOAA IBTrACS v04r01
2019302N11118,2019,BULBUL:MATMO,2019-11-09 09:00:00,20.9,87.9,70,982,TS,NOAA IBTrACS v04r01
2019302N11118,2019,BULBUL:MATMO,2019-11-09 12:00:00,21.2,88.1,70,982,TS,NOAA IBTrACS v04r01
2019302N11118,2019,BULBUL:MATMO,2019-11-09 15:00:00,21.4,88.3,60,986,TS,NOAA IBTrACS v04r01
2019302N11118,2019,BULBUL:MATMO,2019-11-09 18:00:00,21.6,88.6,60,990,TS,NOAA IBTrACS v04r01
2019302N11118,2019,BULBUL:MATMO,2019-11-09 21:00:00,21.8,89.1,50,996,TS,NOAA IBTrACS v04r01
2019302N11118,2019,BULBUL:MATMO,2019-11-10 00:00:00,22.0,89.5,45,998,TS,NOAA IBTrACS v04r01
2019302N11118,2019,BULBUL:MATMO,2019-11-10 03:00:00,22.2,89.8,40,1000,TS,NOAA IBTrACS v04r01
2019302N11118,2019,BULBUL:MATMO,2019-11-10 06:00:00,22.3,90.1,40,1000,TS,NOAA IBTrACS v04r01
2019302N11118,2019,BULBUL:MATMO,2019-11-10 09:00:00,22.4,90.3,30,1002,TS,NOAA IBTrACS v04r01
2019302N11118,2019,BULBUL:MATMO,2019-11-10 12:00:00,22.6,90.6,30,1002,TS,NOAA IBTrACS v04r01
2019302N11118,2019,BULBUL:MATMO,2019-11-10 15:00:00,22.6,90.8,35,1004,TS,NOAA IBTrACS v04r01
2019302N11118,2019,BULBUL:MATMO,2019-11-10 18:00:00,22.8,91.1,30,1002,TS,NOAA IBTrACS v04r01
2019302N11118,2019,BULBUL:MATMO,2019-11-10 21:00:00,22.9,91.3,25,1007,TS,NOAA IBTrACS v04r01
2019302N11118,2019,BULBUL:MATMO,2019-11-11 00:00:00,23.1,91.5,20,1004,MX,NOAA IBTrACS v04r01
2019335N05058,2019,PAWAN,2019-11-30 18:00:00,4.6,58.0,15,,DS,NOAA IBTrACS v04r01
2019335N05058,2019,PAWAN,2019-11-30 21:00:00,4.7,57.8,15,,DS,NOAA IBTrACS v04r01
2019335N05058,2019,PAWAN,2019-12-01 00:00:00,4.8,57.6,15,1010,DS,NOAA IBTrACS v04r01
2019335N05058,2019,PAWAN,2019-12-01 03:00:00,4.9,57.5,15,1009,DS,NOAA IBTrACS v04r01
2019335N05058,2019,PAWAN,2019-12-01 06:00:00,4.9,57.4,15,1008,DS,NOAA IBTrACS v04r01
2019335N05058,2019,PAWAN,2019-12-01 09:00:00,4.9,57.3,18,1008,DS,NOAA IBTrACS v04r01
2019335N05058,2019,PAWAN,2019-12-01 12:00:00,5.0,57.2,20,1007,DS,NOAA IBTrACS v04r01
2019335N05058,2019,PAWAN,2019-12-01 15:00:00,5.1,57.1,20,1007,DS,NOAA IBTrACS v04r01
2019335N05058,2019,PAWAN,2019-12-01 18:00:00,5.2,57.0,20,1007,DS,NOAA IBTrACS v04r01
2019335N05058,2019,PAWAN,2019-12-01 21:00:00,5.3,56.9,23,1005,DS,NOAA IBTrACS v04r01
2019335N05058,2019,PAWAN,2019-12-02 00:00:00,5.5,56.9,25,1002,TS,NOAA IBTrACS v04r01
2019335N05058,2019,PAWAN,2019-12-02 03:00:00,5.7,56.9,28,1001,TS,NOAA IBTrACS v04r01
2019335N05058,2019,PAWAN,2019-12-02 06:00:00,5.8,56.9,30,999,TS,NOAA IBTrACS v04r01
2019335N05058,2019,PAWAN,2019-12-02 09:00:00,5.9,56.9,30,999,TS,NOAA IBTrACS v04r01
2019335N05058,2019,PAWAN,2019-12-02 12:00:00,5.9,56.8,25,1003,TS,NOAA IBTrACS v04r01
2019335N05058,2019,PAWAN,2019-12-02 15:00:00,6.0,56.8,30,1002,TS,NOAA IBTrACS v04r01
2019335N05058,2019,PAWAN,2019-12-02 18:00:00,6.2,56.8,25,1002,TS,NOAA IBTrACS v04r01
2019335N05058,2019,PAWAN,2019-12-02 21:00:00,6.3,56.8,33,1004,TS,NOAA IBTrACS v04r01
2019335N05058,2019,PAWAN,2019-12-03 00:00:00,6.5,56.9,30,1001,TS,NOAA IBTrACS v04r01
2019335N05058,2019,PAWAN,2019-12-03 03:00:00,6.7,56.9,30,1000,TS,NOAA IBTrACS v04r01
2019335N05058,2019,PAWAN,2019-12-03 06:00:00,6.9,56.9,30,1000,TS,NOAA IBTrACS v04r01
2019335N05058,2019,PAWAN,2019-12-03 09:00:00,7.0,56.9,33,1001,TS,NOAA IBTrACS v04r01
2019335N05058,2019,PAWAN,2019-12-03 12:00:00,7.0,57.0,30,1000,TS,NOAA IBTrACS v04r01
2019335N05058,2019,PAWAN,2019-12-03 15:00:00,7.0,57.0,30,1000,TS,NOAA IBTrACS v04r01
2019335N05058,2019,PAWAN,2019-12-03 18:00:00,7.1,57.1,30,1000,TS,NOAA IBTrACS v04r01
2019335N05058,2019,PAWAN,2019-12-03 21:00:00,7.2,57.1,30,1002,TS,NOAA IBTrACS v04r01
2019335N05058,2019,PAWAN,2019-12-04 00:00:00,7.3,57.1,30,1000,TS,NOAA IBTrACS v04r01
2019335N05058,2019,PAWAN,2019-12-04 03:00:00,7.4,57.1,30,1000,TS,NOAA IBTrACS v04r01
2019335N05058,2019,PAWAN,2019-12-04 06:00:00,7.5,57.1,30,1000,TS,NOAA IBTrACS v04r01
2019335N05058,2019,PAWAN,2019-12-04 09:00:00,7.6,57.0,38,999,TS,NOAA IBTrACS v04r01
2019335N05058,2019,PAWAN,2019-12-04 12:00:00,7.8,56.9,30,1000,TS,NOAA IBTrACS v04r01
2019335N05058,2019,PAWAN,2019-12-04 15:00:00,8.1,56.9,40,999,TS,NOAA IBTrACS v04r01
2019335N05058,2019,PAWAN,2019-12-04 18:00:00,8.6,56.9,30,1000,TS,NOAA IBTrACS v04r01
2019335N05058,2019,PAWAN,2019-12-04 21:00:00,9.0,56.7,40,1001,TS,NOAA IBTrACS v04r01
2019335N05058,2019,PAWAN,2019-12-05 00:00:00,9.3,56.6,35,999,TS,NOAA IBTrACS v04r01
2019335N05058,2019,PAWAN,2019-12-05 03:00:00,9.3,56.4,35,999,TS,NOAA IBTrACS v04r01
2019335N05058,2019,PAWAN,2019-12-05 06:00:00,9.4,56.1,35,999,TS,NOAA IBTrACS v04r01
2019335N05058,2019,PAWAN,2019-12-05 09:00:00,9.3,55.4,35,999,TS,NOAA IBTrACS v04r01
2019335N05058,2019,PAWAN,2019-12-05 12:00:00,9.3,55.0,40,998,TS,NOAA IBTrACS v04r01
2019335N05058,2019,PAWAN,2019-12-05 15:00:00,9.1,54.7,35,999,TS,NOAA IBTrACS v04r01
2019335N05058,2019,PAWAN,2019-12-05 18:00:00,8.9,54.3,35,999,TS,NOAA IBTrACS v04r01
2019335N05058,2019,PAWAN,2019-12-05 21:00:00,8.6,53.9,35,999,TS,NOAA IBTrACS v04r01
2019335N05058,2019,PAWAN,2019-12-06 00:00:00,8.3,53.4,35,999,TS,NOAA IBTrACS v04r01
2019335N05058,2019,PAWAN,2019-12-06 03:00:00,8.1,53.1,35,999,TS,NOAA IBTrACS v04r01
2019335N05058,2019,PAWAN,2019-12-06 06:00:00,8.0,52.8,35,999,TS,NOAA IBTrACS v04r01
2019335N05058,2019,PAWAN,2019-12-06 09:00:00,7.9,52.5,35,999,TS,NOAA IBTrACS v04r01
2019335N05058,2019,PAWAN,2019-12-06 12:00:00,7.9,52.2,35,999,TS,NOAA IBTrACS v04r01
2019335N05058,2019,PAWAN,2019-12-06 15:00:00,7.8,51.6,35,999,TS,NOAA IBTrACS v04r01
2019335N05058,2019,PAWAN,2019-12-06 18:00:00,7.8,51.1,35,999,TS,NOAA IBTrACS v04r01
2019335N05058,2019,PAWAN,2019-12-06 21:00:00,7.7,50.6,35,999,TS,NOAA IBTrACS v04r01
2019335N05058,2019,PAWAN,2019-12-07 00:00:00,7.7,49.8,35,999,TS,NOAA IBTrACS v04r01
2019335N05058,2019,PAWAN,2019-12-07 03:00:00,7.6,49.4,30,1000,TS,NOAA IBTrACS v04r01
2019335N05058,2019,PAWAN,2019-12-07 06:00:00,7.5,48.9,30,1001,TS,NOAA IBTrACS v04r01
2019335N05058,2019,PAWAN,2019-12-07 09:00:00,7.4,48.5,25,1003,TS,NOAA IBTrACS v04r01
2019335N05058,2019,PAWAN,2019-12-07 12:00:00,7.2,48.2,25,1005,TS,NOAA IBTrACS v04r01
2019335N05058,2019,PAWAN,2019-12-07 15:00:00,7.1,47.8,23,1006,TS,NOAA IBTrACS v04r01
2019335N05058,2019,PAWAN,2019-12-07 18:00:00,7.1,47.4,20,1007,DS,NOAA IBTrACS v04r01
2019337N11072,2019,UNNAMED,2019-12-02 12:00:00,10.7,72.3,15,1006,DS,NOAA IBTrACS v04r01
2019337N11072,2019,UNNAMED,2019-12-02 15:00:00,11.2,72.0,18,1007,DS,NOAA IBTrACS v04r01
2019337N11072,2019,UNNAMED,2019-12-02 18:00:00,11.6,71.7,20,1007,DS,NOAA IBTrACS v04r01
2019337N11072,2019,UNNAMED,2019-12-02 21:00:00,12.0,71.3,25,1004,DS,NOAA IBTrACS v04r01
2019337N11072,2019,UNNAMED,2019-12-03 00:00:00,12.4,71.0,30,1002,TS,NOAA IBTrACS v04r01
2019337N11072,2019,UNNAMED,2019-12-03 03:00:00,12.6,70.8,33,999,TS,NOAA IBTrACS v04r01
2019337N11072,2019,UNNAMED,2019-12-03 06:00:00,12.8,70.6,35,996,TS,NOAA IBTrACS v04r01
2019337N11072,2019,UNNAMED,2019-12-03 09:00:00,13.1,70.4,38,998,TS,NOAA IBTrACS v04r01
2019337N11072,2019,UNNAMED,2019-12-03 12:00:00,13.3,70.2,40,999,TS,NOAA IBTrACS v04r01
2019337N11072,2019,UNNAMED,2019-12-03 15:00:00,13.4,69.8,45,998,TS,NOAA IBTrACS v04r01
2019337N11072,2019,UNNAMED,2019-12-03 18:00:00,13.4,69.9,25,1002,TS,NOAA IBTrACS v04r01
2019337N11072,2019,UNNAMED,2019-12-03 21:00:00,13.8,70.0,55,995,TS,NOAA IBTrACS v04r01
2019337N11072,2019,UNNAMED,2019-12-04 00:00:00,14.2,69.9,30,1000,TS,NOAA IBTrACS v04r01
2019337N11072,2019,UNNAMED,2019-12-04 03:00:00,14.7,69.5,30,1000,TS,NOAA IBTrACS v04r01
2019337N11072,2019,UNNAMED,2019-12-04 06:00:00,14.8,69.1,30,1000,TS,NOAA IBTrACS v04r01
2019337N11072,2019,UNNAMED,2019-12-04 09:00:00,14.8,68.7,40,1001,TS,NOAA IBTrACS v04r01
2019337N11072,2019,UNNAMED,2019-12-04 12:00:00,14.9,68.4,30,1000,TS,NOAA IBTrACS v04r01
2019337N11072,2019,UNNAMED,2019-12-04 15:00:00,14.9,68.3,33,1007,TS,NOAA IBTrACS v04r01
2019337N11072,2019,UNNAMED,2019-12-04 18:00:00,15.0,68.3,30,1000,TS,NOAA IBTrACS v04r01
2019337N11072,2019,UNNAMED,2019-12-04 21:00:00,15.1,68.2,28,1010,TS,NOAA IBTrACS v04r01
2019337N11072,2019,UNNAMED,2019-12-05 00:00:00,15.2,68.0,25,1002,TS,NOAA IBTrACS v04r01
2019337N11072,2019,UNNAMED,2019-12-05 03:00:00,15.4,67.6,25,1002,TS,NOAA IBTrACS v04r01
2019337N11072,2019,UNNAMED,2019-12-05 06:00:00,15.6,67.2,20,1004,TS,NOAA IBTrACS v04r01
2019337N11072,2019,UNNAMED,2019-12-05 09:00:00,15.9,66.7,23,1010,TS,NOAA IBTrACS v04r01
2019337N11072,2019,UNNAMED,2019-12-05 12:00:00,16.1,66.2,20,1010,DS,NOAA IBTrACS v04r01
2019337N11072,2019,UNNAMED,2019-12-05 15:00:00,16.1,65.7,20,1011,DS,NOAA IBTrACS v04r01
2019337N11072,2019,UNNAMED,2019-12-05 18:00:00,16.1,65.3,20,1011,DS,NOAA IBTrACS v04r01
2019337N11072,2019,UNNAMED,2019-12-05 21:00:00,16.1,65.0,20,1010,DS,NOAA IBTrACS v04r01
2019337N11072,2019,UNNAMED,2019-12-06 00:00:00,16.0,64.7,20,1009,DS,NOAA IBTrACS v04r01
2019337N11072,2019,UNNAMED,2019-12-06 03:00:00,15.9,64.3,18,1010,DS,NOAA IBTrACS v04r01
2019337N11072,2019,UNNAMED,2019-12-06 06:00:00,15.9,63.8,15,1011,DS,NOAA IBTrACS v04r01
2019342N09062,2019,UNNAMED,2019-12-08 09:00:00,9.4,62.2,25,1002,TS,NOAA IBTrACS v04r01
2019342N09062,2019,UNNAMED,2019-12-08 12:00:00,9.6,61.6,25,1002,TS,NOAA IBTrACS v04r01
2019342N09062,2019,UNNAMED,2019-12-08 15:00:00,9.8,61.2,,,TS,NOAA IBTrACS v04r01
2019342N09062,2019,UNNAMED,2019-12-08 18:00:00,10.0,61.0,25,1002,TS,NOAA IBTrACS v04r01
2019342N09062,2019,UNNAMED,2019-12-08 21:00:00,10.2,60.7,,,TS,NOAA IBTrACS v04r01
2019342N09062,2019,UNNAMED,2019-12-09 00:00:00,10.4,60.4,30,1000,TS,NOAA IBTrACS v04r01
2019342N09062,2019,UNNAMED,2019-12-09 03:00:00,10.5,60.0,30,1000,TS,NOAA IBTrACS v04r01
2019342N09062,2019,UNNAMED,2019-12-09 06:00:00,10.6,59.4,30,1000,TS,NOAA IBTrACS v04r01
2019342N09062,2019,UNNAMED,2019-12-09 09:00:00,10.6,59.0,,,TS,NOAA IBTrACS v04r01
2019342N09062,2019,UNNAMED,2019-12-09 12:00:00,10.6,58.5,25,1002,TS,NOAA IBTrACS v04r01
2019342N09062,2019,UNNAMED,2019-12-09 15:00:00,10.6,57.8,,,TS,NOAA IBTrACS v04r01
2019342N09062,2019,UNNAMED,2019-12-09 18:00:00,10.6,57.0,25,1002,TS,NOAA IBTrACS v04r01
2019342N09062,2019,UNNAMED,2019-12-09 21:00:00,10.6,56.3,,,TS,NOAA IBTrACS v04r01
2019342N09062,2019,UNNAMED,2019-12-10 00:00:00,10.6,55.7,25,1002,TS,NOAA IBTrACS v04r01
2019342N09062,2019,UNNAMED,2019-12-10 03:00:00,10.6,55.2,25,1002,TS,NOAA IBTrACS v04r01
2020136N10088,2020,AMPHAN,2020-05-15 06:00:00,9.5,87.5,20,1007,DS,NOAA IBTrACS v04r01
2020136N10088,2020,AMPHAN,2020-05-15 09:00:00,9.5,87.2,25,1005,DS,NOAA IBTrACS v04r01
2020136N10088,2020,AMPHAN,2020-05-15 12:00:00,9.5,87.0,30,1002,TS,NOAA IBTrACS v04r01
2020136N10088,2020,AMPHAN,2020-05-15 15:00:00,9.5,86.8,30,1002,TS,NOAA IBTrACS v04r01
2020136N10088,2020,AMPHAN,2020-05-15 18:00:00,9.5,86.6,30,1001,TS,NOAA IBTrACS v04r01
2020136N10088,2020,AMPHAN,2020-05-15 21:00:00,9.6,86.5,33,1000,TS,NOAA IBTrACS v04r01
2020136N10088,2020,AMPHAN,2020-05-16 00:00:00,9.8,86.4,25,1000,TS,NOAA IBTrACS v04r01
2020136N10088,2020,AMPHAN,2020-05-16 03:00:00,10.1,86.2,25,1000,TS,NOAA IBTrACS v04r01
2020136N10088,2020,AMPHAN,2020-05-16 06:00:00,10.3,86.1,25,1000,TS,NOAA IBTrACS v04r01
2020136N10088,2020,AMPHAN,2020-05-16 09:00:00,10.5,86.1,30,998,TS,NOAA IBTrACS v04r01
2020136N10088,2020,AMPHAN,2020-05-16 12:00:00,10.6,86.2,35,996,TS,NOAA IBTrACS v04r01
2020136N10088,2020,AMPHAN,2020-05-16 15:00:00,10.8,86.1,40,995,TS,NOAA IBTrACS v04r01
2020136N10088,2020,AMPHAN,2020-05-16 18:00:00,10.9,86.1,40,995,TS,NOAA IBTrACS v04r01
2020136N10088,2020,AMPHAN,2020-05-16 21:00:00,11.1,86.1,45,994,TS,NOAA IBTrACS v04r01
2020136N10088,2020,AMPHAN,2020-05-17 00:00:00,11.2,86.1,45,993,TS,NOAA IBTrACS v04r01
2020136N10088,2020,AMPHAN,2020-05-17 03:00:00,11.3,86.1,50,990,TS,NOAA IBTrACS v04r01
2020136N10088,2020,AMPHAN,2020-05-17 06:00:00,11.5,86.2,55,988,TS,NOAA IBTrACS v04r01
2020136N10088,2020,AMPHAN,2020-05-17 09:00:00,11.6,86.2,65,980,TS,NOAA IBTrACS v04r01
2020136N10088,2020,AMPHAN,2020-05-17 12:00:00,11.9,86.2,70,978,TS,NOAA IBTrACS v04r01
2020136N10088,2020,AMPHAN,2020-05-17 15:00:00,12.5,86.4,75,972,TS,NOAA IBTrACS v04r01
2020136N10088,2020,AMPHAN,2020-05-17 18:00:00,12.5,86.4,80,970,TS,NOAA IBTrACS v04r01
2020136N10088,2020,AMPHAN,2020-05-17 21:00:00,12.9,86.5,90,962,TS,NOAA IBTrACS v04r01
2020136N10088,2020,AMPHAN,2020-05-18 00:00:00,13.2,86.4,100,952,TS,NOAA IBTrACS v04r01
2020136N10088,2020,AMPHAN,2020-05-18 03:00:00,13.3,86.2,115,936,TS,NOAA IBTrACS v04r01
2020136N10088,2020,AMPHAN,2020-05-18 06:00:00,13.4,86.2,120,930,TS,NOAA IBTrACS v04r01
2020136N10088,2020,AMPHAN,2020-05-18 09:00:00,13.7,86.2,120,930,TS,NOAA IBTrACS v04r01
2020136N10088,2020,AMPHAN,2020-05-18 12:00:00,14.1,86.4,125,926,TS,NOAA IBTrACS v04r01
2020136N10088,2020,AMPHAN,2020-05-18 15:00:00,14.5,86.5,125,926,TS,NOAA IBTrACS v04r01
2020136N10088,2020,AMPHAN,2020-05-18 18:00:00,14.9,86.6,130,920,TS,NOAA IBTrACS v04r01
2020136N10088,2020,AMPHAN,2020-05-18 21:00:00,15.2,86.7,130,920,TS,NOAA IBTrACS v04r01
2020136N10088,2020,AMPHAN,2020-05-19 00:00:00,15.6,86.8,125,926,TS,NOAA IBTrACS v04r01
2020136N10088,2020,AMPHAN,2020-05-19 03:00:00,16.0,86.9,120,930,TS,NOAA IBTrACS v04r01
2020136N10088,2020,AMPHAN,2020-05-19 06:00:00,16.5,87.0,115,936,TS,NOAA IBTrACS v04r01
2020136N10088,2020,AMPHAN,2020-05-19 09:00:00,16.9,87.0,110,942,TS,NOAA IBTrACS v04r01
2020136N10088,2020,AMPHAN,2020-05-19 12:00:00,17.3,87.1,105,946,TS,NOAA IBTrACS v04r01
2020136N10088,2020,AMPHAN,2020-05-19 15:00:00,17.9,87.1,100,948,TS,NOAA IBTrACS v04r01
2020136N10088,2020,AMPHAN,2020-05-19 18:00:00,18.3,87.2,100,948,TS,NOAA IBTrACS v04r01
2020136N10088,2020,AMPHAN,2020-05-19 21:00:00,18.7,87.3,100,948,TS,NOAA IBTrACS v04r01
2020136N10088,2020,AMPHAN,2020-05-20 00:00:00,19.2,87.5,95,952,TS,NOAA IBTrACS v04r01
2020136N10088,2020,AMPHAN,2020-05-20 03:00:00,19.8,87.7,95,954,TS,NOAA IBTrACS v04r01
2020136N10088,2020,AMPHAN,2020-05-20 06:00:00,20.6,88.0,90,956,TS,NOAA IBTrACS v04r01
2020136N10088,2020,AMPHAN,2020-05-20 09:00:00,21.4,88.1,90,960,TS,NOAA IBTrACS v04r01
2020136N10088,2020,AMPHAN,2020-05-20 12:00:00,22.1,88.4,85,957,TS,NOAA IBTrACS v04r01
2020136N10088,2020,AMPHAN,2020-05-20 15:00:00,22.8,88.6,65,968,TS,NOAA IBTrACS v04r01
2020136N10088,2020,AMPHAN,2020-05-20 18:00:00,23.5,89.1,50,978,TS,NOAA IBTrACS v04r01
2020136N10088,2020,AMPHAN,2020-05-20 21:00:00,24.3,89.3,45,986,TS,NOAA IBTrACS v04r01
2020136N10088,2020,AMPHAN,2020-05-21 00:00:00,24.6,89.6,40,988,TS,NOAA IBTrACS v04r01
2020136N10088,2020,AMPHAN,2020-05-21 03:00:00,25.1,89.9,35,990,TS,NOAA IBTrACS v04r01
2020136N10088,2020,AMPHAN,2020-05-21 06:00:00,25.4,90.1,30,992,TS,NOAA IBTrACS v04r01
2020136N10088,2020,AMPHAN,2020-05-21 09:00:00,25.2,89.6,,,TS,NOAA IBTrACS v04r01
2020136N10088,2020,AMPHAN,2020-05-21 12:00:00,25.4,89.6,20,995,TS,NOAA IBTrACS v04r01
2020150N17054,2020,UNNAMED,2020-05-29 09:00:00,17.3,54.3,25,1000,TS,NOAA IBTrACS v04r01
2020150N17054,2020,UNNAMED,2020-05-29 12:00:00,17.3,54.3,25,1000,TS,NOAA IBTrACS v04r01
2020150N17054,2020,UNNAMED,2020-05-29 15:00:00,17.3,54.3,,,TS,NOAA IBTrACS v04r01
2020150N17054,2020,UNNAMED,2020-05-29 18:00:00,17.3,54.3,25,1000,TS,NOAA IBTrACS v04r01
2020150N17054,2020,UNNAMED,2020-05-29 21:00:00,17.3,54.2,,,TS,NOAA IBTrACS v04r01
2020150N17054,2020,UNNAMED,2020-05-30 00:00:00,17.3,54.2,25,1000,TS,NOAA IBTrACS v04r01
2020150N17054,2020,UNNAMED,2020-05-30 03:00:00,17.3,54.2,25,1000,TS,NOAA IBTrACS v04r01
2020150N17054,2020,UNNAMED,2020-05-30 06:00:00,17.2,54.0,25,1000,TS,NOAA IBTrACS v04r01
2020150N17054,2020,UNNAMED,2020-05-30 09:00:00,17.2,54.0,,,TS,NOAA IBTrACS v04r01
2020150N17054,2020,UNNAMED,2020-05-30 12:00:00,17.2,54.0,25,1000,TS,NOAA IBTrACS v04r01
2020150N17054,2020,UNNAMED,2020-05-30 15:00:00,17.2,54.0,,,TS,NOAA IBTrACS v04r01
2020150N17054,2020,UNNAMED,2020-05-30 18:00:00,17.2,54.0,25,1000,TS,NOAA IBTrACS v04r01
2020150N17054,2020,UNNAMED,2020-05-30 21:00:00,17.1,53.9,,,TS,NOAA IBTrACS v04r01
2020150N17054,2020,UNNAMED,2020-05-31 00:00:00,17.1,53.8,25,1000,TS,NOAA IBTrACS v04r01
2020150N17054,2020,UNNAMED,2020-05-31 03:00:00,17.1,53.8,25,1000,TS,NOAA IBTrACS v04r01
2020150N17054,2020,UNNAMED,2020-05-31 06:00:00,17.0,53.5,25,1000,TS,NOAA IBTrACS v04r01
2020150N17054,2020,UNNAMED,2020-05-31 09:00:00,16.9,53.3,,,TS,NOAA IBTrACS v04r01
2020150N17054,2020,UNNAMED,2020-05-31 12:00:00,16.9,53.1,25,1000,TS,NOAA IBTrACS v04r01
2020150N17054,2020,UNNAMED,2020-05-31 15:00:00,16.9,53.0,,,TS,NOAA IBTrACS v04r01
2020150N17054,2020,UNNAMED,2020-05-31 18:00:00,16.8,52.9,25,1000,TS,NOAA IBTrACS v04r01
2020153N13072,2020,NISARGA,2020-05-31 18:00:00,12.9,72.2,20,1008,DS,NOAA IBTrACS v04r01
2020153N13072,2020,NISARGA,2020-05-31 21:00:00,12.9,72.0,20,1008,DS,NOAA IBTrACS v04r01
2020153N13072,2020,NISARGA,2020-06-01 00:00:00,13.0,71.6,25,1004,MX,NOAA IBTrACS v04r01
2020153N13072,2020,NISARGA,2020-06-01 03:00:00,13.1,71.4,25,1004,MX,NOAA IBTrACS v04r01
2020153N13072,2020,NISARGA,2020-06-01 06:00:00,13.4,71.2,25,1004,TS,NOAA IBTrACS v04r01
2020153N13072,2020,NISARGA,2020-06-01 09:00:00,13.7,71.1,25,1005,TS,NOAA IBTrACS v04r01
2020153N13072,2020,NISARGA,2020-06-01 12:00:00,14.0,71.1,25,1003,TS,NOAA IBTrACS v04r01
2020153N13072,2020,NISARGA,2020-06-01 15:00:00,14.2,71.2,28,1003,TS,NOAA IBTrACS v04r01
2020153N13072,2020,NISARGA,2020-06-01 18:00:00,14.4,71.2,25,1003,TS,NOAA IBTrACS v04r01
2020153N13072,2020,NISARGA,2020-06-01 21:00:00,14.7,71.2,33,1001,TS,NOAA IBTrACS v04r01
2020153N13072,2020,NISARGA,2020-06-02 00:00:00,15.0,71.3,30,1000,TS,NOAA IBTrACS v04r01
2020153N13072,2020,NISARGA,2020-06-02 03:00:00,15.3,71.3,30,1000,TS,NOAA IBTrACS v04r01
2020153N13072,2020,NISARGA,2020-06-02 06:00:00,15.7,71.3,35,999,TS,NOAA IBTrACS v04r01
2020153N13072,2020,NISARGA,2020-06-02 09:00:00,16.0,71.3,35,999,TS,NOAA IBTrACS v04r01
2020153N13072,2020,NISARGA,2020-06-02 12:00:00,16.3,71.4,40,996,TS,NOAA IBTrACS v04r01
2020153N13072,2020,NISARGA,2020-06-02 15:00:00,16.2,71.5,40,996,TS,NOAA IBTrACS v04r01
2020153N13072,2020,NISARGA,2020-06-02 18:00:00,16.8,71.6,40,996,TS,NOAA IBTrACS v04r01
2020153N13072,2020,NISARGA,2020-06-02 21:00:00,17.0,71.9,45,994,TS,NOAA IBTrACS v04r01
2020153N13072,2020,NISARGA,2020-06-03 00:00:00,17.3,72.1,50,992,TS,NOAA IBTrACS v04r01
2020153N13072,2020,NISARGA,2020-06-03 03:00:00,17.6,72.4,55,988,TS,NOAA IBTrACS v04r01
2020153N13072,2020,NISARGA,2020-06-03 06:00:00,18.1,72.9,60,984,TS,NOAA IBTrACS v04r01
2020153N13072,2020,NISARGA,2020-06-03 09:00:00,18.5,73.2,55,992,TS,NOAA IBTrACS v04r01
2020153N13072,2020,NISARGA,2020-06-03 12:00:00,19.1,73.7,40,998,TS,NOAA IBTrACS v04r01
2020153N13072,2020,NISARGA,2020-06-03 15:00:00,19.6,74.0,30,1000,TS,NOAA IBTrACS v04r01
2020153N13072,2020,NISARGA,2020-06-03 18:00:00,20.0,74.7,30,1001,TS,NOAA IBTrACS v04r01
2020153N13072,2020,NISARGA,2020-06-03 21:00:00,20.3,75.3,43,992,TS,NOAA IBTrACS v04r01
2020153N13072,2020,NISARGA,2020-06-04 00:00:00,20.9,76.0,25,1004,TS,NOAA IBTrACS v04r01
2020153N13072,2020,NISARGA,2020-06-04 03:00:00,21.5,76.8,20,1005,TS,NOAA IBTrACS v04r01
2020153N13072,2020,NISARGA,2020-06-04 06:00:00,22.2,77.6,20,1005,MX,NOAA IBTrACS v04r01
2020285N15087,2020,UNNAMED,2020-10-11 00:00:00,15.3,86.5,20,999,TS,NOAA IBTrACS v04r01
2020285N15087,2020,UNNAMED,2020-10-11 03:00:00,15.4,86.2,25,998,TS,NOAA IBTrACS v04r01
2020285N15087,2020,UNNAMED,2020-10-11 06:00:00,15.4,85.8,25,998,TS,NOAA IBTrACS v04r01
2020285N15087,2020,UNNAMED,2020-10-11 09:00:00,15.4,85.5,,,TS,NOAA IBTrACS v04r01
2020285N15087,2020,UNNAMED,2020-10-11 12:00:00,15.5,85.4,25,998,TS,NOAA IBTrACS v04r01
2020285N15087,2020,UNNAMED,2020-10-11 15:00:00,15.5,85.3,,,TS,NOAA IBTrACS v04r01
2020285N15087,2020,UNNAMED,2020-10-11 18:00:00,15.6,85.2,25,998,TS,NOAA IBTrACS v04r01
2020285N15087,2020,UNNAMED,2020-10-11 21:00:00,15.7,85.1,,,TS,NOAA IBTrACS v04r01
2020285N15087,2020,UNNAMED,2020-10-12 00:00:00,15.7,85.0,25,998,TS,NOAA IBTrACS v04r01
2020285N15087,2020,UNNAMED,2020-10-12 03:00:00,15.7,85.0,30,997,TS,NOAA IBTrACS v04r01
2020285N15087,2020,UNNAMED,2020-10-12 06:00:00,15.9,84.8,30,997,TS,NOAA IBTrACS v04r01
2020285N15087,2020,UNNAMED,2020-10-12 09:00:00,16.0,84.7,,,TS,NOAA IBTrACS v04r01
2020285N15087,2020,UNNAMED,2020-10-12 12:00:00,16.1,84.6,30,997,TS,NOAA IBTrACS v04r01
2020285N15087,2020,UNNAMED,2020-10-12 15:00:00,16.3,84.1,,,TS,NOAA IBTrACS v04r01
2020285N15087,2020,UNNAMED,2020-10-12 18:00:00,16.5,83.4,30,997,TS,NOAA IBTrACS v04r01
2020285N15087,2020,UNNAMED,2020-10-12 21:00:00,16.7,82.9,,,TS,NOAA IBTrACS v04r01
2020285N15087,2020,UNNAMED,2020-10-13 00:00:00,16.9,82.5,30,997,TS,NOAA IBTrACS v04r01
2020285N15087,2020,UNNAMED,2020-10-13 03:00:00,17.0,82.1,30,996,TS,NOAA IBTrACS v04r01
2020285N15087,2020,UNNAMED,2020-10-13 06:00:00,17.3,81.5,25,998,TS,NOAA IBTrACS v04r01
2020285N15087,2020,UNNAMED,2020-10-13 09:00:00,17.4,81.0,,,TS,NOAA IBTrACS v04r01
2020285N15087,2020,UNNAMED,2020-10-13 12:00:00,17.5,80.5,25,998,TS,NOAA IBTrACS v04r01
2020285N15087,2020,UNNAMED,2020-10-13 15:00:00,17.6,80.0,,,TS,NOAA IBTrACS v04r01
2020285N15087,2020,UNNAMED,2020-10-13 18:00:00,17.6,79.5,25,998,TS,NOAA IBTrACS v04r01
2020285N15087,2020,UNNAMED,2020-10-13 21:00:00,17.7,78.8,,,TS,NOAA IBTrACS v04r01
2020285N15087,2020,UNNAMED,2020-10-14 00:00:00,17.7,78.1,20,1000,TS,NOAA IBTrACS v04r01
2020285N15087,2020,UNNAMED,2020-10-14 03:00:00,17.7,77.5,20,1000,TS,NOAA IBTrACS v04r01
2020285N15087,2020,UNNAMED,2020-10-14 06:00:00,17.7,77.0,20,1000,TS,NOAA IBTrACS v04r01
2020291N18069,2020,UNNAMED,2020-10-17 03:00:00,17.8,69.0,20,1004,TS,NOAA IBTrACS v04r01
2020291N18069,2020,UNNAMED,2020-10-17 06:00:00,17.8,68.2,20,1004,TS,NOAA IBTrACS v04r01
2020291N18069,2020,UNNAMED,2020-10-17 09:00:00,17.8,67.8,,,TS,NOAA IBTrACS v04r01
2020291N18069,2020,UNNAMED,2020-10-17 12:00:00,17.8,67.5,25,1003,TS,NOAA IBTrACS v04r01
2020291N18069,2020,UNNAMED,2020-10-17 15:00:00,17.8,67.1,,,TS,NOAA IBTrACS v04r01
2020291N18069,2020,UNNAMED,2020-10-17 18:00:00,17.8,66.8,25,1003,TS,NOAA IBTrACS v04r01
2020291N18069,2020,UNNAMED,2020-10-17 21:00:00,17.8,66.7,,,TS,NOAA IBTrACS v04r01
2020291N18069,2020,UNNAMED,2020-10-18 00:00:00,17.8,66.4,25,1003,TS,NOAA IBTrACS v04r01
2020291N18069,2020,UNNAMED,2020-10-18 03:00:00,17.8,65.8,20,1004,TS,NOAA IBTrACS v04r01
2020291N18069,2020,UNNAMED,2020-10-18 06:00:00,17.8,65.3,20,1004,TS,NOAA IBTrACS v04r01
2020291N18069,2020,UNNAMED,2020-10-18 09:00:00,17.8,65.0,,,TS,NOAA IBTrACS v04r01
2020291N18069,2020,UNNAMED,2020-10-18 12:00:00,17.8,64.8,20,1004,TS,NOAA IBTrACS v04r01
2020291N18069,2020,UNNAMED,2020-10-18 15:00:00,17.8,64.6,,,TS,NOAA IBTrACS v04r01
2020291N18069,2020,UNNAMED,2020-10-18 18:00:00,17.8,64.3,20,1004,TS,NOAA IBTrACS v04r01
2020296N19087,2020,UNNAMED,2020-10-22 03:00:00,18.7,87.0,20,999,TS,NOAA IBTrACS v04r01
2020296N19087,2020,UNNAMED,2020-10-22 06:00:00,19.0,87.0,25,998,TS,NOAA IBTrACS v04r01
2020296N19087,2020,UNNAMED,2020-10-22 09:00:00,19.4,87.1,,,TS,NOAA IBTrACS v04r01
2020296N19087,2020,UNNAMED,2020-10-22 12:00:00,19.7,87.3,25,998,TS,NOAA IBTrACS v04r01
2020296N19087,2020,UNNAMED,2020-10-22 15:00:00,19.9,87.4,,,TS,NOAA IBTrACS v04r01
2020296N19087,2020,UNNAMED,2020-10-22 18:00:00,20.2,87.6,25,998,TS,NOAA IBTrACS v04r01
2020296N19087,2020,UNNAMED,2020-10-22 21:00:00,20.7,87.9,,,TS,NOAA IBTrACS v04r01
2020296N19087,2020,UNNAMED,2020-10-23 00:00:00,21.2,88.2,25,998,TS,NOAA IBTrACS v04r01
2020296N19087,2020,UNNAMED,2020-10-23 03:00:00,21.4,88.4,25,998,TS,NOAA IBTrACS v04r01
2020296N19087,2020,UNNAMED,2020-10-23 06:00:00,21.7,88.5,25,998,TS,NOAA IBTrACS v04r01
2020296N19087,2020,UNNAMED,2020-10-23 09:00:00,22.5,89.1,25,998,TS,NOAA IBTrACS v04r01
2020296N19087,2020,UNNAMED,2020-10-23 12:00:00,23.3,89.5,20,1000,TS,NOAA IBTrACS v04r01
2020296N19087,2020,UNNAMED,2020-10-23 15:00:00,23.8,89.7,,,TS,NOAA IBTrACS v04r01
2020296N19087,2020,UNNAMED,2020-10-23 18:00:00,24.0,89.9,20,1000,TS,NOAA IBTrACS v04r01
2020326N11063,2020,GATI,2020-11-20 12:00:00,11.2,62.6,20,1008,DS,NOAA IBTrACS v04r01
2020326N11063,2020,GATI,2020-11-20 15:00:00,11.0,62.2,23,1007,DS,NOAA IBTrACS v04r01
2020326N11063,2020,GATI,2020-11-20 18:00:00,10.9,61.7,25,1006,TS,NOAA IBTrACS v04r01
2020326N11063,2020,GATI,2020-11-20 21:00:00,11.1,61.2,25,1005,TS,NOAA IBTrACS v04r01
2020326N11063,2020,GATI,2020-11-21 00:00:00,11.3,60.6,25,1004,TS,NOAA IBTrACS v04r01
2020326N11063,2020,GATI,2020-11-21 03:00:00,11.3,59.7,30,1003,TS,NOAA IBTrACS v04r01
2020326N11063,2020,GATI,2020-11-21 06:00:00,11.3,58.8,35,1002,TS,NOAA IBTrACS v04r01
2020326N11063,2020,GATI,2020-11-21 09:00:00,11.3,57.9,33,1003,TS,NOAA IBTrACS v04r01
2020326N11063,2020,GATI,2020-11-21 12:00:00,11.3,57.1,30,1003,TS,NOAA IBTrACS v04r01
2020326N11063,2020,GATI,2020-11-21 15:00:00,11.1,56.2,33,1004,TS,NOAA IBTrACS v04r01
2020326N11063,2020,GATI,2020-11-21 18:00:00,10.9,55.8,25,1000,TS,NOAA IBTrACS v04r01
2020326N11063,2020,GATI,2020-11-21 21:00:00,10.9,55.2,48,999,TS,NOAA IBTrACS v04r01
2020326N11063,2020,GATI,2020-11-22 00:00:00,10.8,54.5,30,998,TS,NOAA IBTrACS v04r01
2020326N11063,2020,GATI,2020-11-22 03:00:00,10.6,53.5,40,996,TS,NOAA IBTrACS v04r01
2020326N11063,2020,GATI,2020-11-22 06:00:00,10.4,52.6,50,992,TS,NOAA IBTrACS v04r01
2020326N11063,2020,GATI,2020-11-22 09:00:00,10.4,52.0,65,982,TS,NOAA IBTrACS v04r01
2020326N11063,2020,GATI,2020-11-22 12:00:00,10.4,51.5,75,976,TS,NOAA IBTrACS v04r01
2020326N11063,2020,GATI,2020-11-22 15:00:00,10.4,51.0,75,976,TS,NOAA IBTrACS v04r01
2020326N11063,2020,GATI,2020-11-22 18:00:00,10.4,50.6,65,982,TS,NOAA IBTrACS v04r01
2020326N11063,2020,GATI,2020-11-22 21:00:00,10.5,50.2,60,986,TS,NOAA IBTrACS v04r01
2020326N11063,2020,GATI,2020-11-23 00:00:00,10.7,50.0,45,994,TS,NOAA IBTrACS v04r01
2020326N11063,2020,GATI,2020-11-23 03:00:00,10.9,49.6,35,997,TS,NOAA IBTrACS v04r01
2020326N11063,2020,GATI,2020-11-23 06:00:00,11.1,49.3,30,998,TS,NOAA IBTrACS v04r01
2020326N11063,2020,GATI,2020-11-23 09:00:00,11.3,48.9,38,1005,TS,NOAA IBTrACS v04r01
2020326N11063,2020,GATI,2020-11-23 12:00:00,11.5,48.6,30,999,TS,NOAA IBTrACS v04r01
2020326N11063,2020,GATI,2020-11-23 15:00:00,11.7,48.0,33,1006,TS,NOAA IBTrACS v04r01
2020326N11063,2020,GATI,2020-11-23 18:00:00,11.8,47.5,30,1000,TS,NOAA IBTrACS v04r01
2020326N11063,2020,GATI,2020-11-23 21:00:00,11.7,47.1,28,1008,TS,NOAA IBTrACS v04r01
2020326N11063,2020,GATI,2020-11-24 00:00:00,11.5,46.8,25,1001,TS,NOAA IBTrACS v04r01
2020326N11063,2020,GATI,2020-11-24 03:00:00,11.2,46.6,20,1002,TS,NOAA IBTrACS v04r01
2020326N11063,2020,GATI,2020-11-24 06:00:00,10.9,46.5,25,1011,TS,NOAA IBTrACS v04r01
2020326N11063,2020,GATI,2020-11-24 09:00:00,10.7,46.4,20,1012,TS,NOAA IBTrACS v04r01
2020326N11063,2020,GATI,2020-11-24 12:00:00,10.4,46.3,15,1013,DS,NOAA IBTrACS v04r01
2020327N08086,2020,NIVAR,2020-11-22 06:00:00,7.8,86.1,20,1007,DS,NOAA IBTrACS v04r01
2020327N08086,2020,NIVAR,2020-11-22 09:00:00,8.2,85.9,20,1007,DS,NOAA IBTrACS v04r01
2020327N08086,2020,NIVAR,2020-11-22 12:00:00,8.5,85.6,20,1007,DS,NOAA IBTrACS v04r01
2020327N08086,2020,NIVAR,2020-11-22 15:00:00,8.8,85.3,23,1008,DS,NOAA IBTrACS v04r01
2020327N08086,2020,NIVAR,2020-11-22 18:00:00,9.0,85.1,25,1008,TS,NOAA IBTrACS v04r01
2020327N08086,2020,NIVAR,2020-11-22 21:00:00,9.0,85.0,25,1002,TS,NOAA IBTrACS v04r01
2020327N08086,2020,NIVAR,2020-11-23 00:00:00,9.3,84.6,25,1002,TS,NOAA IBTrACS v04r01
2020327N08086,2020,NIVAR,2020-11-23 03:00:00,9.5,84.2,25,1002,TS,NOAA IBTrACS v04r01
2020327N08086,2020,NIVAR,2020-11-23 06:00:00,9.6,84.0,25,1001,TS,NOAA IBTrACS v04r01
2020327N08086,2020,NIVAR,2020-11-23 09:00:00,9.7,83.8,30,1005,TS,NOAA IBTrACS v04r01
2020327N08086,2020,NIVAR,2020-11-23 12:00:00,9.9,83.6,30,999,TS,NOAA IBTrACS v04r01
2020327N08086,2020,NIVAR,2020-11-23 15:00:00,9.9,83.5,33,1005,TS,NOAA IBTrACS v04r01
2020327N08086,2020,NIVAR,2020-11-23 18:00:00,10.0,83.5,30,998,TS,NOAA IBTrACS v04r01
2020327N08086,2020,NIVAR,2020-11-23 21:00:00,9.9,83.3,35,1004,TS,NOAA IBTrACS v04r01
2020327N08086,2020,NIVAR,2020-11-24 00:00:00,9.8,83.2,35,997,TS,NOAA IBTrACS v04r01
2020327N08086,2020,NIVAR,2020-11-24 03:00:00,9.8,83.1,35,997,TS,NOAA IBTrACS v04r01
2020327N08086,2020,NIVAR,2020-11-24 06:00:00,9.8,83.0,40,994,TS,NOAA IBTrACS v04r01
2020327N08086,2020,NIVAR,2020-11-24 09:00:00,9.9,82.9,45,992,TS,NOAA IBTrACS v04r01
2020327N08086,2020,NIVAR,2020-11-24 12:00:00,10.0,82.8,45,992,TS,NOAA IBTrACS v04r01
2020327N08086,2020,NIVAR,2020-11-24 15:00:00,10.1,82.7,45,992,TS,NOAA IBTrACS v04r01
2020327N08086,2020,NIVAR,2020-11-24 18:00:00,10.2,82.6,50,990,TS,NOAA IBTrACS v04r01
2020327N08086,2020,NIVAR,2020-11-24 21:00:00,10.4,82.4,55,988,TS,NOAA IBTrACS v04r01
2020327N08086,2020,NIVAR,2020-11-25 00:00:00,10.6,82.2,60,986,TS,NOAA IBTrACS v04r01
2020327N08086,2020,NIVAR,2020-11-25 03:00:00,10.8,81.8,60,986,TS,NOAA IBTrACS v04r01
2020327N08086,2020,NIVAR,2020-11-25 06:00:00,11.1,81.4,60,986,TS,NOAA IBTrACS v04r01
2020327N08086,2020,NIVAR,2020-11-25 09:00:00,11.3,81.1,65,982,TS,NOAA IBTrACS v04r01
2020327N08086,2020,NIVAR,2020-11-25 12:00:00,11.5,80.9,65,982,TS,NOAA IBTrACS v04r01
2020327N08086,2020,NIVAR,2020-11-25 15:00:00,11.8,80.6,65,982,TS,NOAA IBTrACS v04r01
2020327N08086,2020,NIVAR,2020-11-25 18:00:00,12.0,80.4,65,982,TS,NOAA IBTrACS v04r01
2020327N08086,2020,NIVAR,2020-11-25 21:00:00,12.2,80.1,60,986,TS,NOAA IBTrACS v04r01
2020327N08086,2020,NIVAR,2020-11-26 00:00:00,12.5,80.0,50,992,TS,NOAA IBTrACS v04r01
2020327N08086,2020,NIVAR,2020-11-26 03:00:00,12.7,79.7,40,996,TS,NOAA IBTrACS v04r01
2020327N08086,2020,NIVAR,2020-11-26 06:00:00,13.0,79.6,35,998,TS,NOAA IBTrACS v04r01
2020327N08086,2020,NIVAR,2020-11-26 09:00:00,13.3,79.6,30,999,TS,NOAA IBTrACS v04r01
2020327N08086,2020,NIVAR,2020-11-26 12:00:00,13.5,79.8,30,1000,TS,NOAA IBTrACS v04r01
2020327N08086,2020,NIVAR,2020-11-26 15:00:00,13.6,80.0,38,1001,TS,NOAA IBTrACS v04r01
2020327N08086,2020,NIVAR,2020-11-26 18:00:00,13.8,80.3,20,1002,TS,NOAA IBTrACS v04r01
2020327N08086,2020,NIVAR,2020-11-26 21:00:00,13.8,80.6,33,1003,TS,NOAA IBTrACS v04r01
2020327N08086,2020,NIVAR,2020-11-27 00:00:00,14.0,80.7,30,1005,TS,NOAA IBTrACS v04r01
2020327N08086,2020,NIVAR,2020-11-27 03:00:00,14.2,80.6,28,1005,TS,NOAA IBTrACS v04r01
2020327N08086,2020,NIVAR,2020-11-27 06:00:00,14.4,80.5,25,1004,TS,NOAA IBTrACS v04r01
2020327N08086,2020,NIVAR,2020-11-27 09:00:00,14.7,80.3,23,1007,TS,NOAA IBTrACS v04r01
2020327N08086,2020,NIVAR,2020-11-27 12:00:00,15.0,80.1,20,1009,DS,NOAA IBTrACS v04r01
2020335N06090,2020,BUREVI,2020-11-29 12:00:00,6.4,90.4,10,1014,DS,NOAA IBTrACS v04r01
2020335N06090,2020,BUREVI,2020-11-29 15:00:00,6.6,89.8,15,1011,DS,NOAA IBTrACS v04r01
2020335N06090,2020,BUREVI,2020-11-29 18:00:00,6.9,89.1,20,1008,DS,NOAA IBTrACS v04r01
2020335N06090,2020,BUREVI,2020-11-29 21:00:00,7.2,88.4,18,1008,DS,NOAA IBTrACS v04r01
2020335N06090,2020,BUREVI,2020-11-30 00:00:00,7.5,87.8,20,1003,MX,NOAA IBTrACS v04r01
2020335N06090,2020,BUREVI,2020-11-30 03:00:00,7.6,87.6,25,1002,MX,NOAA IBTrACS v04r01
2020335N06090,2020,BUREVI,2020-11-30 06:00:00,7.6,87.4,25,1002,TS,NOAA IBTrACS v04r01
2020335N06090,2020,BUREVI,2020-11-30 09:00:00,7.6,87.2,25,1006,TS,NOAA IBTrACS v04r01
2020335N06090,2020,BUREVI,2020-11-30 12:00:00,7.5,87.1,25,1002,TS,NOAA IBTrACS v04r01
2020335N06090,2020,BUREVI,2020-11-30 15:00:00,7.5,87.0,28,1006,TS,NOAA IBTrACS v04r01
2020335N06090,2020,BUREVI,2020-11-30 18:00:00,7.5,86.8,25,1002,TS,NOAA IBTrACS v04r01
2020335N06090,2020,BUREVI,2020-11-30 21:00:00,7.4,86.4,30,1006,TS,NOAA IBTrACS v04r01
2020335N06090,2020,BUREVI,2020-12-01 00:00:00,7.4,86.1,30,1000,TS,NOAA IBTrACS v04r01
2020335N06090,2020,BUREVI,2020-12-01 03:00:00,7.4,85.8,30,1000,TS,NOAA IBTrACS v04r01
2020335N06090,2020,BUREVI,2020-12-01 06:00:00,7.5,85.4,30,1000,TS,NOAA IBTrACS v04r01
2020335N06090,2020,BUREVI,2020-12-01 09:00:00,7.6,85.1,33,1003,TS,NOAA IBTrACS v04r01
2020335N06090,2020,BUREVI,2020-12-01 12:00:00,7.7,84.9,35,999,TS,NOAA IBTrACS v04r01
2020335N06090,2020,BUREVI,2020-12-01 15:00:00,7.8,84.6,35,999,TS,NOAA IBTrACS v04r01
2020335N06090,2020,BUREVI,2020-12-01 18:00:00,8.0,84.3,35,999,TS,NOAA IBTrACS v04r01
2020335N06090,2020,BUREVI,2020-12-01 21:00:00,8.3,83.7,35,999,TS,NOAA IBTrACS v04r01
2020335N06090,2020,BUREVI,2020-12-02 00:00:00,8.5,83.3,40,998,TS,NOAA IBTrACS v04r01
2020335N06090,2020,BUREVI,2020-12-02 03:00:00,8.6,82.9,40,998,TS,NOAA IBTrACS v04r01
2020335N06090,2020,BUREVI,2020-12-02 06:00:00,8.7,82.6,45,996,TS,NOAA IBTrACS v04r01
2020335N06090,2020,BUREVI,2020-12-02 09:00:00,8.8,82.2,45,996,TS,NOAA IBTrACS v04r01
2020335N06090,2020,BUREVI,2020-12-02 12:00:00,8.8,81.9,45,996,TS,NOAA IBTrACS v04r01
2020335N06090,2020,BUREVI,2020-12-02 15:00:00,8.9,81.6,45,996,TS,NOAA IBTrACS v04r01
2020335N06090,2020,BUREVI,2020-12-02 18:00:00,9.0,81.2,45,996,TS,NOAA IBTrACS v04r01
2020335N06090,2020,BUREVI,2020-12-02 21:00:00,9.0,80.9,40,998,TS,NOAA IBTrACS v04r01
2020335N06090,2020,BUREVI,2020-12-03 00:00:00,9.0,80.5,40,998,TS,NOAA IBTrACS v04r01
2020335N06090,2020,BUREVI,2020-12-03 03:00:00,9.1,80.4,40,998,TS,NOAA IBTrACS v04r01
2020335N06090,2020,BUREVI,2020-12-03 06:00:00,9.3,80.1,40,998,TS,NOAA IBTrACS v04r01
2020335N06090,2020,BUREVI,2020-12-03 09:00:00,9.4,79.8,35,999,TS,NOAA IBTrACS v04r01
2020335N06090,2020,BUREVI,2020-12-03 12:00:00,9.4,79.6,30,1000,TS,NOAA IBTrACS v04r01
2020335N06090,2020,BUREVI,2020-12-03 15:00:00,9.4,79.4,30,1000,TS,NOAA IBTrACS v04r01
2020335N06090,2020,BUREVI,2020-12-03 18:00:00,9.3,79.3,30,1000,TS,NOAA IBTrACS v04r01
2020335N06090,2020,BUREVI,2020-12-03 21:00:00,9.3,79.3,30,1000,TS,NOAA IBTrACS v04r01
2020335N06090,2020,BUREVI,2020-12-04 00:00:00,9.2,79.3,30,1000,TS,NOAA IBTrACS v04r01
2020335N06090,2020,BUREVI,2020-12-04 03:00:00,9.1,79.2,30,1001,TS,NOAA IBTrACS v04r01
2020335N06090,2020,BUREVI,2020-12-04 06:00:00,9.2,79.3,30,1001,TS,NOAA IBTrACS v04r01
2020335N06090,2020,BUREVI,2020-12-04 09:00:00,9.3,79.4,30,1004,TS,NOAA IBTrACS v04r01
2020335N06090,2020,BUREVI,2020-12-04 12:00:00,9.4,79.4,25,1002,TS,NOAA IBTrACS v04r01
2020335N06090,2020,BUREVI,2020-12-04 15:00:00,9.3,79.3,25,1002,TS,NOAA IBTrACS v04r01
2020335N06090,2020,BUREVI,2020-12-04 18:00:00,9.2,79.2,25,1003,TS,NOAA IBTrACS v04r01
2020335N06090,2020,BUREVI,2020-12-04 21:00:00,9.1,79.3,25,1003,TS,NOAA IBTrACS v04r01
2020335N06090,2020,BUREVI,2020-12-05 00:00:00,9.1,79.4,20,1004,TS,NOAA IBTrACS v04r01
2020335N06090,2020,BUREVI,2020-12-05 03:00:00,9.2,79.5,20,1006,TS,NOAA IBTrACS v04r01
2020335N06090,2020,BUREVI,2020-12-05 06:00:00,9.5,80.1,20,1005,DS,NOAA IBTrACS v04r01
2020353N06129,2020,KROVANH,2020-12-17 12:00:00,5.8,129.0,15,1009,DS,NOAA IBTrACS v04r01
2020353N06129,2020,KROVANH,2020-12-17 15:00:00,6.2,128.4,15,1009,DS,NOAA IBTrACS v04r01
2020353N06129,2020,KROVANH,2020-12-17 18:00:00,6.5,127.8,15,1009,DS,NOAA IBTrACS v04r01
2020353N06129,2020,KROVANH,2020-12-17 21:00:00,6.7,127.4,18,1007,DS,NOAA IBTrACS v04r01
2020353N06129,2020,KROVANH,2020-12-18 00:00:00,7.1,127.2,20,1004,MX,NOAA IBTrACS v04r01
2020353N06129,2020,KROVANH,2020-12-18 03:00:00,7.6,126.7,15,1004,MX,NOAA IBTrACS v04r01
2020353N06129,2020,KROVANH,2020-12-18 06:00:00,8.1,126.1,10,1002,MX,NOAA IBTrACS v04r01
2020353N06129,2020,KROVANH,2020-12-18 09:00:00,8.6,125.2,10,1005,MX,NOAA IBTrACS v04r01
2020353N06129,2020,KROVANH,2020-12-18 12:00:00,8.9,124.3,10,1004,MX,NOAA IBTrACS v04r01
2020353N06129,2020,KROVANH,2020-12-18 15:00:00,8.9,123.3,15,1005,MX,NOAA IBTrACS v04r01
2020353N06129,2020,KROVANH,2020-12-18 18:00:00,8.8,122.4,20,1004,MX,NOAA IBTrACS v04r01
2020353N06129,2020,KROVANH,2020-12-18 21:00:00,8.8,121.6,20,1004,MX,NOAA IBTrACS v04r01
2020353N06129,2020,KROVANH,2020-12-19 00:00:00,8.9,121.0,20,1004,MX,NOAA IBTrACS v04r01
2020353N06129,2020,KROVANH,2020-12-19 03:00:00,9.0,120.4,20,1003,MX,NOAA IBTrACS v04r01
2020353N06129,2020,KROVANH,2020-12-19 06:00:00,9.2,119.8,20,1004,MX,NOAA IBTrACS v04r01
2020353N06129,2020,KROVANH,2020-12-19 09:00:00,9.5,119.1,23,1003,MX,NOAA IBTrACS v04r01
2020353N06129,2020,KROVANH,2020-12-19 12:00:00,9.7,118.4,25,1004,TS,NOAA IBTrACS v04r01
2020353N06129,2020,KROVANH,2020-12-19 15:00:00,9.7,117.6,23,1006,TS,NOAA IBTrACS v04r01
2020353N06129,2020,KROVANH,2020-12-19 18:00:00,9.8,116.9,20,1004,MX,NOAA IBTrACS v04r01
2020353N06129,2020,KROVANH,2020-12-19 21:00:00,9.9,116.2,23,1006,MX,NOAA IBTrACS v04r01
2020353N06129,2020,KROVANH,2020-12-20 00:00:00,10.0,115.6,35,1002,TS,NOAA IBTrACS v04r01
2020353N06129,2020,KROVANH,2020-12-20 03:00:00,10.1,115.3,25,1005,TS,NOAA IBTrACS v04r01
2020353N06129,2020,KROVANH,2020-12-20 06:00:00,10.1,115.0,35,1000,TS,NOAA IBTrACS v04r01
2020353N06129,2020,KROVANH,2020-12-20 09:00:00,10.0,114.7,25,1004,TS,NOAA IBTrACS v04r01
2020353N06129,2020,KROVANH,2020-12-20 12:00:00,9.9,114.4,35,1002,TS,NOAA IBTrACS v04r01
2020353N06129,2020,KROVANH,2020-12-20 15:00:00,9.7,114.1,25,1004,TS,NOAA IBTrACS v04r01
2020353N06129,2020,KROVANH,2020-12-20 18:00:00,9.5,113.9,35,1002,TS,NOAA IBTrACS v04r01
2020353N06129,2020,KROVANH,2020-12-20 21:00:00,9.3,113.7,23,1004,TS,NOAA IBTrACS v04r01
2020353N06129,2020,KROVANH,2020-12-21 00:00:00,9.2,113.4,35,1002,MX,NOAA IBTrACS v04r01
2020353N06129,2020,KROVANH,2020-12-21 03:00:00,9.1,113.2,23,1004,MX,NOAA IBTrACS v04r01
2020353N06129,2020,KROVANH,2020-12-21 06:00:00,9.0,112.9,35,1002,TS,NOAA IBTrACS v04r01
2020353N06129,2020,KROVANH,2020-12-21 09:00:00,8.9,112.6,25,1003,TS,NOAA IBTrACS v04r01
2020353N06129,2020,KROVANH,2020-12-21 12:00:00,8.8,112.3,35,1002,TS,NOAA IBTrACS v04r01
2020353N06129,2020,KROVANH,2020-12-21 15:00:00,8.6,111.9,25,1004,TS,NOAA IBTrACS v04r01
2020353N06129,2020,KROVANH,2020-12-21 18:00:00,8.5,111.6,35,1002,TS,NOAA IBTrACS v04r01
2020353N06129,2020,KROVANH,2020-12-21 21:00:00,8.2,111.3,25,1004,TS,NOAA IBTrACS v04r01
2020353N06129,2020,KROVANH,2020-12-22 00:00:00,7.9,111.0,35,1002,MX,NOAA IBTrACS v04r01
2020353N06129,2020,KROVANH,2020-12-22 03:00:00,7.7,110.7,25,1004,MX,NOAA IBTrACS v04r01
2020353N06129,2020,KROVANH,2020-12-22 06:00:00,7.8,110.5,25,1004,MX,NOAA IBTrACS v04r01
2020353N06129,2020,KROVANH,2020-12-22 09:00:00,7.8,110.3,25,1004,MX,NOAA IBTrACS v04r01
2020353N06129,2020,KROVANH,2020-12-22 12:00:00,7.9,110.0,25,1004,TS,NOAA IBTrACS v04r01
2020353N06129,2020,KROVANH,2020-12-22 15:00:00,7.9,109.6,25,1004,TS,NOAA IBTrACS v04r01
2020353N06129,2020,KROVANH,2020-12-22 18:00:00,8.0,109.3,25,1004,TS,NOAA IBTrACS v04r01
2020353N06129,2020,KROVANH,2020-12-22 21:00:00,8.1,108.9,25,1005,TS,NOAA IBTrACS v04r01
2020353N06129,2020,KROVANH,2020-12-23 00:00:00,8.1,108.5,25,1006,TS,NOAA IBTrACS v04r01
2020353N06129,2020,KROVANH,2020-12-23 03:00:00,8.2,108.0,25,1005,TS,NOAA IBTrACS v04r01
2020353N06129,2020,KROVANH,2020-12-23 06:00:00,8.3,107.4,25,1006,TS,NOAA IBTrACS v04r01
2020353N06129,2020,KROVANH,2020-12-23 09:00:00,8.2,106.9,23,1006,TS,NOAA IBTrACS v04r01
2020353N06129,2020,KROVANH,2020-12-23 12:00:00,8.0,106.3,20,1006,MX,NOAA IBTrACS v04r01
2020353N06129,2020,KROVANH,2020-12-23 15:00:00,8.0,105.8,20,1007,MX,NOAA IBTrACS v04r01
2020353N06129,2020,KROVANH,2020-12-23 18:00:00,7.9,105.2,20,1006,MX,NOAA IBTrACS v04r01
2020353N06129,2020,KROVANH,2020-12-23 21:00:00,7.8,104.6,20,1007,MX,NOAA IBTrACS v04r01
2020353N06129,2020,KROVANH,2020-12-24 00:00:00,7.8,103.9,20,1006,MX,NOAA IBTrACS v04r01
2020353N06129,2020,KROVANH,2020-12-24 03:00:00,7.8,103.3,23,1006,MX,NOAA IBTrACS v04r01
2020353N06129,2020,KROVANH,2020-12-24 06:00:00,7.8,102.7,25,1004,TS,NOAA IBTrACS v04r01
2020353N06129,2020,KROVANH,2020-12-24 09:00:00,8.0,102.2,28,1004,TS,NOAA IBTrACS v04r01
2020353N06129,2020,KROVANH,2020-12-24 12:00:00,8.2,101.6,30,1006,TS,NOAA IBTrACS v04r01
2020353N06129,2020,KROVANH,2020-12-24 15:00:00,8.3,101.1,28,1004,TS,NOAA IBTrACS v04r01
2020353N06129,2020,KROVANH,2020-12-24 18:00:00,8.6,100.7,25,1008,TS,NOAA IBTrACS v04r01
2020353N06129,2020,KROVANH,2020-12-24 21:00:00,8.9,100.2,23,1006,TS,NOAA IBTrACS v04r01
2020353N06129,2020,KROVANH,2020-12-25 00:00:00,9.4,99.6,20,1006,MX,NOAA IBTrACS v04r01
2020353N06129,2020,KROVANH,2020-12-25 03:00:00,9.7,98.9,20,1007,MX,NOAA IBTrACS v04r01
2020353N06129,2020,KROVANH,2020-12-25 06:00:00,10.0,98.1,20,1007,MX,NOAA IBTrACS v04r01
2020353N06129,2020,KROVANH,2020-12-25 09:00:00,10.6,97.3,18,1009,DS,NOAA IBTrACS v04r01
2020353N06129,2020,KROVANH,2020-12-25 12:00:00,11.3,97.0,15,1010,DS,NOAA IBTrACS v04r01
2021092N11096,2021,UNNAMED,2021-04-02 00:00:00,11.0,96.3,25,1000,TS,NOAA IBTrACS v04r01
2021092N11096,2021,UNNAMED,2021-04-02 03:00:00,11.0,96.3,25,1000,TS,NOAA IBTrACS v04r01
2021092N11096,2021,UNNAMED,2021-04-02 06:00:00,11.2,96.4,25,1000,TS,NOAA IBTrACS v04r01
2021092N11096,2021,UNNAMED,2021-04-02 09:00:00,11.5,96.6,,,TS,NOAA IBTrACS v04r01
2021092N11096,2021,UNNAMED,2021-04-02 12:00:00,11.8,96.8,25,1000,TS,NOAA IBTrACS v04r01
2021092N11096,2021,UNNAMED,2021-04-02 15:00:00,12.0,97.0,,,TS,NOAA IBTrACS v04r01
2021092N11096,2021,UNNAMED,2021-04-02 18:00:00,12.3,97.2,25,1000,TS,NOAA IBTrACS v04r01
2021092N11096,2021,UNNAMED,2021-04-02 21:00:00,12.7,97.4,,,TS,NOAA IBTrACS v04r01
2021092N11096,2021,UNNAMED,2021-04-03 00:00:00,13.0,97.5,25,1002,TS,NOAA IBTrACS v04r01
2021092N11096,2021,UNNAMED,2021-04-03 03:00:00,13.2,97.6,20,1004,TS,NOAA IBTrACS v04r01
2021133N10071,2021,TAUKTAE,2021-05-13 06:00:00,10.0,70.9,20,1007,DS,NOAA IBTrACS v04r01
2021133N10071,2021,TAUKTAE,2021-05-13 09:00:00,10.1,71.1,23,1006,DS,NOAA IBTrACS v04r01
2021133N10071,2021,TAUKTAE,2021-05-13 12:00:00,10.2,71.3,25,1004,TS,NOAA IBTrACS v04r01
2021133N10071,2021,TAUKTAE,2021-05-13 15:00:00,10.3,71.4,25,1002,TS,NOAA IBTrACS v04r01
2021133N10071,2021,TAUKTAE,2021-05-13 18:00:00,10.5,71.5,25,999,TS,NOAA IBTrACS v04r01
2021133N10071,2021,TAUKTAE,2021-05-13 21:00:00,10.7,71.6,28,998,TS,NOAA IBTrACS v04r01
2021133N10071,2021,TAUKTAE,2021-05-14 00:00:00,10.9,71.8,30,997,TS,NOAA IBTrACS v04r01
2021133N10071,2021,TAUKTAE,2021-05-14 03:00:00,11.0,72.0,25,997,TS,NOAA IBTrACS v04r01
2021133N10071,2021,TAUKTAE,2021-05-14 06:00:00,11.2,72.2,25,996,TS,NOAA IBTrACS v04r01
2021133N10071,2021,TAUKTAE,2021-05-14 09:00:00,11.5,72.4,30,995,TS,NOAA IBTrACS v04r01
2021133N10071,2021,TAUKTAE,2021-05-14 12:00:00,11.7,72.6,30,995,TS,NOAA IBTrACS v04r01
2021133N10071,2021,TAUKTAE,2021-05-14 15:00:00,12.0,72.7,43,993,TS,NOAA IBTrACS v04r01
2021133N10071,2021,TAUKTAE,2021-05-14 18:00:00,12.3,72.8,35,993,TS,NOAA IBTrACS v04r01
2021133N10071,2021,TAUKTAE,2021-05-14 21:00:00,12.4,72.8,40,992,TS,NOAA IBTrACS v04r01
2021133N10071,2021,TAUKTAE,2021-05-15 00:00:00,12.8,72.9,40,992,TS,NOAA IBTrACS v04r01
2021133N10071,2021,TAUKTAE,2021-05-15 03:00:00,13.0,72.9,40,992,TS,NOAA IBTrACS v04r01
2021133N10071,2021,TAUKTAE,2021-05-15 06:00:00,13.3,73.0,45,990,TS,NOAA IBTrACS v04r01
2021133N10071,2021,TAUKTAE,2021-05-15 09:00:00,13.6,73.0,45,990,TS,NOAA IBTrACS v04r01
2021133N10071,2021,TAUKTAE,2021-05-15 12:00:00,13.9,73.0,55,985,TS,NOAA IBTrACS v04r01
2021133N10071,2021,TAUKTAE,2021-05-15 15:00:00,14.2,72.9,55,984,TS,NOAA IBTrACS v04r01
2021133N10071,2021,TAUKTAE,2021-05-15 18:00:00,14.5,72.8,60,982,TS,NOAA IBTrACS v04r01
2021133N10071,2021,TAUKTAE,2021-05-15 21:00:00,14.7,72.8,60,982,TS,NOAA IBTrACS v04r01
2021133N10071,2021,TAUKTAE,2021-05-16 00:00:00,15.0,72.8,65,979,TS,NOAA IBTrACS v04r01
2021133N10071,2021,TAUKTAE,2021-05-16 03:00:00,15.4,72.8,70,976,TS,NOAA IBTrACS v04r01
2021133N10071,2021,TAUKTAE,2021-05-16 06:00:00,15.8,72.8,70,976,TS,NOAA IBTrACS v04r01
2021133N10071,2021,TAUKTAE,2021-05-16 09:00:00,16.3,72.7,70,976,TS,NOAA IBTrACS v04r01
2021133N10071,2021,TAUKTAE,2021-05-16 12:00:00,16.8,72.5,75,972,TS,NOAA IBTrACS v04r01
2021133N10071,2021,TAUKTAE,2021-05-16 15:00:00,17.3,72.3,80,968,TS,NOAA IBTrACS v04r01
2021133N10071,2021,TAUKTAE,2021-05-16 18:00:00,17.7,72.0,85,964,TS,NOAA IBTrACS v04r01
2021133N10071,2021,TAUKTAE,2021-05-16 21:00:00,18.0,71.8,90,960,TS,NOAA IBTrACS v04r01
2021133N10071,2021,TAUKTAE,2021-05-17 00:00:00,18.4,71.7,100,950,TS,NOAA IBTrACS v04r01
2021133N10071,2021,TAUKTAE,2021-05-17 03:00:00,18.8,71.6,100,950,TS,NOAA IBTrACS v04r01
2021133N10071,2021,TAUKTAE,2021-05-17 06:00:00,19.3,71.5,100,950,TS,NOAA IBTrACS v04r01
2021133N10071,2021,TAUKTAE,2021-05-17 09:00:00,19.6,71.4,100,950,TS,NOAA IBTrACS v04r01
2021133N10071,2021,TAUKTAE,2021-05-17 12:00:00,20.1,71.4,95,955,TS,NOAA IBTrACS v04r01
2021133N10071,2021,TAUKTAE,2021-05-17 15:00:00,20.5,71.3,90,960,TS,NOAA IBTrACS v04r01
2021133N10071,2021,TAUKTAE,2021-05-17 18:00:00,20.9,71.2,85,964,TS,NOAA IBTrACS v04r01
2021133N10071,2021,TAUKTAE,2021-05-17 21:00:00,21.2,71.2,75,972,TS,NOAA IBTrACS v04r01
2021133N10071,2021,TAUKTAE,2021-05-18 00:00:00,21.5,71.2,65,978,TS,NOAA IBTrACS v04r01
2021133N10071,2021,TAUKTAE,2021-05-18 03:00:00,21.7,71.3,55,984,TS,NOAA IBTrACS v04r01
2021133N10071,2021,TAUKTAE,2021-05-18 06:00:00,22.1,71.6,45,990,TS,NOAA IBTrACS v04r01
2021133N10071,2021,TAUKTAE,2021-05-18 09:00:00,22.6,71.7,40,992,TS,NOAA IBTrACS v04r01
2021133N10071,2021,TAUKTAE,2021-05-18 12:00:00,23.2,72.1,35,993,TS,NOAA IBTrACS v04r01
2021133N10071,2021,TAUKTAE,2021-05-18 15:00:00,23.7,72.5,30,994,TS,NOAA IBTrACS v04r01
2021133N10071,2021,TAUKTAE,2021-05-18 18:00:00,24.1,73.1,30,995,TS,NOAA IBTrACS v04r01
2021133N10071,2021,TAUKTAE,2021-05-18 21:00:00,24.4,73.4,38,994,TS,NOAA IBTrACS v04r01
2021133N10071,2021,TAUKTAE,2021-05-19 00:00:00,24.6,73.6,25,996,TS,NOAA IBTrACS v04r01
2021133N10071,2021,TAUKTAE,2021-05-19 03:00:00,24.9,73.7,20,997,TS,NOAA IBTrACS v04r01
2021133N10071,2021,TAUKTAE,2021-05-19 06:00:00,25.8,74.8,20,997,TS,NOAA IBTrACS v04r01
2021143N15090,2021,YAAS,2021-05-23 00:00:00,15.5,90.0,20,1000,DS,NOAA IBTrACS v04r01
2021143N15090,2021,YAAS,2021-05-23 03:00:00,15.4,89.9,23,999,DS,NOAA IBTrACS v04r01
2021143N15090,2021,YAAS,2021-05-23 06:00:00,15.6,89.8,25,996,TS,NOAA IBTrACS v04r01
2021143N15090,2021,YAAS,2021-05-23 09:00:00,15.6,89.7,28,997,TS,NOAA IBTrACS v04r01
2021143N15090,2021,YAAS,2021-05-23 12:00:00,15.7,89.6,25,994,TS,NOAA IBTrACS v04r01
2021143N15090,2021,YAAS,2021-05-23 15:00:00,15.8,89.5,33,995,TS,NOAA IBTrACS v04r01
2021143N15090,2021,YAAS,2021-05-23 18:00:00,15.8,89.5,30,992,MX,NOAA IBTrACS v04r01
2021143N15090,2021,YAAS,2021-05-23 21:00:00,16.0,89.6,35,993,MX,NOAA IBTrACS v04r01
2021143N15090,2021,YAAS,2021-05-24 00:00:00,16.1,89.8,35,990,TS,NOAA IBTrACS v04r01
2021143N15090,2021,YAAS,2021-05-24 03:00:00,16.5,89.7,40,988,TS,NOAA IBTrACS v04r01
2021143N15090,2021,YAAS,2021-05-24 06:00:00,16.6,89.6,40,988,TS,NOAA IBTrACS v04r01
2021143N15090,2021,YAAS,2021-05-24 09:00:00,16.9,89.6,40,988,TS,NOAA IBTrACS v04r01
2021143N15090,2021,YAAS,2021-05-24 12:00:00,17.2,89.4,45,986,TS,NOAA IBTrACS v04r01
2021143N15090,2021,YAAS,2021-05-24 15:00:00,17.4,89.2,45,986,TS,NOAA IBTrACS v04r01
2021143N15090,2021,YAAS,2021-05-24 18:00:00,17.6,89.0,50,984,TS,NOAA IBTrACS v04r01
2021143N15090,2021,YAAS,2021-05-24 21:00:00,17.8,88.9,55,982,TS,NOAA IBTrACS v04r01
2021143N15090,2021,YAAS,2021-05-25 00:00:00,18.1,88.6,55,980,TS,NOAA IBTrACS v04r01
2021143N15090,2021,YAAS,2021-05-25 03:00:00,18.4,88.4,55,980,TS,NOAA IBTrACS v04r01
2021143N15090,2021,YAAS,2021-05-25 06:00:00,18.8,88.2,60,978,TS,NOAA IBTrACS v04r01
2021143N15090,2021,YAAS,2021-05-25 09:00:00,19.1,88.2,60,978,TS,NOAA IBTrACS v04r01
2021143N15090,2021,YAAS,2021-05-25 12:00:00,19.5,88.2,65,976,TS,NOAA IBTrACS v04r01
2021143N15090,2021,YAAS,2021-05-25 15:00:00,19.9,88.0,65,976,TS,NOAA IBTrACS v04r01
2021143N15090,2021,YAAS,2021-05-25 18:00:00,20.3,87.8,70,974,TS,NOAA IBTrACS v04r01
2021143N15090,2021,YAAS,2021-05-25 21:00:00,20.4,87.7,75,970,TS,NOAA IBTrACS v04r01
2021143N15090,2021,YAAS,2021-05-26 00:00:00,20.6,87.6,75,970,TS,NOAA IBTrACS v04r01
2021143N15090,2021,YAAS,2021-05-26 03:00:00,21.1,87.2,75,970,TS,NOAA IBTrACS v04r01
2021143N15090,2021,YAAS,2021-05-26 06:00:00,21.5,86.9,75,970,TS,NOAA IBTrACS v04r01
2021143N15090,2021,YAAS,2021-05-26 09:00:00,21.7,86.6,55,978,TS,NOAA IBTrACS v04r01
2021143N15090,2021,YAAS,2021-05-26 12:00:00,21.9,86.5,45,984,TS,NOAA IBTrACS v04r01
2021143N15090,2021,YAAS,2021-05-26 15:00:00,22.2,86.1,40,986,TS,NOAA IBTrACS v04r01
2021143N15090,2021,YAAS,2021-05-26 18:00:00,22.5,85.8,30,988,TS,NOAA IBTrACS v04r01
2021143N15090,2021,YAAS,2021-05-26 21:00:00,22.8,85.7,30,992,TS,NOAA IBTrACS v04r01
2021143N15090,2021,YAAS,2021-05-27 00:00:00,23.1,85.7,30,988,TS,NOAA IBTrACS v04r01
2021143N15090,2021,YAAS,2021-05-27 03:00:00,23.3,85.7,30,990,TS,NOAA IBTrACS v04r01
2021143N15090,2021,YAAS,2021-05-27 06:00:00,23.6,85.6,25,991,MX,NOAA IBTrACS v04r01
2021143N15090,2021,YAAS,2021-05-27 09:00:00,23.9,85.5,,,TS,NOAA IBTrACS v04r01
2021143N15090,2021,YAAS,2021-05-27 12:00:00,24.3,85.3,25,992,TS,NOAA IBTrACS v04r01
2021143N15090,2021,YAAS,2021-05-27 15:00:00,24.5,85.1,,,TS,NOAA IBTrACS v04r01
2021143N15090,2021,YAAS,2021-05-27 18:00:00,24.7,84.8,25,992,TS,NOAA IBTrACS v04r01
2021256N20087,2021,UNNAMED,2021-09-12 12:00:00,20.3,87.4,25,992,TS,NOAA IBTrACS v04r01
2021256N20087,2021,UNNAMED,2021-09-12 15:00:00,20.4,87.2,,,TS,NOAA IBTrACS v04r01
2021256N20087,2021,UNNAMED,2021-09-12 18:00:00,20.4,87.1,25,992,TS,NOAA IBTrACS v04r01
2021256N20087,2021,UNNAMED,2021-09-12 21:00:00,20.5,87.1,,,TS,NOAA IBTrACS v04r01
2021256N20087,2021,UNNAMED,2021-09-13 00:00:00,20.6,87.0,30,990,TS,NOAA IBTrACS v04r01
2021256N20087,2021,UNNAMED,2021-09-13 03:00:00,20.9,86.5,30,990,TS,NOAA IBTrACS v04r01
2021256N20087,2021,UNNAMED,2021-09-13 06:00:00,21.1,86.2,30,990,TS,NOAA IBTrACS v04r01
2021256N20087,2021,UNNAMED,2021-09-13 09:00:00,21.3,85.9,,,TS,NOAA IBTrACS v04r01
2021256N20087,2021,UNNAMED,2021-09-13 12:00:00,21.4,85.5,30,990,TS,NOAA IBTrACS v04r01
2021256N20087,2021,UNNAMED,2021-09-13 15:00:00,21.5,85.2,,,TS,NOAA IBTrACS v04r01
2021256N20087,2021,UNNAMED,2021-09-13 18:00:00,21.6,84.8,30,990,TS,NOAA IBTrACS v04r01
2021256N20087,2021,UNNAMED,2021-09-13 21:00:00,21.8,84.2,,,TS,NOAA IBTrACS v04r01
2021256N20087,2021,UNNAMED,2021-09-14 00:00:00,22.0,83.6,30,990,TS,NOAA IBTrACS v04r01
2021256N20087,2021,UNNAMED,2021-09-14 03:00:00,22.1,83.4,25,990,TS,NOAA IBTrACS v04r01
2021256N20087,2021,UNNAMED,2021-09-14 06:00:00,22.4,83.0,25,990,TS,NOAA IBTrACS v04r01
2021256N20087,2021,UNNAMED,2021-09-14 09:00:00,22.6,82.7,,,TS,NOAA IBTrACS v04r01
2021256N20087,2021,UNNAMED,2021-09-14 12:00:00,22.7,82.5,25,996,TS,NOAA IBTrACS v04r01
2021256N20087,2021,UNNAMED,2021-09-14 15:00:00,22.8,82.3,,,TS,NOAA IBTrACS v04r01
2021256N20087,2021,UNNAMED,2021-09-14 18:00:00,23.0,82.0,25,996,TS,NOAA IBTrACS v04r01
2021264N13119,2021,DIANMU,2021-09-21 00:00:00,12.9,119.0,15,1008,DS,NOAA IBTrACS v04r01
2021264N13119,2021,DIANMU,2021-09-21 03:00:00,12.4,118.7,15,1008,DS,NOAA IBTrACS v04r01
2021264N13119,2021,DIANMU,2021-09-21 06:00:00,12.0,118.4,15,1008,DS,NOAA IBTrACS v04r01
2021264N13119,2021,DIANMU,2021-09-21 09:00:00,11.8,118.0,15,1008,DS,NOAA IBTrACS v04r01
2021264N13119,2021,DIANMU,2021-09-21 12:00:00,11.7,117.6,15,1007,DS,NOAA IBTrACS v04r01
2021264N13119,2021,DIANMU,2021-09-21 15:00:00,11.7,117.0,15,1008,DS,NOAA IBTrACS v04r01
2021264N13119,2021,DIANMU,2021-09-21 18:00:00,11.7,116.4,15,1008,DS,NOAA IBTrACS v04r01
2021264N13119,2021,DIANMU,2021-09-21 21:00:00,11.8,115.9,15,1008,DS,NOAA IBTrACS v04r01
2021264N13119,2021,DIANMU,2021-09-22 00:00:00,11.9,115.3,15,1006,MX,NOAA IBTrACS v04r01
2021264N13119,2021,DIANMU,2021-09-22 03:00:00,12.2,114.7,18,1008,MX,NOAA IBTrACS v04r01
2021264N13119,2021,DIANMU,2021-09-22 06:00:00,12.5,114.1,20,1006,MX,NOAA IBTrACS v04r01
2021264N13119,2021,DIANMU,2021-09-22 09:00:00,12.6,113.7,20,1008,MX,NOAA IBTrACS v04r01
2021264N13119,2021,DIANMU,2021-09-22 12:00:00,12.7,113.5,20,1004,MX,NOAA IBTrACS v04r01
2021264N13119,2021,DIANMU,2021-09-22 15:00:00,12.9,113.1,23,1006,MX,NOAA IBTrACS v04r01
2021264N13119,2021,DIANMU,2021-09-22 18:00:00,13.2,112.7,25,1002,TS,NOAA IBTrACS v04r01
2021264N13119,2021,DIANMU,2021-09-22 21:00:00,13.5,112.1,28,1004,TS,NOAA IBTrACS v04r01
2021264N13119,2021,DIANMU,2021-09-23 00:00:00,13.9,111.6,30,1002,TS,NOAA IBTrACS v04r01
2021264N13119,2021,DIANMU,2021-09-23 03:00:00,14.3,111.0,30,1003,TS,NOAA IBTrACS v04r01
2021264N13119,2021,DIANMU,2021-09-23 06:00:00,14.7,110.5,35,1000,TS,NOAA IBTrACS v04r01
2021264N13119,2021,DIANMU,2021-09-23 09:00:00,15.1,109.9,33,1002,TS,NOAA IBTrACS v04r01
2021264N13119,2021,DIANMU,2021-09-23 12:00:00,15.3,109.3,35,1000,TS,NOAA IBTrACS v04r01
2021264N13119,2021,DIANMU,2021-09-23 15:00:00,15.4,108.7,33,1004,TS,NOAA IBTrACS v04r01
2021264N13119,2021,DIANMU,2021-09-23 18:00:00,15.6,108.1,30,1004,TS,NOAA IBTrACS v04r01
2021264N13119,2021,DIANMU,2021-09-23 21:00:00,15.7,107.2,28,1007,TS,NOAA IBTrACS v04r01
2021264N13119,2021,DIANMU,2021-09-24 00:00:00,15.8,106.5,25,1004,TS,NOAA IBTrACS v04r01
2021264N13119,2021,DIANMU,2021-09-24 03:00:00,16.0,105.9,23,1007,TS,NOAA IBTrACS v04r01
2021264N13119,2021,DIANMU,2021-09-24 06:00:00,16.1,105.4,20,1004,MX,NOAA IBTrACS v04r01
2021264N13119,2021,DIANMU,2021-09-24 09:00:00,16.2,105.0,18,1008,MX,NOAA IBTrACS v04r01
2021264N13119,2021,DIANMU,2021-09-24 12:00:00,16.3,104.7,15,1004,MX,NOAA IBTrACS v04r01
2021264N13119,2021,DIANMU,2021-09-24 15:00:00,16.1,104.1,,1004,TS,NOAA IBTrACS v04r01
2021264N13119,2021,DIANMU,2021-09-24 18:00:00,16.0,103.5,,1004,TS,NOAA IBTrACS v04r01
2021264N13119,2021,DIANMU,2021-09-24 21:00:00,16.0,103.0,,1004,TS,NOAA IBTrACS v04r01
2021264N13119,2021,DIANMU,2021-09-25 00:00:00,16.0,102.6,,1004,TS,NOAA IBTrACS v04r01
2021264N13119,2021,DIANMU,2021-09-25 03:00:00,16.0,102.1,,1004,TS,NOAA IBTrACS v04r01
2021264N13119,2021,DIANMU,2021-09-25 06:00:00,16.0,101.6,,1004,TS,NOAA IBTrACS v04r01
2021264N13119,2021,DIANMU,2021-09-25 09:00:00,16.0,101.2,,1003,TS,NOAA IBTrACS v04r01
2021264N13119,2021,DIANMU,2021-09-25 12:00:00,16.1,101.0,,1002,TS,NOAA IBTrACS v04r01
2021264N13119,2021,DIANMU,2021-09-25 15:00:00,16.1,100.7,,1003,TS,NOAA IBTrACS v04r01
2021264N13119,2021,DIANMU,2021-09-25 18:00:00,16.1,100.4,,1004,TS,NOAA IBTrACS v04r01
2021264N13119,2021,DIANMU,2021-09-25 21:00:00,16.1,99.9,,1004,TS,NOAA IBTrACS v04r01
2021264N13119,2021,DIANMU,2021-09-26 00:00:00,16.1,99.5,,1004,TS,NOAA IBTrACS v04r01
2021267N18094,2021,GULAB:SHAHEEN-GU,2021-09-23 18:00:00,18.4,94.1,25,1002,TS,NOAA IBTrACS v04r01
2021267N18094,2021,GULAB:SHAHEEN-GU,2021-09-23 21:00:00,18.2,93.7,28,1001,TS,NOAA IBTrACS v04r01
2021267N18094,2021,GULAB:SHAHEEN-GU,2021-09-24 00:00:00,18.1,93.3,30,1000,TS,NOAA IBTrACS v04r01
2021267N18094,2021,GULAB:SHAHEEN-GU,2021-09-24 03:00:00,18.2,92.9,30,1004,TS,NOAA IBTrACS v04r01
2021267N18094,2021,GULAB:SHAHEEN-GU,2021-09-24 06:00:00,18.3,92.4,30,1007,TS,NOAA IBTrACS v04r01
2021267N18094,2021,GULAB:SHAHEEN-GU,2021-09-24 09:00:00,18.3,91.9,30,1006,TS,NOAA IBTrACS v04r01
2021267N18094,2021,GULAB:SHAHEEN-GU,2021-09-24 12:00:00,18.3,91.4,25,1000,TS,NOAA IBTrACS v04r01
2021267N18094,2021,GULAB:SHAHEEN-GU,2021-09-24 15:00:00,18.3,90.9,30,1005,TS,NOAA IBTrACS v04r01
2021267N18094,2021,GULAB:SHAHEEN-GU,2021-09-24 18:00:00,18.3,90.5,25,1000,TS,NOAA IBTrACS v04r01
2021267N18094,2021,GULAB:SHAHEEN-GU,2021-09-24 21:00:00,18.3,90.1,33,1003,TS,NOAA IBTrACS v04r01
2021267N18094,2021,GULAB:SHAHEEN-GU,2021-09-25 00:00:00,18.3,89.8,30,999,TS,NOAA IBTrACS v04r01
2021267N18094,2021,GULAB:SHAHEEN-GU,2021-09-25 03:00:00,18.3,89.4,30,998,TS,NOAA IBTrACS v04r01
2021267N18094,2021,GULAB:SHAHEEN-GU,2021-09-25 06:00:00,18.3,88.9,30,998,TS,NOAA IBTrACS v04r01
2021267N18094,2021,GULAB:SHAHEEN-GU,2021-09-25 09:00:00,18.3,88.6,38,999,TS,NOAA IBTrACS v04r01
2021267N18094,2021,GULAB:SHAHEEN-GU,2021-09-25 12:00:00,18.3,88.5,35,997,TS,NOAA IBTrACS v04r01
2021267N18094,2021,GULAB:SHAHEEN-GU,2021-09-25 15:00:00,18.2,88.4,35,997,TS,NOAA IBTrACS v04r01
2021267N18094,2021,GULAB:SHAHEEN-GU,2021-09-25 18:00:00,18.3,88.2,35,996,TS,NOAA IBTrACS v04r01
2021267N18094,2021,GULAB:SHAHEEN-GU,2021-09-25 21:00:00,18.3,87.7,35,996,TS,NOAA IBTrACS v04r01
2021267N18094,2021,GULAB:SHAHEEN-GU,2021-09-26 00:00:00,18.3,87.3,40,994,TS,NOAA IBTrACS v04r01
2021267N18094,2021,GULAB:SHAHEEN-GU,2021-09-26 03:00:00,18.4,86.5,40,994,TS,NOAA IBTrACS v04r01
2021267N18094,2021,GULAB:SHAHEEN-GU,2021-09-26 06:00:00,18.5,86.0,45,992,TS,NOAA IBTrACS v04r01
2021267N18094,2021,GULAB:SHAHEEN-GU,2021-09-26 09:00:00,18.4,85.3,45,992,TS,NOAA IBTrACS v04r01
2021267N18094,2021,GULAB:SHAHEEN-GU,2021-09-26 12:00:00,18.4,84.6,45,992,TS,NOAA IBTrACS v04r01
2021267N18094,2021,GULAB:SHAHEEN-GU,2021-09-26 15:00:00,18.3,83.9,45,992,TS,NOAA IBTrACS v04r01
2021267N18094,2021,GULAB:SHAHEEN-GU,2021-09-26 18:00:00,18.3,83.4,35,994,TS,NOAA IBTrACS v04r01
2021267N18094,2021,GULAB:SHAHEEN-GU,2021-09-26 21:00:00,18.2,82.9,30,996,TS,NOAA IBTrACS v04r01
2021267N18094,2021,GULAB:SHAHEEN-GU,2021-09-27 00:00:00,18.2,82.6,30,996,TS,NOAA IBTrACS v04r01
2021267N18094,2021,GULAB:SHAHEEN-GU,2021-09-27 03:00:00,18.2,82.2,30,996,TS,NOAA IBTrACS v04r01
2021267N18094,2021,GULAB:SHAHEEN-GU,2021-09-27 06:00:00,18.5,81.7,30,996,TS,NOAA IBTrACS v04r01
2021267N18094,2021,GULAB:SHAHEEN-GU,2021-09-27 09:00:00,18.6,80.8,23,1000,TS,NOAA IBTrACS v04r01
2021267N18094,2021,GULAB:SHAHEEN-GU,2021-09-27 12:00:00,18.8,80.0,25,998,MX,NOAA IBTrACS v04r01
2021267N18094,2021,GULAB:SHAHEEN-GU,2021-09-27 15:00:00,18.9,79.5,20,1000,MX,NOAA IBTrACS v04r01
2021267N18094,2021,GULAB:SHAHEEN-GU,2021-09-27 18:00:00,19.1,79.2,25,998,MX,NOAA IBTrACS v04r01
2021267N18094,2021,GULAB:SHAHEEN-GU,2021-09-27 21:00:00,19.2,78.8,18,1000,MX,NOAA IBTrACS v04r01
2021267N18094,2021,GULAB:SHAHEEN-GU,2021-09-28 00:00:00,19.5,78.3,25,998,MX,NOAA IBTrACS v04r01
2021267N18094,2021,GULAB:SHAHEEN-GU,2021-09-28 03:00:00,19.8,77.8,20,999,MX,NOAA IBTrACS v04r01
2021267N18094,2021,GULAB:SHAHEEN-GU,2021-09-28 06:00:00,20.1,77.5,15,1003,DS,NOAA IBTrACS v04r01
2021267N18094,2021,GULAB:SHAHEEN-GU,2021-09-28 09:00:00,20.3,77.0,15,1003,DS,NOAA IBTrACS v04r01
2021267N18094,2021,GULAB:SHAHEEN-GU,2021-09-28 12:00:00,20.5,76.5,15,1002,DS,NOAA IBTrACS v04r01
2021267N18094,2021,GULAB:SHAHEEN-GU,2021-09-28 15:00:00,20.7,75.9,15,1003,DS,NOAA IBTrACS v04r01
2021267N18094,2021,GULAB:SHAHEEN-GU,2021-09-28 18:00:00,20.9,75.3,15,1004,DS,NOAA IBTrACS v04r01
2021267N18094,2021,GULAB:SHAHEEN-GU,2021-09-28 21:00:00,21.2,74.7,18,1003,DS,NOAA IBTrACS v04r01
2021267N18094,2021,GULAB:SHAHEEN-GU,2021-09-29 00:00:00,21.5,74.1,20,1002,DS,NOAA IBTrACS v04r01
2021267N18094,2021,GULAB:SHAHEEN-GU,2021-09-29 03:00:00,21.9,73.3,23,1002,DS,NOAA IBTrACS v04r01
2021267N18094,2021,GULAB:SHAHEEN-GU,2021-09-29 06:00:00,22.2,72.6,25,1001,TS,NOAA IBTrACS v04r01
2021267N18094,2021,GULAB:SHAHEEN-GU,2021-09-29 09:00:00,22.4,72.0,25,1001,TS,NOAA IBTrACS v04r01
2021267N18094,2021,GULAB:SHAHEEN-GU,2021-09-29 12:00:00,22.6,71.5,25,1001,TS,NOAA IBTrACS v04r01
2021267N18094,2021,GULAB:SHAHEEN-GU,2021-09-29 15:00:00,22.7,70.8,25,1002,TS,NOAA IBTrACS v04r01
2021267N18094,2021,GULAB:SHAHEEN-GU,2021-09-29 18:00:00,22.7,70.1,25,1002,TS,NOAA IBTrACS v04r01
2021267N18094,2021,GULAB:SHAHEEN-GU,2021-09-29 21:00:00,22.7,69.6,28,1000,TS,NOAA IBTrACS v04r01
2021267N18094,2021,GULAB:SHAHEEN-GU,2021-09-30 00:00:00,22.6,69.3,25,998,TS,NOAA IBTrACS v04r01
2021267N18094,2021,GULAB:SHAHEEN-GU,2021-09-30 03:00:00,22.6,68.7,25,998,TS,NOAA IBTrACS v04r01
2021267N18094,2021,GULAB:SHAHEEN-GU,2021-09-30 06:00:00,22.6,68.3,25,998,TS,NOAA IBTrACS v04r01
2021267N18094,2021,GULAB:SHAHEEN-GU,2021-09-30 09:00:00,22.8,67.7,30,999,TS,NOAA IBTrACS v04r01
2021267N18094,2021,GULAB:SHAHEEN-GU,2021-09-30 12:00:00,22.9,67.2,25,998,TS,NOAA IBTrACS v04r01
2021267N18094,2021,GULAB:SHAHEEN-GU,2021-09-30 15:00:00,22.9,66.8,33,998,TS,NOAA IBTrACS v04r01
2021267N18094,2021,GULAB:SHAHEEN-GU,2021-09-30 18:00:00,23.0,66.4,30,996,TS,NOAA IBTrACS v04r01
2021267N18094,2021,GULAB:SHAHEEN-GU,2021-09-30 21:00:00,23.0,65.9,38,996,TS,NOAA IBTrACS v04r01
2021267N18094,2021,GULAB:SHAHEEN-GU,2021-10-01 00:00:00,23.1,65.4,35,995,TS,NOAA IBTrACS v04r01
2021267N18094,2021,GULAB:SHAHEEN-GU,2021-10-01 03:00:00,23.1,64.9,40,994,TS,NOAA IBTrACS v04r01
2021267N18094,2021,GULAB:SHAHEEN-GU,2021-10-01 06:00:00,23.2,64.6,45,992,TS,NOAA IBTrACS v04r01
2021267N18094,2021,GULAB:SHAHEEN-GU,2021-10-01 09:00:00,23.3,64.2,45,991,TS,NOAA IBTrACS v04r01
2021267N18094,2021,GULAB:SHAHEEN-GU,2021-10-01 12:00:00,23.5,63.9,55,987,TS,NOAA IBTrACS v04r01
2021267N18094,2021,GULAB:SHAHEEN-GU,2021-10-01 15:00:00,23.6,63.5,55,986,TS,NOAA IBTrACS v04r01
2021267N18094,2021,GULAB:SHAHEEN-GU,2021-10-01 18:00:00,23.7,63.2,60,984,TS,NOAA IBTrACS v04r01
2021267N18094,2021,GULAB:SHAHEEN-GU,2021-10-01 21:00:00,23.8,62.8,60,984,TS,NOAA IBTrACS v04r01
2021267N18094,2021,GULAB:SHAHEEN-GU,2021-10-02 00:00:00,23.8,62.5,60,984,TS,NOAA IBTrACS v04r01
2021267N18094,2021,GULAB:SHAHEEN-GU,2021-10-02 03:00:00,24.0,62.1,60,984,TS,NOAA IBTrACS v04r01
2021267N18094,2021,GULAB:SHAHEEN-GU,2021-10-02 06:00:00,24.1,61.7,60,984,TS,NOAA IBTrACS v04r01
2021267N18094,2021,GULAB:SHAHEEN-GU,2021-10-02 09:00:00,24.2,61.3,60,984,TS,NOAA IBTrACS v04r01
2021267N18094,2021,GULAB:SHAHEEN-GU,2021-10-02 12:00:00,24.4,60.9,60,984,TS,NOAA IBTrACS v04r01
2021267N18094,2021,GULAB:SHAHEEN-GU,2021-10-02 15:00:00,24.4,60.5,60,984,TS,NOAA IBTrACS v04r01
2021267N18094,2021,GULAB:SHAHEEN-GU,2021-10-02 18:00:00,24.3,60.1,60,984,TS,NOAA IBTrACS v04r01
2021267N18094,2021,GULAB:SHAHEEN-GU,2021-10-02 21:00:00,24.3,59.7,60,984,TS,NOAA IBTrACS v04r01
2021267N18094,2021,GULAB:SHAHEEN-GU,2021-10-03 00:00:00,24.2,59.5,60,984,TS,NOAA IBTrACS v04r01
2021267N18094,2021,GULAB:SHAHEEN-GU,2021-10-03 03:00:00,24.1,59.1,60,984,TS,NOAA IBTrACS v04r01
2021267N18094,2021,GULAB:SHAHEEN-GU,2021-10-03 06:00:00,24.1,58.8,60,984,TS,NOAA IBTrACS v04r01
2021267N18094,2021,GULAB:SHAHEEN-GU,2021-10-03 09:00:00,24.1,58.4,60,984,TS,NOAA IBTrACS v04r01
2021267N18094,2021,GULAB:SHAHEEN-GU,2021-10-03 12:00:00,24.0,58.1,60,984,TS,NOAA IBTrACS v04r01
2021267N18094,2021,GULAB:SHAHEEN-GU,2021-10-03 15:00:00,24.0,57.8,60,984,TS,NOAA IBTrACS v04r01
2021267N18094,2021,GULAB:SHAHEEN-GU,2021-10-03 18:00:00,23.9,57.6,55,986,TS,NOAA IBTrACS v04r01
2021267N18094,2021,GULAB:SHAHEEN-GU,2021-10-03 21:00:00,23.8,57.3,55,988,TS,NOAA IBTrACS v04r01
2021267N18094,2021,GULAB:SHAHEEN-GU,2021-10-04 00:00:00,23.7,56.9,40,994,TS,NOAA IBTrACS v04r01
2021267N18094,2021,GULAB:SHAHEEN-GU,2021-10-04 03:00:00,23.5,56.5,30,998,TS,NOAA IBTrACS v04r01
2021267N18094,2021,GULAB:SHAHEEN-GU,2021-10-04 06:00:00,23.4,56.1,20,1000,TS,NOAA IBTrACS v04r01
2021280N14068,2021,UNNAMED,2021-10-07 03:00:00,14.0,67.5,25,1002,TS,NOAA IBTrACS v04r01
2021280N14068,2021,UNNAMED,2021-10-07 06:00:00,14.2,67.2,25,1002,TS,NOAA IBTrACS v04r01
2021280N14068,2021,UNNAMED,2021-10-07 09:00:00,14.3,67.1,,,TS,NOAA IBTrACS v04r01
2021280N14068,2021,UNNAMED,2021-10-07 12:00:00,14.3,67.0,25,1002,TS,NOAA IBTrACS v04r01
2021280N14068,2021,UNNAMED,2021-10-07 15:00:00,14.4,66.9,,,TS,NOAA IBTrACS v04r01
2021280N14068,2021,UNNAMED,2021-10-07 18:00:00,14.5,66.8,25,1002,TS,NOAA IBTrACS v04r01
2021280N14068,2021,UNNAMED,2021-10-07 21:00:00,14.5,66.7,,,TS,NOAA IBTrACS v04r01
2021280N14068,2021,UNNAMED,2021-10-08 00:00:00,14.6,66.6,25,1002,TS,NOAA IBTrACS v04r01
2021280N14068,2021,UNNAMED,2021-10-08 03:00:00,14.7,66.4,25,1002,TS,NOAA IBTrACS v04r01
2021280N14068,2021,UNNAMED,2021-10-08 06:00:00,14.7,66.2,25,1002,TS,NOAA IBTrACS v04r01
2021280N14068,2021,UNNAMED,2021-10-08 09:00:00,14.7,66.0,,,TS,NOAA IBTrACS v04r01
2021280N14068,2021,UNNAMED,2021-10-08 12:00:00,14.6,65.9,25,1003,TS,NOAA IBTrACS v04r01
2021280N14068,2021,UNNAMED,2021-10-08 15:00:00,14.5,65.8,,,TS,NOAA IBTrACS v04r01
2021280N14068,2021,UNNAMED,2021-10-08 18:00:00,14.5,65.8,25,1003,TS,NOAA IBTrACS v04r01
2021312N07090,2021,UNNAMED,2021-11-08 06:00:00,7.4,90.1,15,1010,DS,NOAA IBTrACS v04r01
2021312N07090,2021,UNNAMED,2021-11-08 09:00:00,7.7,89.8,15,1010,DS,NOAA IBTrACS v04r01
2021312N07090,2021,UNNAMED,2021-11-08 12:00:00,8.0,89.4,15,1010,DS,NOAA IBTrACS v04r01
2021312N07090,2021,UNNAMED,2021-11-08 15:00:00,8.1,89.0,15,1010,DS,NOAA IBTrACS v04r01
2021312N07090,2021,UNNAMED,2021-11-08 18:00:00,8.2,88.6,15,1010,DS,NOAA IBTrACS v04r01
2021312N07090,2021,UNNAMED,2021-11-08 21:00:00,8.4,88.2,15,1007,DS,NOAA IBTrACS v04r01
2021312N07090,2021,UNNAMED,2021-11-09 00:00:00,8.5,87.9,15,1004,DS,NOAA IBTrACS v04r01
2021312N07090,2021,UNNAMED,2021-11-09 03:00:00,8.6,87.8,15,1004,DS,NOAA IBTrACS v04r01
2021312N07090,2021,UNNAMED,2021-11-09 06:00:00,8.7,87.8,15,1004,DS,NOAA IBTrACS v04r01
2021312N07090,2021,UNNAMED,2021-11-09 09:00:00,8.8,87.7,18,1006,DS,NOAA IBTrACS v04r01
2021312N07090,2021,UNNAMED,2021-11-09 12:00:00,9.0,87.5,20,1007,DS,NOAA IBTrACS v04r01
2021312N07090,2021,UNNAMED,2021-11-09 15:00:00,9.3,87.3,20,1007,DS,NOAA IBTrACS v04r01
2021312N07090,2021,UNNAMED,2021-11-09 18:00:00,9.6,86.9,20,1006,DS,NOAA IBTrACS v04r01
2021312N07090,2021,UNNAMED,2021-11-09 21:00:00,9.8,86.5,20,1006,DS,NOAA IBTrACS v04r01
2021312N07090,2021,UNNAMED,2021-11-10 00:00:00,9.9,85.9,20,1006,DS,NOAA IBTrACS v04r01
2021312N07090,2021,UNNAMED,2021-11-10 03:00:00,10.1,85.1,20,1007,DS,NOAA IBTrACS v04r01
2021312N07090,2021,UNNAMED,2021-11-10 06:00:00,10.3,84.2,20,1007,DS,NOAA IBTrACS v04r01
2021312N07090,2021,UNNAMED,2021-11-10 09:00:00,10.5,83.5,23,1006,DS,NOAA IBTrACS v04r01
2021312N07090,2021,UNNAMED,2021-11-10 12:00:00,10.8,83.1,25,1000,TS,NOAA IBTrACS v04r01
2021312N07090,2021,UNNAMED,2021-11-10 15:00:00,11.4,82.6,28,1003,TS,NOAA IBTrACS v04r01
2021312N07090,2021,UNNAMED,2021-11-10 18:00:00,11.9,82.1,25,1000,TS,NOAA IBTrACS v04r01
2021312N07090,2021,UNNAMED,2021-11-10 21:00:00,12.1,81.8,30,1002,TS,NOAA IBTrACS v04r01
2021312N07090,2021,UNNAMED,2021-11-11 00:00:00,12.3,81.6,25,1000,TS,NOAA IBTrACS v04r01
2021312N07090,2021,UNNAMED,2021-11-11 03:00:00,12.5,81.2,25,1000,TS,NOAA IBTrACS v04r01
2021312N07090,2021,UNNAMED,2021-11-11 06:00:00,12.8,80.8,25,1000,TS,NOAA IBTrACS v04r01
2021312N07090,2021,UNNAMED,2021-11-11 09:00:00,12.9,80.4,35,998,TS,NOAA IBTrACS v04r01
2021312N07090,2021,UNNAMED,2021-11-11 12:00:00,13.0,80.1,25,1000,TS,NOAA IBTrACS v04r01
2021312N07090,2021,UNNAMED,2021-11-11 15:00:00,12.9,79.4,28,999,TS,NOAA IBTrACS v04r01
2021312N07090,2021,UNNAMED,2021-11-11 18:00:00,12.9,78.5,20,1000,TS,NOAA IBTrACS v04r01
2021322N11082,2021,UNNAMED,2021-11-18 03:00:00,11.0,82.3,25,1000,TS,NOAA IBTrACS v04r01
2021322N11082,2021,UNNAMED,2021-11-18 06:00:00,11.2,81.7,25,1000,TS,NOAA IBTrACS v04r01
2021322N11082,2021,UNNAMED,2021-11-18 09:00:00,11.5,81.2,,,TS,NOAA IBTrACS v04r01
2021322N11082,2021,UNNAMED,2021-11-18 12:00:00,11.8,80.9,25,1000,TS,NOAA IBTrACS v04r01
2021322N11082,2021,UNNAMED,2021-11-18 15:00:00,12.0,80.7,,,TS,NOAA IBTrACS v04r01
2021322N11082,2021,UNNAMED,2021-11-18 18:00:00,12.2,80.5,25,1000,TS,NOAA IBTrACS v04r01
2021322N11082,2021,UNNAMED,2021-11-18 21:00:00,12.3,80.3,,,TS,NOAA IBTrACS v04r01
2021322N11082,2021,UNNAMED,2021-11-19 00:00:00,12.5,80.0,25,1000,TS,NOAA IBTrACS v04r01
2021322N11082,2021,UNNAMED,2021-11-19 03:00:00,12.7,79.7,20,1002,TS,NOAA IBTrACS v04r01
2021335N08096,2021,JAWAD,2021-11-30 18:00:00,8.4,96.3,20,1006,DS,NOAA IBTrACS v04r01
2021335N08096,2021,JAWAD,2021-11-30 21:00:00,8.0,96.1,20,1007,DS,NOAA IBTrACS v04r01
2021335N08096,2021,JAWAD,2021-12-01 00:00:00,7.8,95.7,20,1008,DS,NOAA IBTrACS v04r01
2021335N08096,2021,JAWAD,2021-12-01 03:00:00,7.8,94.9,20,1007,DS,NOAA IBTrACS v04r01
2021335N08096,2021,JAWAD,2021-12-01 06:00:00,8.0,94.0,20,1006,DS,NOAA IBTrACS v04r01
2021335N08096,2021,JAWAD,2021-12-01 09:00:00,8.1,93.4,20,1007,DS,NOAA IBTrACS v04r01
2021335N08096,2021,JAWAD,2021-12-01 12:00:00,8.2,92.9,20,1008,DS,NOAA IBTrACS v04r01
2021335N08096,2021,JAWAD,2021-12-01 15:00:00,8.5,92.3,23,1008,DS,NOAA IBTrACS v04r01
2021335N08096,2021,JAWAD,2021-12-01 18:00:00,8.9,91.8,25,1007,TS,NOAA IBTrACS v04r01
2021335N08096,2021,JAWAD,2021-12-01 21:00:00,9.2,91.3,25,1006,TS,NOAA IBTrACS v04r01
2021335N08096,2021,JAWAD,2021-12-02 00:00:00,9.6,90.8,25,1005,TS,NOAA IBTrACS v04r01
2021335N08096,2021,JAWAD,2021-12-02 03:00:00,10.0,90.1,25,1005,TS,NOAA IBTrACS v04r01
2021335N08096,2021,JAWAD,2021-12-02 06:00:00,10.5,89.3,25,1005,TS,NOAA IBTrACS v04r01
2021335N08096,2021,JAWAD,2021-12-02 09:00:00,11.0,88.7,25,1007,TS,NOAA IBTrACS v04r01
2021335N08096,2021,JAWAD,2021-12-02 12:00:00,11.4,88.4,25,1004,TS,NOAA IBTrACS v04r01
2021335N08096,2021,JAWAD,2021-12-02 15:00:00,11.8,87.9,28,1008,TS,NOAA IBTrACS v04r01
2021335N08096,2021,JAWAD,2021-12-02 18:00:00,12.2,87.3,25,1004,TS,NOAA IBTrACS v04r01
2021335N08096,2021,JAWAD,2021-12-02 21:00:00,12.9,86.7,33,1005,TS,NOAA IBTrACS v04r01
2021335N08096,2021,JAWAD,2021-12-03 00:00:00,13.6,86.2,30,1002,TS,NOAA IBTrACS v04r01
2021335N08096,2021,JAWAD,2021-12-03 03:00:00,14.0,85.9,30,1002,TS,NOAA IBTrACS v04r01
2021335N08096,2021,JAWAD,2021-12-03 06:00:00,14.4,85.6,35,1001,TS,NOAA IBTrACS v04r01
2021335N08096,2021,JAWAD,2021-12-03 09:00:00,14.7,85.3,35,1001,TS,NOAA IBTrACS v04r01
2021335N08096,2021,JAWAD,2021-12-03 12:00:00,15.0,85.1,40,1000,TS,NOAA IBTrACS v04r01
2021335N08096,2021,JAWAD,2021-12-03 15:00:00,15.2,85.0,40,1000,TS,NOAA IBTrACS v04r01
2021335N08096,2021,JAWAD,2021-12-03 18:00:00,15.5,84.9,40,1000,TS,NOAA IBTrACS v04r01
2021335N08096,2021,JAWAD,2021-12-03 21:00:00,15.7,84.9,40,1000,TS,NOAA IBTrACS v04r01
2021335N08096,2021,JAWAD,2021-12-04 00:00:00,16.0,84.8,40,1000,TS,NOAA IBTrACS v04r01
2021335N08096,2021,JAWAD,2021-12-04 03:00:00,16.2,84.8,40,1000,TS,NOAA IBTrACS v04r01
2021335N08096,2021,JAWAD,2021-12-04 06:00:00,16.3,84.9,35,1001,TS,NOAA IBTrACS v04r01
2021335N08096,2021,JAWAD,2021-12-04 09:00:00,16.5,84.9,35,1001,TS,NOAA IBTrACS v04r01
2021335N08096,2021,JAWAD,2021-12-04 12:00:00,16.8,85.1,30,1002,TS,NOAA IBTrACS v04r01
2021335N08096,2021,JAWAD,2021-12-04 15:00:00,17.1,85.1,33,1001,TS,NOAA IBTrACS v04r01
2021335N08096,2021,JAWAD,2021-12-04 18:00:00,17.3,85.3,30,1002,TS,NOAA IBTrACS v04r01
2021335N08096,2021,JAWAD,2021-12-04 21:00:00,17.4,85.4,30,1002,TS,NOAA IBTrACS v04r01
2021335N08096,2021,JAWAD,2021-12-05 00:00:00,17.7,85.7,30,1002,TS,NOAA IBTrACS v04r01
2021335N08096,2021,JAWAD,2021-12-05 03:00:00,18.3,85.8,30,1003,TS,NOAA IBTrACS v04r01
2021335N08096,2021,JAWAD,2021-12-05 06:00:00,18.7,86.1,30,1003,TS,NOAA IBTrACS v04r01
2021335N08096,2021,JAWAD,2021-12-05 09:00:00,19.0,86.3,25,1004,TS,NOAA IBTrACS v04r01
2021335N08096,2021,JAWAD,2021-12-05 12:00:00,19.5,86.7,25,1004,MX,NOAA IBTrACS v04r01
2021335N08096,2021,JAWAD,2021-12-05 15:00:00,20.0,87.0,20,1009,MX,NOAA IBTrACS v04r01
2021335N08096,2021,JAWAD,2021-12-05 18:00:00,20.7,87.2,25,1004,MX,NOAA IBTrACS v04r01
2021335N08096,2021,JAWAD,2021-12-05 21:00:00,21.2,87.4,18,1010,DS,NOAA IBTrACS v04r01
2021335N08096,2021,JAWAD,2021-12-06 00:00:00,21.5,87.7,15,1010,DS,NOAA IBTrACS v04r01
2021335N08096,2021,JAWAD,2021-12-06 03:00:00,21.9,88.1,13,1010,DS,NOAA IBTrACS v04r01
2021335N08096,2021,JAWAD,2021-12-06 06:00:00,22.3,88.5,10,1009,DS,NOAA IBTrACS v04r01
2022062N06085,2022,UNNAMED,2022-03-03 00:00:00,6.5,84.9,25,1004,TS,NOAA IBTrACS v04r01
2022062N06085,2022,UNNAMED,2022-03-03 03:00:00,6.5,84.4,25,1004,TS,NOAA IBTrACS v04r01
2022062N06085,2022,UNNAMED,2022-03-03 06:00:00,6.8,84.0,25,1004,TS,NOAA IBTrACS v04r01
2022062N06085,2022,UNNAMED,2022-03-03 09:00:00,7.2,83.8,25,1004,TS,NOAA IBTrACS v04r01
2022062N06085,2022,UNNAMED,2022-03-03 12:00:00,7.7,83.7,25,1004,TS,NOAA IBTrACS v04r01
2022062N06085,2022,UNNAMED,2022-03-03 15:00:00,8.0,83.5,25,1004,TS,NOAA IBTrACS v04r01
2022062N06085,2022,UNNAMED,2022-03-03 18:00:00,8.2,83.4,25,1004,TS,NOAA IBTrACS v04r01
2022062N06085,2022,UNNAMED,2022-03-03 21:00:00,8.4,83.2,25,1004,TS,NOAA IBTrACS v04r01
2022062N06085,2022,UNNAMED,2022-03-04 00:00:00,8.7,83.2,25,1004,TS,NOAA IBTrACS v04r01
2022062N06085,2022,UNNAMED,2022-03-04 03:00:00,9.1,83.1,25,1004,TS,NOAA IBTrACS v04r01
2022062N06085,2022,UNNAMED,2022-03-04 06:00:00,9.5,83.1,25,1003,TS,NOAA IBTrACS v04r01
2022062N06085,2022,UNNAMED,2022-03-04 09:00:00,9.9,83.1,28,1006,TS,NOAA IBTrACS v04r01
2022062N06085,2022,UNNAMED,2022-03-04 12:00:00,10.3,83.2,30,1002,TS,NOAA IBTrACS v04r01
2022062N06085,2022,UNNAMED,2022-03-04 15:00:00,10.6,83.3,33,1005,TS,NOAA IBTrACS v04r01
2022062N06085,2022,UNNAMED,2022-03-04 18:00:00,10.9,83.4,30,1002,TS,NOAA IBTrACS v04r01
2022062N06085,2022,UNNAMED,2022-03-04 21:00:00,11.1,83.3,35,1005,TS,NOAA IBTrACS v04r01
2022062N06085,2022,UNNAMED,2022-03-05 00:00:00,11.3,83.3,30,1002,TS,NOAA IBTrACS v04r01
2022062N06085,2022,UNNAMED,2022-03-05 03:00:00,11.5,83.2,30,1002,TS,NOAA IBTrACS v04r01
2022062N06085,2022,UNNAMED,2022-03-05 06:00:00,11.6,83.1,30,1002,TS,NOAA IBTrACS v04r01
2022062N06085,2022,UNNAMED,2022-03-05 09:00:00,11.6,83.1,38,1001,TS,NOAA IBTrACS v04r01
2022062N06085,2022,UNNAMED,2022-03-05 12:00:00,11.5,83.0,30,1002,TS,NOAA IBTrACS v04r01
2022062N06085,2022,UNNAMED,2022-03-05 15:00:00,11.4,82.8,35,1000,TS,NOAA IBTrACS v04r01
2022062N06085,2022,UNNAMED,2022-03-05 18:00:00,11.3,82.7,25,1003,TS,NOAA IBTrACS v04r01
2022062N06085,2022,UNNAMED,2022-03-05 21:00:00,11.1,82.6,28,1003,TS,NOAA IBTrACS v04r01
2022062N06085,2022,UNNAMED,2022-03-06 00:00:00,11.0,82.4,25,1004,TS,NOAA IBTrACS v04r01
2022062N06085,2022,UNNAMED,2022-03-06 03:00:00,10.9,82.1,25,1004,TS,NOAA IBTrACS v04r01
2022062N06085,2022,UNNAMED,2022-03-06 06:00:00,10.9,81.8,25,1004,TS,NOAA IBTrACS v04r01
2022062N06085,2022,UNNAMED,2022-03-06 09:00:00,10.9,81.4,23,1006,TS,NOAA IBTrACS v04r01
2022062N06085,2022,UNNAMED,2022-03-06 12:00:00,10.8,81.0,20,1008,DS,NOAA IBTrACS v04r01
2022062N06085,2022,UNNAMED,2022-03-06 15:00:00,10.8,80.6,20,1009,DS,NOAA IBTrACS v04r01
2022062N06085,2022,UNNAMED,2022-03-06 18:00:00,10.7,80.3,20,1009,DS,NOAA IBTrACS v04r01
2022079N10093,2022,UNNAMED,2022-03-20 00:00:00,9.8,92.5,25,1002,TS,NOAA IBTrACS v04r01
2022079N10093,2022,UNNAMED,2022-03-20 03:00:00,10.1,92.6,25,1002,TS,NOAA IBTrACS v04r01
2022079N10093,2022,UNNAMED,2022-03-20 06:00:00,10.4,92.9,25,1002,TS,NOAA IBTrACS v04r01
2022079N10093,2022,UNNAMED,2022-03-20 09:00:00,10.7,93.1,,,TS,NOAA IBTrACS v04r01
2022079N10093,2022,UNNAMED,2022-03-20 12:00:00,10.9,93.2,25,1002,TS,NOAA IBTrACS v04r01
2022079N10093,2022,UNNAMED,2022-03-20 15:00:00,11.1,93.3,,,TS,NOAA IBTrACS v04r01
2022079N10093,2022,UNNAMED,2022-03-20 18:00:00,11.3,93.4,25,1001,TS,NOAA IBTrACS v04r01
2022079N10093,2022,UNNAMED,2022-03-20 21:00:00,11.6,93.6,,,TS,NOAA IBTrACS v04r01
2022079N10093,2022,UNNAMED,2022-03-21 00:00:00,11.9,93.7,30,1000,TS,NOAA IBTrACS v04r01
2022079N10093,2022,UNNAMED,2022-03-21 03:00:00,12.3,93.8,30,1000,TS,NOAA IBTrACS v04r01
2022079N10093,2022,UNNAMED,2022-03-21 06:00:00,12.6,93.9,30,1000,TS,NOAA IBTrACS v04r01
2022079N10093,2022,UNNAMED,2022-03-21 09:00:00,12.9,94.0,,,TS,NOAA IBTrACS v04r01
2022079N10093,2022,UNNAMED,2022-03-21 12:00:00,13.3,94.0,30,1000,TS,NOAA IBTrACS v04r01
2022079N10093,2022,UNNAMED,2022-03-21 15:00:00,13.6,94.0,,,TS,NOAA IBTrACS v04r01
2022079N10093,2022,UNNAMED,2022-03-21 18:00:00,14.0,94.0,30,1000,TS,NOAA IBTrACS v04r01
2022079N10093,2022,UNNAMED,2022-03-21 21:00:00,14.5,94.1,,,TS,NOAA IBTrACS v04r01
2022079N10093,2022,UNNAMED,2022-03-22 00:00:00,14.9,94.2,30,1000,TS,NOAA IBTrACS v04r01
2022079N10093,2022,UNNAMED,2022-03-22 03:00:00,15.2,94.2,30,1000,TS,NOAA IBTrACS v04r01
2022079N10093,2022,UNNAMED,2022-03-22 06:00:00,15.8,94.2,30,1000,TS,NOAA IBTrACS v04r01
2022079N10093,2022,UNNAMED,2022-03-22 09:00:00,16.3,94.3,30,1000,TS,NOAA IBTrACS v04r01
2022079N10093,2022,UNNAMED,2022-03-22 12:00:00,16.6,94.4,25,1001,TS,NOAA IBTrACS v04r01
2022079N10093,2022,UNNAMED,2022-03-22 15:00:00,17.0,94.5,,,TS,NOAA IBTrACS v04r01
2022079N10093,2022,UNNAMED,2022-03-22 18:00:00,17.6,94.5,25,1002,TS,NOAA IBTrACS v04r01
2022079N10093,2022,UNNAMED,2022-03-22 21:00:00,18.3,94.5,,,TS,NOAA IBTrACS v04r01
2022079N10093,2022,UNNAMED,2022-03-23 00:00:00,19.0,94.6,20,1003,TS,NOAA IBTrACS v04r01
2022126N07095,2022,ASANI,2022-05-05 12:00:00,7.1,94.5,15,1010,DS,NOAA IBTrACS v04r01
2022126N07095,2022,ASANI,2022-05-05 15:00:00,7.2,94.2,15,1010,DS,NOAA IBTrACS v04r01
2022126N07095,2022,ASANI,2022-05-05 18:00:00,7.4,94.0,15,1010,DS,NOAA IBTrACS v04r01
2022126N07095,2022,ASANI,2022-05-05 21:00:00,7.6,93.8,18,1008,DS,NOAA IBTrACS v04r01
2022126N07095,2022,ASANI,2022-05-06 00:00:00,7.7,93.6,20,1005,DS,NOAA IBTrACS v04r01
2022126N07095,2022,ASANI,2022-05-06 03:00:00,7.8,93.4,20,1005,DS,NOAA IBTrACS v04r01
2022126N07095,2022,ASANI,2022-05-06 06:00:00,7.9,93.3,20,1004,DS,NOAA IBTrACS v04r01
2022126N07095,2022,ASANI,2022-05-06 09:00:00,8.0,93.1,23,1004,DS,NOAA IBTrACS v04r01
2022126N07095,2022,ASANI,2022-05-06 12:00:00,8.2,92.9,25,1003,TS,NOAA IBTrACS v04r01
2022126N07095,2022,ASANI,2022-05-06 15:00:00,8.3,92.7,28,1002,TS,NOAA IBTrACS v04r01
2022126N07095,2022,ASANI,2022-05-06 18:00:00,8.5,92.4,30,1001,TS,NOAA IBTrACS v04r01
2022126N07095,2022,ASANI,2022-05-06 21:00:00,8.9,91.9,33,1000,TS,NOAA IBTrACS v04r01
2022126N07095,2022,ASANI,2022-05-07 00:00:00,9.2,91.5,35,999,TS,NOAA IBTrACS v04r01
2022126N07095,2022,ASANI,2022-05-07 03:00:00,9.3,91.3,38,997,TS,NOAA IBTrACS v04r01
2022126N07095,2022,ASANI,2022-05-07 06:00:00,9.4,91.2,25,996,TS,NOAA IBTrACS v04r01
2022126N07095,2022,ASANI,2022-05-07 09:00:00,9.7,90.8,45,993,TS,NOAA IBTrACS v04r01
2022126N07095,2022,ASANI,2022-05-07 12:00:00,10.1,90.5,30,995,TS,NOAA IBTrACS v04r01
2022126N07095,2022,ASANI,2022-05-07 15:00:00,10.4,90.2,50,991,TS,NOAA IBTrACS v04r01
2022126N07095,2022,ASANI,2022-05-07 18:00:00,10.7,90.0,30,994,TS,NOAA IBTrACS v04r01
2022126N07095,2022,ASANI,2022-05-07 21:00:00,10.9,89.6,55,989,TS,NOAA IBTrACS v04r01
2022126N07095,2022,ASANI,2022-05-08 00:00:00,11.2,89.3,35,992,TS,NOAA IBTrACS v04r01
2022126N07095,2022,ASANI,2022-05-08 03:00:00,11.5,88.9,40,990,TS,NOAA IBTrACS v04r01
2022126N07095,2022,ASANI,2022-05-08 06:00:00,11.9,88.6,45,988,TS,NOAA IBTrACS v04r01
2022126N07095,2022,ASANI,2022-05-08 09:00:00,12.1,88.2,45,988,TS,NOAA IBTrACS v04r01
2022126N07095,2022,ASANI,2022-05-08 12:00:00,12.5,88.0,50,986,TS,NOAA IBTrACS v04r01
2022126N07095,2022,ASANI,2022-05-08 15:00:00,12.8,87.6,50,986,TS,NOAA IBTrACS v04r01
2022126N07095,2022,ASANI,2022-05-08 18:00:00,13.1,87.4,55,984,TS,NOAA IBTrACS v04r01
2022126N07095,2022,ASANI,2022-05-08 21:00:00,13.5,86.9,55,984,TS,NOAA IBTrACS v04r01
2022126N07095,2022,ASANI,2022-05-09 00:00:00,13.8,86.5,55,983,TS,NOAA IBTrACS v04r01
2022126N07095,2022,ASANI,2022-05-09 03:00:00,14.0,86.2,55,982,TS,NOAA IBTrACS v04r01
2022126N07095,2022,ASANI,2022-05-09 06:00:00,14.3,85.9,55,982,TS,NOAA IBTrACS v04r01
2022126N07095,2022,ASANI,2022-05-09 09:00:00,14.4,85.6,55,982,TS,NOAA IBTrACS v04r01
2022126N07095,2022,ASANI,2022-05-09 12:00:00,14.6,85.3,55,982,TS,NOAA IBTrACS v04r01
2022126N07095,2022,ASANI,2022-05-09 15:00:00,14.7,85.0,55,982,TS,NOAA IBTrACS v04r01
2022126N07095,2022,ASANI,2022-05-09 18:00:00,14.8,84.7,55,982,TS,NOAA IBTrACS v04r01
2022126N07095,2022,ASANI,2022-05-09 21:00:00,14.9,84.4,55,982,TS,NOAA IBTrACS v04r01
2022126N07095,2022,ASANI,2022-05-10 00:00:00,15.0,84.1,55,982,TS,NOAA IBTrACS v04r01
2022126N07095,2022,ASANI,2022-05-10 03:00:00,15.1,83.6,55,984,TS,NOAA IBTrACS v04r01
2022126N07095,2022,ASANI,2022-05-10 06:00:00,15.2,83.3,55,984,TS,NOAA IBTrACS v04r01
2022126N07095,2022,ASANI,2022-05-10 09:00:00,15.2,82.9,55,984,TS,NOAA IBTrACS v04r01
2022126N07095,2022,ASANI,2022-05-10 12:00:00,15.4,82.6,50,984,TS,NOAA IBTrACS v04r01
2022126N07095,2022,ASANI,2022-05-10 15:00:00,15.4,82.2,50,985,TS,NOAA IBTrACS v04r01
2022126N07095,2022,ASANI,2022-05-10 18:00:00,15.6,82.0,50,986,TS,NOAA IBTrACS v04r01
2022126N07095,2022,ASANI,2022-05-10 21:00:00,15.7,81.8,45,986,TS,NOAA IBTrACS v04r01
2022126N07095,2022,ASANI,2022-05-11 00:00:00,15.8,81.7,45,988,TS,NOAA IBTrACS v04r01
2022126N07095,2022,ASANI,2022-05-11 03:00:00,15.9,81.6,45,988,TS,NOAA IBTrACS v04r01
2022126N07095,2022,ASANI,2022-05-11 06:00:00,16.0,81.5,40,990,TS,NOAA IBTrACS v04r01
2022126N07095,2022,ASANI,2022-05-11 09:00:00,16.0,81.4,40,990,TS,NOAA IBTrACS v04r01
2022126N07095,2022,ASANI,2022-05-11 12:00:00,16.1,81.3,30,992,TS,NOAA IBTrACS v04r01
2022126N07095,2022,ASANI,2022-05-11 15:00:00,16.0,81.1,30,993,TS,NOAA IBTrACS v04r01
2022126N07095,2022,ASANI,2022-05-11 18:00:00,15.9,80.9,30,994,TS,NOAA IBTrACS v04r01
2022126N07095,2022,ASANI,2022-05-11 21:00:00,15.8,80.6,25,999,TS,NOAA IBTrACS v04r01
2022126N07095,2022,ASANI,2022-05-12 00:00:00,15.6,80.4,25,996,TS,NOAA IBTrACS v04r01
2022126N07095,2022,ASANI,2022-05-12 03:00:00,15.2,80.2,23,1001,TS,NOAA IBTrACS v04r01
2022126N07095,2022,ASANI,2022-05-12 06:00:00,15.1,80.1,20,1002,DS,NOAA IBTrACS v04r01
2022126N07095,2022,ASANI,2022-05-12 09:00:00,15.0,80.1,20,1002,DS,NOAA IBTrACS v04r01
2022126N07095,2022,ASANI,2022-05-12 12:00:00,15.0,80.2,20,1001,DS,NOAA IBTrACS v04r01
2022126N07095,2022,ASANI,2022-05-12 15:00:00,14.8,80.2,20,1004,DS,NOAA IBTrACS v04r01
2022126N07095,2022,ASANI,2022-05-12 18:00:00,14.7,80.3,20,1007,DS,NOAA IBTrACS v04r01
2022126N07095,2022,ASANI,2022-05-12 21:00:00,14.7,80.6,20,1007,DS,NOAA IBTrACS v04r01
2022126N07095,2022,ASANI,2022-05-13 00:00:00,14.7,81.0,20,1007,DS,NOAA IBTrACS v04r01
2022126N07095,2022,ASANI,2022-05-13 03:00:00,14.7,81.3,20,1007,DS,NOAA IBTrACS v04r01
2022126N07095,2022,ASANI,2022-05-13 06:00:00,14.8,81.5,20,1007,DS,NOAA IBTrACS v04r01
2022140N16097,2022,UNNAMED,2022-05-20 03:00:00,16.3,97.3,25,1000,TS,NOAA IBTrACS v04r01
2022140N16097,2022,UNNAMED,2022-05-20 06:00:00,16.4,97.4,25,1000,TS,NOAA IBTrACS v04r01
2022140N16097,2022,UNNAMED,2022-05-20 09:00:00,16.8,97.6,25,998,TS,NOAA IBTrACS v04r01
2022140N16097,2022,UNNAMED,2022-05-20 12:00:00,17.1,97.8,25,999,TS,NOAA IBTrACS v04r01
2022140N16097,2022,UNNAMED,2022-05-20 15:00:00,17.3,97.9,,,TS,NOAA IBTrACS v04r01
2022140N16097,2022,UNNAMED,2022-05-20 18:00:00,17.4,98.0,25,999,TS,NOAA IBTrACS v04r01
2022197N22069,2022,UNNAMED,2022-07-16 03:00:00,21.6,69.0,25,992,TS,NOAA IBTrACS v04r01
2022197N22069,2022,UNNAMED,2022-07-16 06:00:00,21.9,68.9,25,992,TS,NOAA IBTrACS v04r01
2022197N22069,2022,UNNAMED,2022-07-16 09:00:00,22.0,68.8,,,TS,NOAA IBTrACS v04r01
2022197N22069,2022,UNNAMED,2022-07-16 12:00:00,22.1,68.8,25,992,TS,NOAA IBTrACS v04r01
2022197N22069,2022,UNNAMED,2022-07-16 15:00:00,22.3,68.8,,,TS,NOAA IBTrACS v04r01
2022197N22069,2022,UNNAMED,2022-07-16 18:00:00,22.6,68.7,25,992,TS,NOAA IBTrACS v04r01
2022197N22069,2022,UNNAMED,2022-07-16 21:00:00,22.7,68.6,,,TS,NOAA IBTrACS v04r01
2022197N22069,2022,UNNAMED,2022-07-17 00:00:00,22.8,68.5,25,992,TS,NOAA IBTrACS v04r01
2022197N22069,2022,UNNAMED,2022-07-17 03:00:00,23.0,68.2,25,992,TS,NOAA IBTrACS v04r01
2022197N22069,2022,UNNAMED,2022-07-17 06:00:00,23.2,67.8,25,992,TS,NOAA IBTrACS v04r01
2022197N22069,2022,UNNAMED,2022-07-17 09:00:00,23.3,67.6,,,TS,NOAA IBTrACS v04r01
2022197N22069,2022,UNNAMED,2022-07-17 12:00:00,23.4,67.4,25,992,TS,NOAA IBTrACS v04r01
2022197N22069,2022,UNNAMED,2022-07-17 15:00:00,23.4,66.9,,,TS,NOAA IBTrACS v04r01
2022197N22069,2022,UNNAMED,2022-07-17 18:00:00,23.4,66.3,20,993,TS,NOAA IBTrACS v04r01
2022221N21086,2022,UNNAMED,2022-08-09 03:00:00,20.8,85.6,25,990,TS,NOAA IBTrACS v04r01
2022221N21086,2022,UNNAMED,2022-08-09 06:00:00,20.8,85.3,25,990,TS,NOAA IBTrACS v04r01
2022221N21086,2022,UNNAMED,2022-08-09 09:00:00,21.0,84.8,,,TS,NOAA IBTrACS v04r01
2022221N21086,2022,UNNAMED,2022-08-09 12:00:00,21.2,84.2,25,990,TS,NOAA IBTrACS v04r01
2022221N21086,2022,UNNAMED,2022-08-09 15:00:00,21.4,83.7,,,TS,NOAA IBTrACS v04r01
2022221N21086,2022,UNNAMED,2022-08-09 18:00:00,21.5,83.3,20,991,TS,NOAA IBTrACS v04r01
2022224N22067,2022,UNNAMED,2022-08-11 18:00:00,22.1,67.2,20,1007,DS,NOAA IBTrACS v04r01
2022224N22067,2022,UNNAMED,2022-08-11 21:00:00,22.0,66.9,25,998,DS,NOAA IBTrACS v04r01
2022224N22067,2022,UNNAMED,2022-08-12 00:00:00,21.8,66.6,30,989,TS,NOAA IBTrACS v04r01
2022224N22067,2022,UNNAMED,2022-08-12 03:00:00,21.8,66.4,25,990,TS,NOAA IBTrACS v04r01
2022224N22067,2022,UNNAMED,2022-08-12 06:00:00,21.9,66.1,25,990,TS,NOAA IBTrACS v04r01
2022224N22067,2022,UNNAMED,2022-08-12 09:00:00,22.0,65.6,38,989,TS,NOAA IBTrACS v04r01
2022224N22067,2022,UNNAMED,2022-08-12 12:00:00,22.1,65.2,25,990,TS,NOAA IBTrACS v04r01
2022224N22067,2022,UNNAMED,2022-08-12 15:00:00,22.2,64.9,40,987,TS,NOAA IBTrACS v04r01
2022224N22067,2022,UNNAMED,2022-08-12 18:00:00,22.3,64.6,25,990,TS,NOAA IBTrACS v04r01
2022224N22067,2022,UNNAMED,2022-08-12 21:00:00,22.2,64.2,38,987,TS,NOAA IBTrACS v04r01
2022224N22067,2022,UNNAMED,2022-08-13 00:00:00,22.0,63.9,25,990,TS,NOAA IBTrACS v04r01
2022224N22067,2022,UNNAMED,2022-08-13 03:00:00,21.8,63.6,25,990,TS,NOAA IBTrACS v04r01
2022224N22067,2022,UNNAMED,2022-08-13 06:00:00,21.6,63.6,20,990,TS,NOAA IBTrACS v04r01
2022224N22067,2022,UNNAMED,2022-08-13 09:00:00,21.5,64.0,30,993,TS,NOAA IBTrACS v04r01
2022224N22067,2022,UNNAMED,2022-08-13 12:00:00,21.6,64.7,30,991,TS,NOAA IBTrACS v04r01
2022224N22067,2022,UNNAMED,2022-08-13 15:00:00,21.8,65.4,28,993,TS,NOAA IBTrACS v04r01
2022224N22067,2022,UNNAMED,2022-08-13 18:00:00,22.2,66.1,25,995,TS,NOAA IBTrACS v04r01
2022224N22067,2022,UNNAMED,2022-08-13 21:00:00,22.6,66.4,23,997,TS,NOAA IBTrACS v04r01
2022224N22067,2022,UNNAMED,2022-08-14 00:00:00,23.1,66.6,20,999,DS,NOAA IBTrACS v04r01
2022224N22067,2022,UNNAMED,2022-08-14 03:00:00,23.5,66.8,20,1000,DS,NOAA IBTrACS v04r01
2022226N22088,2022,UNNAMED,2022-08-14 03:00:00,21.7,87.8,25,994,TS,NOAA IBTrACS v04r01
2022226N22088,2022,UNNAMED,2022-08-14 06:00:00,21.8,87.5,25,994,TS,NOAA IBTrACS v04r01
2022226N22088,2022,UNNAMED,2022-08-14 09:00:00,22.0,86.9,,,TS,NOAA IBTrACS v04r01
2022226N22088,2022,UNNAMED,2022-08-14 12:00:00,22.1,86.0,25,994,TS,NOAA IBTrACS v04r01
2022226N22088,2022,UNNAMED,2022-08-14 15:00:00,22.2,85.0,,,TS,NOAA IBTrACS v04r01
2022226N22088,2022,UNNAMED,2022-08-14 18:00:00,22.2,84.0,25,994,TS,NOAA IBTrACS v04r01
2022226N22088,2022,UNNAMED,2022-08-14 21:00:00,22.3,83.4,,,TS,NOAA IBTrACS v04r01
2022226N22088,2022,UNNAMED,2022-08-15 00:00:00,22.4,82.8,25,994,TS,NOAA IBTrACS v04r01
2022226N22088,2022,UNNAMED,2022-08-15 03:00:00,22.6,82.0,25,994,TS,NOAA IBTrACS v04r01
2022226N22088,2022,UNNAMED,2022-08-15 06:00:00,22.8,81.1,25,994,TS,NOAA IBTrACS v04r01
2022226N22088,2022,UNNAMED,2022-08-15 09:00:00,23.1,80.4,,,TS,NOAA IBTrACS v04r01
2022226N22088,2022,UNNAMED,2022-08-15 12:00:00,23.3,79.8,25,994,TS,NOAA IBTrACS v04r01
2022226N22088,2022,UNNAMED,2022-08-15 15:00:00,23.4,79.4,,,TS,NOAA IBTrACS v04r01
2022226N22088,2022,UNNAMED,2022-08-15 18:00:00,23.6,79.0,25,994,TS,NOAA IBTrACS v04r01
2022226N22088,2022,UNNAMED,2022-08-15 21:00:00,23.9,78.4,,,TS,NOAA IBTrACS v04r01
2022226N22088,2022,UNNAMED,2022-08-16 00:00:00,24.3,77.6,25,994,TS,NOAA IBTrACS v04r01
2022226N22088,2022,UNNAMED,2022-08-16 03:00:00,24.7,76.5,25,994,TS,NOAA IBTrACS v04r01
2022226N22088,2022,UNNAMED,2022-08-16 06:00:00,24.9,76.1,20,995,TS,NOAA IBTrACS v04r01
2022230N18095,2022,UNNAMED,2022-08-17 12:00:00,18.0,95.0,30,999,TS,NOAA IBTrACS v04r01
2022230N18095,2022,UNNAMED,2022-08-17 15:00:00,18.3,94.5,30,998,TS,NOAA IBTrACS v04r01
2022230N18095,2022,UNNAMED,2022-08-17 18:00:00,18.5,94.1,30,996,TS,NOAA IBTrACS v04r01
2022230N18095,2022,UNNAMED,2022-08-17 21:00:00,18.7,93.7,30,995,TS,NOAA IBTrACS v04r01
2022230N18095,2022,UNNAMED,2022-08-18 00:00:00,18.9,93.2,30,994,TS,NOAA IBTrACS v04r01
2022230N18095,2022,UNNAMED,2022-08-18 03:00:00,19.2,92.7,33,994,TS,NOAA IBTrACS v04r01
2022230N18095,2022,UNNAMED,2022-08-18 06:00:00,19.5,92.2,35,993,TS,NOAA IBTrACS v04r01
2022230N18095,2022,UNNAMED,2022-08-18 09:00:00,19.9,91.4,35,993,TS,NOAA IBTrACS v04r01
2022230N18095,2022,UNNAMED,2022-08-18 12:00:00,20.2,90.7,35,993,TS,NOAA IBTrACS v04r01
2022230N18095,2022,UNNAMED,2022-08-18 15:00:00,20.3,90.5,35,995,TS,NOAA IBTrACS v04r01
2022230N18095,2022,UNNAMED,2022-08-18 18:00:00,20.4,90.3,35,997,TS,NOAA IBTrACS v04r01
2022230N18095,2022,UNNAMED,2022-08-18 21:00:00,20.7,89.8,38,996,TS,NOAA IBTrACS v04r01
2022230N18095,2022,UNNAMED,2022-08-19 00:00:00,20.9,89.4,25,994,TS,NOAA IBTrACS v04r01
2022230N18095,2022,UNNAMED,2022-08-19 03:00:00,21.0,89.2,25,994,TS,NOAA IBTrACS v04r01
2022230N18095,2022,UNNAMED,2022-08-19 06:00:00,21.2,88.9,30,993,TS,NOAA IBTrACS v04r01
2022230N18095,2022,UNNAMED,2022-08-19 09:00:00,21.4,88.6,43,991,TS,NOAA IBTrACS v04r01
2022230N18095,2022,UNNAMED,2022-08-19 12:00:00,21.6,88.1,30,992,TS,NOAA IBTrACS v04r01
2022230N18095,2022,UNNAMED,2022-08-19 15:00:00,21.9,87.6,30,992,TS,NOAA IBTrACS v04r01
2022230N18095,2022,UNNAMED,2022-08-19 18:00:00,22.2,87.0,30,992,TS,NOAA IBTrACS v04r01
2022230N18095,2022,UNNAMED,2022-08-19 21:00:00,22.4,86.4,33,997,TS,NOAA IBTrACS v04r01
2022230N18095,2022,UNNAMED,2022-08-20 00:00:00,22.6,85.9,30,992,TS,NOAA IBTrACS v04r01
2022230N18095,2022,UNNAMED,2022-08-20 03:00:00,22.7,85.4,30,992,TS,NOAA IBTrACS v04r01
2022230N18095,2022,UNNAMED,2022-08-20 06:00:00,22.9,84.7,30,993,TS,NOAA IBTrACS v04r01
2022230N18095,2022,UNNAMED,2022-08-20 09:00:00,23.1,84.1,,,TS,NOAA IBTrACS v04r01
2022230N18095,2022,UNNAMED,2022-08-20 12:00:00,23.3,83.6,30,993,TS,NOAA IBTrACS v04r01
2022230N18095,2022,UNNAMED,2022-08-20 15:00:00,23.4,83.2,,,TS,NOAA IBTrACS v04r01
2022230N18095,2022,UNNAMED,2022-08-20 18:00:00,23.5,82.9,30,993,TS,NOAA IBTrACS v04r01
2022230N18095,2022,UNNAMED,2022-08-20 21:00:00,23.6,82.6,,,TS,NOAA IBTrACS v04r01
2022230N18095,2022,UNNAMED,2022-08-21 00:00:00,23.7,82.2,25,994,TS,NOAA IBTrACS v04r01
2022230N18095,2022,UNNAMED,2022-08-21 03:00:00,23.8,81.7,25,994,TS,NOAA IBTrACS v04r01
2022230N18095,2022,UNNAMED,2022-08-21 06:00:00,24.0,81.2,25,994,TS,NOAA IBTrACS v04r01
2022230N18095,2022,UNNAMED,2022-08-21 09:00:00,24.1,80.8,,,TS,NOAA IBTrACS v04r01
2022230N18095,2022,UNNAMED,2022-08-21 12:00:00,24.2,80.5,25,994,TS,NOAA IBTrACS v04r01
2022230N18095,2022,UNNAMED,2022-08-21 15:00:00,24.3,80.1,,,TS,NOAA IBTrACS v04r01
2022230N18095,2022,UNNAMED,2022-08-21 18:00:00,24.3,79.8,25,995,TS,NOAA IBTrACS v04r01
2022230N18095,2022,UNNAMED,2022-08-21 21:00:00,24.3,79.5,,,TS,NOAA IBTrACS v04r01
2022230N18095,2022,UNNAMED,2022-08-22 00:00:00,24.3,79.1,25,995,TS,NOAA IBTrACS v04r01
2022230N18095,2022,UNNAMED,2022-08-22 03:00:00,24.3,78.4,25,995,TS,NOAA IBTrACS v04r01
2022230N18095,2022,UNNAMED,2022-08-22 06:00:00,24.4,77.8,25,996,TS,NOAA IBTrACS v04r01
2022230N18095,2022,UNNAMED,2022-08-22 09:00:00,24.4,77.5,,,TS,NOAA IBTrACS v04r01
2022230N18095,2022,UNNAMED,2022-08-22 12:00:00,24.4,77.4,25,996,TS,NOAA IBTrACS v04r01
2022230N18095,2022,UNNAMED,2022-08-22 15:00:00,24.5,77.0,,,TS,NOAA IBTrACS v04r01
2022230N18095,2022,UNNAMED,2022-08-22 18:00:00,24.6,76.6,20,997,TS,NOAA IBTrACS v04r01
2022230N18095,2022,UNNAMED,2022-08-22 21:00:00,24.7,76.3,,,TS,NOAA IBTrACS v04r01
2022230N18095,2022,UNNAMED,2022-08-23 00:00:00,24.8,76.2,20,997,TS,NOAA IBTrACS v04r01
2022254N20085,2022,UNNAMED,2022-09-11 00:00:00,19.5,84.7,25,998,TS,NOAA IBTrACS v04r01
2022254N20085,2022,UNNAMED,2022-09-11 03:00:00,19.7,84.0,25,998,TS,NOAA IBTrACS v04r01
2022254N20085,2022,UNNAMED,2022-09-11 06:00:00,19.8,83.3,25,998,TS,NOAA IBTrACS v04r01
2022254N20085,2022,UNNAMED,2022-09-11 09:00:00,19.9,82.4,,,TS,NOAA IBTrACS v04r01
2022254N20085,2022,UNNAMED,2022-09-11 12:00:00,19.9,81.7,25,998,TS,NOAA IBTrACS v04r01
2022254N20085,2022,UNNAMED,2022-09-11 15:00:00,20.0,81.4,,,TS,NOAA IBTrACS v04r01
2022254N20085,2022,UNNAMED,2022-09-11 18:00:00,20.1,81.2,25,998,TS,NOAA IBTrACS v04r01
2022254N20085,2022,UNNAMED,2022-09-11 21:00:00,20.4,81.0,,,TS,NOAA IBTrACS v04r01
2022254N20085,2022,UNNAMED,2022-09-12 00:00:00,20.8,80.8,20,999,TS,NOAA IBTrACS v04r01
2022295N13093,2022,SITRANG,2022-10-21 18:00:00,12.6,93.3,15,1010,DS,NOAA IBTrACS v04r01
2022295N13093,2022,SITRANG,2022-10-21 21:00:00,12.9,92.9,20,1008,DS,NOAA IBTrACS v04r01
2022295N13093,2022,SITRANG,2022-10-22 00:00:00,13.2,92.5,25,1006,TS,NOAA IBTrACS v04r01
2022295N13093,2022,SITRANG,2022-10-22 03:00:00,13.4,92.1,25,1004,TS,NOAA IBTrACS v04r01
2022295N13093,2022,SITRANG,2022-10-22 06:00:00,13.9,91.4,25,1003,TS,NOAA IBTrACS v04r01
2022295N13093,2022,SITRANG,2022-10-22 09:00:00,14.2,90.9,28,1006,TS,NOAA IBTrACS v04r01
2022295N13093,2022,SITRANG,2022-10-22 12:00:00,14.4,90.5,25,1002,TS,NOAA IBTrACS v04r01
2022295N13093,2022,SITRANG,2022-10-22 15:00:00,14.7,90.0,30,1004,TS,NOAA IBTrACS v04r01
2022295N13093,2022,SITRANG,2022-10-22 18:00:00,15.0,89.5,25,1002,TS,NOAA IBTrACS v04r01
2022295N13093,2022,SITRANG,2022-10-22 21:00:00,15.2,89.1,30,1001,TS,NOAA IBTrACS v04r01
2022295N13093,2022,SITRANG,2022-10-23 00:00:00,15.4,88.7,30,1001,TS,NOAA IBTrACS v04r01
2022295N13093,2022,SITRANG,2022-10-23 03:00:00,15.5,88.3,30,1000,TS,NOAA IBTrACS v04r01
2022295N13093,2022,SITRANG,2022-10-23 06:00:00,15.6,88.1,30,1000,TS,NOAA IBTrACS v04r01
2022295N13093,2022,SITRANG,2022-10-23 09:00:00,15.8,88.1,33,1000,TS,NOAA IBTrACS v04r01
2022295N13093,2022,SITRANG,2022-10-23 12:00:00,16.2,88.1,35,999,TS,NOAA IBTrACS v04r01
2022295N13093,2022,SITRANG,2022-10-23 15:00:00,16.6,88.4,35,999,TS,NOAA IBTrACS v04r01
2022295N13093,2022,SITRANG,2022-10-23 18:00:00,17.1,88.6,35,998,TS,NOAA IBTrACS v04r01
2022295N13093,2022,SITRANG,2022-10-23 21:00:00,17.5,88.8,40,997,TS,NOAA IBTrACS v04r01
2022295N13093,2022,SITRANG,2022-10-24 00:00:00,18.0,89.0,40,996,TS,NOAA IBTrACS v04r01
2022295N13093,2022,SITRANG,2022-10-24 03:00:00,18.7,89.3,45,996,TS,NOAA IBTrACS v04r01
2022295N13093,2022,SITRANG,2022-10-24 06:00:00,19.4,89.6,45,996,TS,NOAA IBTrACS v04r01
2022295N13093,2022,SITRANG,2022-10-24 09:00:00,20.0,89.9,45,996,TS,NOAA IBTrACS v04r01
2022295N13093,2022,SITRANG,2022-10-24 12:00:00,20.8,90.1,45,996,TS,NOAA IBTrACS v04r01
2022295N13093,2022,SITRANG,2022-10-24 15:00:00,21.8,90.4,45,996,TS,NOAA IBTrACS v04r01
2022295N13093,2022,SITRANG,2022-10-24 18:00:00,23.8,90.9,40,996,TS,NOAA IBTrACS v04r01
2022295N13093,2022,SITRANG,2022-10-24 21:00:00,24.3,91.0,30,998,TS,NOAA IBTrACS v04r01
2022295N13093,2022,SITRANG,2022-10-25 00:00:00,24.5,91.1,25,1000,TS,NOAA IBTrACS v04r01
2022324N10086,2022,UNNAMED,2022-11-20 00:00:00,10.0,85.5,25,1005,TS,NOAA IBTrACS v04r01
2022324N10086,2022,UNNAMED,2022-11-20 03:00:00,10.0,85.5,25,1005,TS,NOAA IBTrACS v04r01
2022324N10086,2022,UNNAMED,2022-11-20 06:00:00,10.3,85.3,25,1005,TS,NOAA IBTrACS v04r01
2022324N10086,2022,UNNAMED,2022-11-20 09:00:00,10.6,85.1,,,TS,NOAA IBTrACS v04r01
2022324N10086,2022,UNNAMED,2022-11-20 12:00:00,10.9,85.0,25,1003,TS,NOAA IBTrACS v04r01
2022324N10086,2022,UNNAMED,2022-11-20 15:00:00,11.2,84.8,,,TS,NOAA IBTrACS v04r01
2022324N10086,2022,UNNAMED,2022-11-20 18:00:00,11.4,84.6,25,1003,TS,NOAA IBTrACS v04r01
2022324N10086,2022,UNNAMED,2022-11-20 21:00:00,11.7,84.4,,,TS,NOAA IBTrACS v04r01
2022324N10086,2022,UNNAMED,2022-11-21 00:00:00,11.9,84.2,25,1003,TS,NOAA IBTrACS v04r01
2022324N10086,2022,UNNAMED,2022-11-21 03:00:00,12.1,84.0,25,1003,TS,NOAA IBTrACS v04r01
2022324N10086,2022,UNNAMED,2022-11-21 06:00:00,12.6,83.4,25,1003,TS,NOAA IBTrACS v04r01
2022324N10086,2022,UNNAMED,2022-11-21 09:00:00,12.8,82.6,,,TS,NOAA IBTrACS v04r01
2022324N10086,2022,UNNAMED,2022-11-21 12:00:00,12.9,82.0,25,1003,TS,NOAA IBTrACS v04r01
2022324N10086,2022,UNNAMED,2022-11-21 15:00:00,13.0,81.8,,,TS,NOAA IBTrACS v04r01
2022324N10086,2022,UNNAMED,2022-11-21 18:00:00,13.0,81.7,25,1003,TS,NOAA IBTrACS v04r01
2022324N10086,2022,UNNAMED,2022-11-21 21:00:00,13.0,81.6,,,TS,NOAA IBTrACS v04r01
2022324N10086,2022,UNNAMED,2022-11-22 00:00:00,13.1,81.4,25,1004,TS,NOAA IBTrACS v04r01
2022338N05100,2022,MANDOUS,2022-12-04 00:00:00,5.3,99.7,15,1010,DS,NOAA IBTrACS v04r01
2022338N05100,2022,MANDOUS,2022-12-04 03:00:00,5.5,99.4,15,1010,DS,NOAA IBTrACS v04r01
2022338N05100,2022,MANDOUS,2022-12-04 06:00:00,5.7,99.0,15,1010,DS,NOAA IBTrACS v04r01
2022338N05100,2022,MANDOUS,2022-12-04 09:00:00,5.9,98.5,18,1009,DS,NOAA IBTrACS v04r01
2022338N05100,2022,MANDOUS,2022-12-04 12:00:00,6.1,98.1,20,1007,DS,NOAA IBTrACS v04r01
2022338N05100,2022,MANDOUS,2022-12-04 15:00:00,6.3,97.9,20,1007,DS,NOAA IBTrACS v04r01
2022338N05100,2022,MANDOUS,2022-12-04 18:00:00,6.6,97.7,20,1007,DS,NOAA IBTrACS v04r01
2022338N05100,2022,MANDOUS,2022-12-04 21:00:00,6.9,97.5,20,1007,DS,NOAA IBTrACS v04r01
2022338N05100,2022,MANDOUS,2022-12-05 00:00:00,7.2,97.2,20,1006,DS,NOAA IBTrACS v04r01
2022338N05100,2022,MANDOUS,2022-12-05 03:00:00,7.3,96.5,20,1006,DS,NOAA IBTrACS v04r01
2022338N05100,2022,MANDOUS,2022-12-05 06:00:00,7.3,95.7,20,1005,DS,NOAA IBTrACS v04r01
2022338N05100,2022,MANDOUS,2022-12-05 09:00:00,7.4,95.0,18,1008,DS,NOAA IBTrACS v04r01
2022338N05100,2022,MANDOUS,2022-12-05 12:00:00,7.5,94.1,15,1010,DS,NOAA IBTrACS v04r01
2022338N05100,2022,MANDOUS,2022-12-05 15:00:00,7.8,92.8,18,1009,DS,NOAA IBTrACS v04r01
2022338N05100,2022,MANDOUS,2022-12-05 18:00:00,8.0,91.6,20,1007,DS,NOAA IBTrACS v04r01
2022338N05100,2022,MANDOUS,2022-12-05 21:00:00,8.0,90.8,23,1005,DS,NOAA IBTrACS v04r01
2022338N05100,2022,MANDOUS,2022-12-06 00:00:00,8.0,90.2,25,1003,TS,NOAA IBTrACS v04r01
2022338N05100,2022,MANDOUS,2022-12-06 03:00:00,8.0,89.5,28,1004,TS,NOAA IBTrACS v04r01
2022338N05100,2022,MANDOUS,2022-12-06 06:00:00,8.1,88.7,30,1004,TS,NOAA IBTrACS v04r01
2022338N05100,2022,MANDOUS,2022-12-06 09:00:00,8.3,87.8,33,1003,TS,NOAA IBTrACS v04r01
2022338N05100,2022,MANDOUS,2022-12-06 12:00:00,8.4,87.2,25,1000,TS,NOAA IBTrACS v04r01
2022338N05100,2022,MANDOUS,2022-12-06 15:00:00,8.4,86.9,38,1000,TS,NOAA IBTrACS v04r01
2022338N05100,2022,MANDOUS,2022-12-06 18:00:00,8.5,86.7,25,1000,TS,NOAA IBTrACS v04r01
2022338N05100,2022,MANDOUS,2022-12-06 21:00:00,8.5,86.5,43,997,TS,NOAA IBTrACS v04r01
2022338N05100,2022,MANDOUS,2022-12-07 00:00:00,8.6,86.3,30,999,TS,NOAA IBTrACS v04r01
2022338N05100,2022,MANDOUS,2022-12-07 03:00:00,8.7,85.9,30,999,TS,NOAA IBTrACS v04r01
2022338N05100,2022,MANDOUS,2022-12-07 06:00:00,8.8,85.7,30,998,TS,NOAA IBTrACS v04r01
2022338N05100,2022,MANDOUS,2022-12-07 09:00:00,8.8,85.4,45,995,TS,NOAA IBTrACS v04r01
2022338N05100,2022,MANDOUS,2022-12-07 12:00:00,9.0,85.1,30,998,TS,NOAA IBTrACS v04r01
2022338N05100,2022,MANDOUS,2022-12-07 15:00:00,9.1,84.9,45,993,TS,NOAA IBTrACS v04r01
2022338N05100,2022,MANDOUS,2022-12-07 18:00:00,9.2,84.7,35,997,TS,NOAA IBTrACS v04r01
2022338N05100,2022,MANDOUS,2022-12-07 21:00:00,9.3,84.5,35,997,TS,NOAA IBTrACS v04r01
2022338N05100,2022,MANDOUS,2022-12-08 00:00:00,9.4,84.3,40,995,TS,NOAA IBTrACS v04r01
2022338N05100,2022,MANDOUS,2022-12-08 03:00:00,9.5,84.0,40,994,TS,NOAA IBTrACS v04r01
2022338N05100,2022,MANDOUS,2022-12-08 06:00:00,9.8,83.6,45,992,TS,NOAA IBTrACS v04r01
2022338N05100,2022,MANDOUS,2022-12-08 09:00:00,9.9,83.2,45,992,TS,NOAA IBTrACS v04r01
2022338N05100,2022,MANDOUS,2022-12-08 12:00:00,10.2,82.9,50,990,TS,NOAA IBTrACS v04r01
2022338N05100,2022,MANDOUS,2022-12-08 15:00:00,10.4,82.5,50,990,TS,NOAA IBTrACS v04r01
2022338N05100,2022,MANDOUS,2022-12-08 18:00:00,10.6,82.2,50,990,TS,NOAA IBTrACS v04r01
2022338N05100,2022,MANDOUS,2022-12-08 21:00:00,10.7,82.0,50,990,TS,NOAA IBTrACS v04r01
2022338N05100,2022,MANDOUS,2022-12-09 00:00:00,11.0,81.8,50,990,TS,NOAA IBTrACS v04r01
2022338N05100,2022,MANDOUS,2022-12-09 03:00:00,11.1,81.6,45,991,TS,NOAA IBTrACS v04r01
2022338N05100,2022,MANDOUS,2022-12-09 06:00:00,11.4,81.4,45,992,TS,NOAA IBTrACS v04r01
2022338N05100,2022,MANDOUS,2022-12-09 09:00:00,11.7,81.2,45,992,TS,NOAA IBTrACS v04r01
2022338N05100,2022,MANDOUS,2022-12-09 12:00:00,12.0,81.0,40,993,TS,NOAA IBTrACS v04r01
2022338N05100,2022,MANDOUS,2022-12-09 15:00:00,12.3,80.7,40,994,TS,NOAA IBTrACS v04r01
2022338N05100,2022,MANDOUS,2022-12-09 18:00:00,12.6,80.4,35,995,TS,NOAA IBTrACS v04r01
2022338N05100,2022,MANDOUS,2022-12-09 21:00:00,12.8,80.1,35,996,TS,NOAA IBTrACS v04r01
2022338N05100,2022,MANDOUS,2022-12-10 00:00:00,12.8,79.8,30,998,TS,NOAA IBTrACS v04r01
2022338N05100,2022,MANDOUS,2022-12-10 03:00:00,12.8,79.6,30,1000,TS,NOAA IBTrACS v04r01
2022338N05100,2022,MANDOUS,2022-12-10 06:00:00,12.9,79.4,25,1002,TS,NOAA IBTrACS v04r01
2022338N05100,2022,MANDOUS,2022-12-10 09:00:00,12.9,79.1,20,1006,TS,NOAA IBTrACS v04r01
2022338N05100,2022,MANDOUS,2022-12-10 12:00:00,12.9,78.8,15,1007,DS,NOAA IBTrACS v04r01
2022347N12074,2022,UNNAMED,2022-12-12 12:00:00,12.0,74.2,15,1010,DS,NOAA IBTrACS v04r01
2022347N12074,2022,UNNAMED,2022-12-12 15:00:00,12.1,73.9,18,1009,DS,NOAA IBTrACS v04r01
2022347N12074,2022,UNNAMED,2022-12-12 18:00:00,12.3,73.6,20,1007,DS,NOAA IBTrACS v04r01
2022347N12074,2022,UNNAMED,2022-12-12 21:00:00,12.5,73.3,23,1008,DS,NOAA IBTrACS v04r01
2022347N12074,2022,UNNAMED,2022-12-13 00:00:00,12.6,73.1,25,1008,TS,NOAA IBTrACS v04r01
2022347N12074,2022,UNNAMED,2022-12-13 03:00:00,12.7,72.8,28,1004,TS,NOAA IBTrACS v04r01
2022347N12074,2022,UNNAMED,2022-12-13 06:00:00,12.8,72.6,30,1000,TS,NOAA IBTrACS v04r01
2022347N12074,2022,UNNAMED,2022-12-13 09:00:00,12.9,72.4,33,998,TS,NOAA IBTrACS v04r01
2022347N12074,2022,UNNAMED,2022-12-13 12:00:00,13.0,72.1,35,996,TS,NOAA IBTrACS v04r01
2022347N12074,2022,UNNAMED,2022-12-13 15:00:00,13.1,71.8,35,1000,TS,NOAA IBTrACS v04r01
2022347N12074,2022,UNNAMED,2022-12-13 18:00:00,13.2,71.5,35,1003,TS,NOAA IBTrACS v04r01
2022347N12074,2022,UNNAMED,2022-12-13 21:00:00,13.2,71.2,43,999,TS,NOAA IBTrACS v04r01
2022347N12074,2022,UNNAMED,2022-12-14 00:00:00,13.3,70.8,50,994,TS,NOAA IBTrACS v04r01
2022347N12074,2022,UNNAMED,2022-12-14 03:00:00,13.4,70.4,50,997,TS,NOAA IBTrACS v04r01
2022347N12074,2022,UNNAMED,2022-12-14 06:00:00,13.5,70.0,50,999,TS,NOAA IBTrACS v04r01
2022347N12074,2022,UNNAMED,2022-12-14 09:00:00,13.6,69.6,25,1002,TS,NOAA IBTrACS v04r01
2022347N12074,2022,UNNAMED,2022-12-14 12:00:00,13.7,69.3,25,1002,TS,NOAA IBTrACS v04r01
2022347N12074,2022,UNNAMED,2022-12-14 15:00:00,13.7,68.9,45,1000,TS,NOAA IBTrACS v04r01
2022347N12074,2022,UNNAMED,2022-12-14 18:00:00,13.8,68.6,25,1002,TS,NOAA IBTrACS v04r01
2022347N12074,2022,UNNAMED,2022-12-14 21:00:00,13.8,68.4,45,1001,TS,NOAA IBTrACS v04r01
2022347N12074,2022,UNNAMED,2022-12-15 00:00:00,13.9,68.1,30,1000,TS,NOAA IBTrACS v04r01
2022347N12074,2022,UNNAMED,2022-12-15 03:00:00,13.9,67.7,30,1000,TS,NOAA IBTrACS v04r01
2022347N12074,2022,UNNAMED,2022-12-15 06:00:00,13.9,67.4,30,1000,TS,NOAA IBTrACS v04r01
2022347N12074,2022,UNNAMED,2022-12-15 09:00:00,14.0,67.0,43,1000,TS,NOAA IBTrACS v04r01
2022347N12074,2022,UNNAMED,2022-12-15 12:00:00,14.1,66.7,30,1000,TS,NOAA IBTrACS v04r01
2022347N12074,2022,UNNAMED,2022-12-15 15:00:00,14.0,66.2,40,1000,TS,NOAA IBTrACS v04r01
2022347N12074,2022,UNNAMED,2022-12-15 18:00:00,13.9,65.7,30,1000,TS,NOAA IBTrACS v04r01
2022347N12074,2022,UNNAMED,2022-12-15 21:00:00,13.9,65.4,35,1003,TS,NOAA IBTrACS v04r01
2022347N12074,2022,UNNAMED,2022-12-16 00:00:00,13.9,65.1,30,1000,TS,NOAA IBTrACS v04r01
2022347N12074,2022,UNNAMED,2022-12-16 03:00:00,13.9,64.7,30,1000,TS,NOAA IBTrACS v04r01
2022347N12074,2022,UNNAMED,2022-12-16 06:00:00,13.9,64.3,30,1000,TS,NOAA IBTrACS v04r01
2022347N12074,2022,UNNAMED,2022-12-16 09:00:00,14.0,63.9,30,1004,TS,NOAA IBTrACS v04r01
2022347N12074,2022,UNNAMED,2022-12-16 12:00:00,14.1,63.6,25,1002,TS,NOAA IBTrACS v04r01
2022347N12074,2022,UNNAMED,2022-12-16 15:00:00,14.1,63.2,28,1003,TS,NOAA IBTrACS v04r01
2022347N12074,2022,UNNAMED,2022-12-16 18:00:00,14.1,62.9,25,1002,TS,NOAA IBTrACS v04r01
2022347N12074,2022,UNNAMED,2022-12-16 21:00:00,14.1,62.6,25,1005,TS,NOAA IBTrACS v04r01
2022347N12074,2022,UNNAMED,2022-12-17 00:00:00,14.0,62.3,25,1002,TS,NOAA IBTrACS v04r01
2022347N12074,2022,UNNAMED,2022-12-17 03:00:00,14.0,62.0,25,1002,TS,NOAA IBTrACS v04r01
2022347N12074,2022,UNNAMED,2022-12-17 06:00:00,13.9,61.6,25,1002,TS,NOAA IBTrACS v04r01
2022347N12074,2022,UNNAMED,2022-12-17 09:00:00,13.8,61.3,25,1005,TS,NOAA IBTrACS v04r01
2022347N12074,2022,UNNAMED,2022-12-17 12:00:00,13.7,60.9,25,1005,TS,NOAA IBTrACS v04r01
2022347N12074,2022,UNNAMED,2022-12-17 15:00:00,13.6,60.3,25,1007,TS,NOAA IBTrACS v04r01
2022347N12074,2022,UNNAMED,2022-12-17 18:00:00,13.6,59.7,25,1008,TS,NOAA IBTrACS v04r01
2022347N12074,2022,UNNAMED,2022-12-17 21:00:00,13.5,59.1,25,1006,TS,NOAA IBTrACS v04r01
2022347N12074,2022,UNNAMED,2022-12-18 00:00:00,13.5,58.6,25,1004,TS,NOAA IBTrACS v04r01
2022347N12074,2022,UNNAMED,2022-12-18 03:00:00,13.5,58.1,25,1004,TS,NOAA IBTrACS v04r01
2022347N12074,2022,UNNAMED,2022-12-18 06:00:00,13.4,57.5,25,1004,TS,NOAA IBTrACS v04r01
2022347N12074,2022,UNNAMED,2022-12-18 09:00:00,13.3,56.9,25,1007,TS,NOAA IBTrACS v04r01
2022347N12074,2022,UNNAMED,2022-12-18 12:00:00,13.1,56.4,25,1010,TS,NOAA IBTrACS v04r01
2022347N12074,2022,UNNAMED,2022-12-18 15:00:00,12.6,56.0,25,1010,TS,NOAA IBTrACS v04r01
2022347N12074,2022,UNNAMED,2022-12-18 18:00:00,12.0,55.8,25,1010,TS,NOAA IBTrACS v04r01
2022347N12074,2022,UNNAMED,2022-12-18 21:00:00,11.7,55.6,23,1011,TS,NOAA IBTrACS v04r01
2022347N12074,2022,UNNAMED,2022-12-19 00:00:00,11.6,55.4,20,1012,DS,NOAA IBTrACS v04r01
2022356N09085,2022,UNNAMED,2022-12-22 03:00:00,9.0,85.0,25,1004,TS,NOAA IBTrACS v04r01
2022356N09085,2022,UNNAMED,2022-12-22 06:00:00,9.5,84.8,25,1004,TS,NOAA IBTrACS v04r01
2022356N09085,2022,UNNAMED,2022-12-22 09:00:00,9.7,84.6,,,TS,NOAA IBTrACS v04r01
2022356N09085,2022,UNNAMED,2022-12-22 12:00:00,9.8,84.5,25,1004,TS,NOAA IBTrACS v04r01
2022356N09085,2022,UNNAMED,2022-12-22 15:00:00,10.0,84.3,,,TS,NOAA IBTrACS v04r01
2022356N09085,2022,UNNAMED,2022-12-22 18:00:00,10.1,84.2,25,1004,TS,NOAA IBTrACS v04r01
2022356N09085,2022,UNNAMED,2022-12-22 21:00:00,10.1,84.2,,,TS,NOAA IBTrACS v04r01
2022356N09085,2022,UNNAMED,2022-12-23 00:00:00,10.1,84.2,25,1004,TS,NOAA IBTrACS v04r01
2022356N09085,2022,UNNAMED,2022-12-23 03:00:00,10.1,84.2,25,1004,TS,NOAA IBTrACS v04r01
2022356N09085,2022,UNNAMED,2022-12-23 06:00:00,10.4,84.8,25,1004,TS,NOAA IBTrACS v04r01
2022356N09085,2022,UNNAMED,2022-12-23 09:00:00,10.6,85.2,,,TS,NOAA IBTrACS v04r01
2022356N09085,2022,UNNAMED,2022-12-23 12:00:00,10.6,85.4,25,1004,TS,NOAA IBTrACS v04r01
2022356N09085,2022,UNNAMED,2022-12-23 15:00:00,10.5,85.5,,,TS,NOAA IBTrACS v04r01
2022356N09085,2022,UNNAMED,2022-12-23 18:00:00,10.4,85.3,25,1004,TS,NOAA IBTrACS v04r01
2022356N09085,2022,UNNAMED,2022-12-23 21:00:00,10.6,84.9,,,TS,NOAA IBTrACS v04r01
2022356N09085,2022,UNNAMED,2022-12-24 00:00:00,10.8,84.5,25,1004,TS,NOAA IBTrACS v04r01
2022356N09085,2022,UNNAMED,2022-12-24 03:00:00,10.7,84.2,25,1004,TS,NOAA IBTrACS v04r01
2022356N09085,2022,UNNAMED,2022-12-24 06:00:00,10.4,83.7,25,1004,TS,NOAA IBTrACS v04r01
2022356N09085,2022,UNNAMED,2022-12-24 09:00:00,10.0,83.3,,,TS,NOAA IBTrACS v04r01
2022356N09085,2022,UNNAMED,2022-12-24 12:00:00,9.7,83.0,25,1004,TS,NOAA IBTrACS v04r01
2022356N09085,2022,UNNAMED,2022-12-24 15:00:00,9.5,82.7,,,TS,NOAA IBTrACS v04r01
2022356N09085,2022,UNNAMED,2022-12-24 18:00:00,9.3,82.5,25,1004,TS,NOAA IBTrACS v04r01
2022356N09085,2022,UNNAMED,2022-12-24 21:00:00,9.2,82.3,,,TS,NOAA IBTrACS v04r01
2022356N09085,2022,UNNAMED,2022-12-25 00:00:00,9.0,82.2,25,1004,TS,NOAA IBTrACS v04r01
2022356N09085,2022,UNNAMED,2022-12-25 03:00:00,8.8,82.0,25,1004,TS,NOAA IBTrACS v04r01
2022356N09085,2022,UNNAMED,2022-12-25 06:00:00,8.5,81.6,25,1004,TS,NOAA IBTrACS v04r01
2023030N08087,2023,UNNAMED,2023-01-30 03:00:00,7.7,87.2,25,1004,TS,NOAA IBTrACS v04r01
2023030N08087,2023,UNNAMED,2023-01-30 06:00:00,7.9,86.6,25,1004,TS,NOAA IBTrACS v04r01
2023030N08087,2023,UNNAMED,2023-01-30 09:00:00,8.0,86.2,,,TS,NOAA IBTrACS v04r01
2023030N08087,2023,UNNAMED,2023-01-30 12:00:00,8.0,86.0,25,1004,TS,NOAA IBTrACS v04r01
2023030N08087,2023,UNNAMED,2023-01-30 15:00:00,8.1,85.6,,,TS,NOAA IBTrACS v04r01
2023030N08087,2023,UNNAMED,2023-01-30 18:00:00,8.1,85.3,25,1004,TS,NOAA IBTrACS v04r01
2023030N08087,2023,UNNAMED,2023-01-30 21:00:00,8.1,85.1,,,TS,NOAA IBTrACS v04r01
2023030N08087,2023,UNNAMED,2023-01-31 00:00:00,8.2,84.8,25,1004,TS,NOAA IBTrACS v04r01
2023030N08087,2023,UNNAMED,2023-01-31 03:00:00,8.4,84.3,25,1004,TS,NOAA IBTrACS v04r01
2023030N08087,2023,UNNAMED,2023-01-31 06:00:00,8.6,83.9,25,1004,TS,NOAA IBTrACS v04r01
2023030N08087,2023,UNNAMED,2023-01-31 09:00:00,8.7,83.7,,,TS,NOAA IBTrACS v04r01
2023030N08087,2023,UNNAMED,2023-01-31 12:00:00,8.6,83.5,25,1004,TS,NOAA IBTrACS v04r01
2023030N08087,2023,UNNAMED,2023-01-31 15:00:00,8.5,83.2,,,TS,NOAA IBTrACS v04r01
2023030N08087,2023,UNNAMED,2023-01-31 18:00:00,8.3,82.9,25,1004,TS,NOAA IBTrACS v04r01
2023030N08087,2023,UNNAMED,2023-01-31 21:00:00,8.2,82.8,,,TS,NOAA IBTrACS v04r01
2023030N08087,2023,UNNAMED,2023-02-01 00:00:00,8.2,82.7,25,1004,TS,NOAA IBTrACS v04r01
2023030N08087,2023,UNNAMED,2023-02-01 03:00:00,8.2,82.5,25,1004,TS,NOAA IBTrACS v04r01
2023030N08087,2023,UNNAMED,2023-02-01 06:00:00,8.2,82.5,25,1004,TS,NOAA IBTrACS v04r01
2023030N08087,2023,UNNAMED,2023-02-01 09:00:00,8.2,82.4,,,TS,NOAA IBTrACS v04r01
2023030N08087,2023,UNNAMED,2023-02-01 12:00:00,8.2,82.3,25,1004,TS,NOAA IBTrACS v04r01
2023030N08087,2023,UNNAMED,2023-02-01 15:00:00,8.2,82.2,,,TS,NOAA IBTrACS v04r01
2023030N08087,2023,UNNAMED,2023-02-01 18:00:00,8.1,82.1,25,1004,TS,NOAA IBTrACS v04r01
2023030N08087,2023,UNNAMED,2023-02-01 21:00:00,7.9,81.8,,,TS,NOAA IBTrACS v04r01
2023030N08087,2023,UNNAMED,2023-02-02 00:00:00,7.6,81.4,25,1004,TS,NOAA IBTrACS v04r01
2023030N08087,2023,UNNAMED,2023-02-02 03:00:00,7.2,81.1,20,1004,TS,NOAA IBTrACS v04r01
2023030N08087,2023,UNNAMED,2023-02-02 06:00:00,6.8,80.8,20,1006,TS,NOAA IBTrACS v04r01
2023030N08087,2023,UNNAMED,2023-02-02 09:00:00,6.5,80.5,,,TS,NOAA IBTrACS v04r01
2023030N08087,2023,UNNAMED,2023-02-02 12:00:00,6.3,80.3,20,1006,TS,NOAA IBTrACS v04r01
2023129N08091,2023,MOCHA,2023-05-08 18:00:00,7.7,91.4,25,1004,TS,NOAA IBTrACS v04r01
2023129N08091,2023,MOCHA,2023-05-08 21:00:00,7.6,91.1,25,1004,TS,NOAA IBTrACS v04r01
2023129N08091,2023,MOCHA,2023-05-09 00:00:00,7.6,90.7,25,1004,TS,NOAA IBTrACS v04r01
2023129N08091,2023,MOCHA,2023-05-09 03:00:00,7.6,90.1,25,1004,TS,NOAA IBTrACS v04r01
2023129N08091,2023,MOCHA,2023-05-09 06:00:00,7.6,89.6,25,1004,TS,NOAA IBTrACS v04r01
2023129N08091,2023,MOCHA,2023-05-09 09:00:00,7.7,89.3,25,1003,TS,NOAA IBTrACS v04r01
2023129N08091,2023,MOCHA,2023-05-09 12:00:00,7.9,89.3,25,1002,TS,NOAA IBTrACS v04r01
2023129N08091,2023,MOCHA,2023-05-09 15:00:00,8.1,89.2,25,1002,TS,NOAA IBTrACS v04r01
2023129N08091,2023,MOCHA,2023-05-09 18:00:00,8.3,89.1,25,1002,TS,NOAA IBTrACS v04r01
2023129N08091,2023,MOCHA,2023-05-09 21:00:00,8.3,89.1,28,996,TS,NOAA IBTrACS v04r01
2023129N08091,2023,MOCHA,2023-05-10 00:00:00,8.5,89.0,30,1000,TS,NOAA IBTrACS v04r01
2023129N08091,2023,MOCHA,2023-05-10 03:00:00,8.8,88.7,30,1000,TS,NOAA IBTrACS v04r01
2023129N08091,2023,MOCHA,2023-05-10 06:00:00,9.3,88.5,30,999,TS,NOAA IBTrACS v04r01
2023129N08091,2023,MOCHA,2023-05-10 09:00:00,9.7,88.4,30,998,TS,NOAA IBTrACS v04r01
2023129N08091,2023,MOCHA,2023-05-10 12:00:00,10.1,88.4,30,998,TS,NOAA IBTrACS v04r01
2023129N08091,2023,MOCHA,2023-05-10 15:00:00,10.4,88.3,30,994,TS,NOAA IBTrACS v04r01
2023129N08091,2023,MOCHA,2023-05-10 18:00:00,10.8,88.3,30,998,TS,NOAA IBTrACS v04r01
2023129N08091,2023,MOCHA,2023-05-10 21:00:00,11.0,88.2,33,993,TS,NOAA IBTrACS v04r01
2023129N08091,2023,MOCHA,2023-05-11 00:00:00,11.2,88.1,35,997,TS,NOAA IBTrACS v04r01
2023129N08091,2023,MOCHA,2023-05-11 03:00:00,11.3,88.1,35,996,TS,NOAA IBTrACS v04r01
2023129N08091,2023,MOCHA,2023-05-11 06:00:00,11.6,88.1,45,996,TS,NOAA IBTrACS v04r01
2023129N08091,2023,MOCHA,2023-05-11 09:00:00,11.8,88.0,45,996,TS,NOAA IBTrACS v04r01
2023129N08091,2023,MOCHA,2023-05-11 12:00:00,12.1,88.1,50,994,TS,NOAA IBTrACS v04r01
2023129N08091,2023,MOCHA,2023-05-11 15:00:00,12.4,88.1,50,992,TS,NOAA IBTrACS v04r01
2023129N08091,2023,MOCHA,2023-05-11 18:00:00,12.8,88.1,50,992,TS,NOAA IBTrACS v04r01
2023129N08091,2023,MOCHA,2023-05-11 21:00:00,13.0,88.1,60,986,TS,NOAA IBTrACS v04r01
2023129N08091,2023,MOCHA,2023-05-12 00:00:00,13.3,88.1,65,982,TS,NOAA IBTrACS v04r01
2023129N08091,2023,MOCHA,2023-05-12 03:00:00,13.7,88.2,65,982,TS,NOAA IBTrACS v04r01
2023129N08091,2023,MOCHA,2023-05-12 06:00:00,14.0,88.3,75,974,TS,NOAA IBTrACS v04r01
2023129N08091,2023,MOCHA,2023-05-12 09:00:00,14.3,88.4,85,970,TS,NOAA IBTrACS v04r01
2023129N08091,2023,MOCHA,2023-05-12 12:00:00,14.6,88.6,85,970,TS,NOAA IBTrACS v04r01
2023129N08091,2023,MOCHA,2023-05-12 15:00:00,14.8,88.7,90,964,TS,NOAA IBTrACS v04r01
2023129N08091,2023,MOCHA,2023-05-12 18:00:00,15.0,88.9,100,954,TS,NOAA IBTrACS v04r01
2023129N08091,2023,MOCHA,2023-05-12 21:00:00,15.1,89.0,100,954,TS,NOAA IBTrACS v04r01
2023129N08091,2023,MOCHA,2023-05-13 00:00:00,15.4,89.1,100,954,TS,NOAA IBTrACS v04r01
2023129N08091,2023,MOCHA,2023-05-13 03:00:00,15.7,89.5,100,954,TS,NOAA IBTrACS v04r01
2023129N08091,2023,MOCHA,2023-05-13 06:00:00,16.0,90.0,105,950,TS,NOAA IBTrACS v04r01
2023129N08091,2023,MOCHA,2023-05-13 09:00:00,16.4,90.3,105,950,TS,NOAA IBTrACS v04r01
2023129N08091,2023,MOCHA,2023-05-13 12:00:00,16.9,90.8,110,944,TS,NOAA IBTrACS v04r01
2023129N08091,2023,MOCHA,2023-05-13 15:00:00,17.4,91.0,110,944,TS,NOAA IBTrACS v04r01
2023129N08091,2023,MOCHA,2023-05-13 18:00:00,17.9,91.2,115,938,TS,NOAA IBTrACS v04r01
2023129N08091,2023,MOCHA,2023-05-13 21:00:00,18.3,91.4,115,938,TS,NOAA IBTrACS v04r01
2023129N08091,2023,MOCHA,2023-05-14 00:00:00,18.7,91.7,115,938,TS,NOAA IBTrACS v04r01
2023129N08091,2023,MOCHA,2023-05-14 03:00:00,19.3,92.1,110,944,TS,NOAA IBTrACS v04r01
2023129N08091,2023,MOCHA,2023-05-14 06:00:00,19.9,92.6,100,952,TS,NOAA IBTrACS v04r01
2023129N08091,2023,MOCHA,2023-05-14 09:00:00,20.4,92.9,90,964,TS,NOAA IBTrACS v04r01
2023129N08091,2023,MOCHA,2023-05-14 12:00:00,21.1,93.3,75,974,TS,NOAA IBTrACS v04r01
2023129N08091,2023,MOCHA,2023-05-14 15:00:00,22.1,94.1,60,984,TS,NOAA IBTrACS v04r01
2023129N08091,2023,MOCHA,2023-05-14 18:00:00,23.3,95.2,50,992,TS,NOAA IBTrACS v04r01
2023129N08091,2023,MOCHA,2023-05-14 21:00:00,24.3,96.1,35,996,TS,NOAA IBTrACS v04r01
2023129N08091,2023,MOCHA,2023-05-15 00:00:00,25.1,97.8,25,1000,MX,NOAA IBTrACS v04r01
2023156N10067,2023,BIPARJOY,2023-06-05 00:00:00,10.3,66.7,25,1004,TS,NOAA IBTrACS v04r01
2023156N10067,2023,BIPARJOY,2023-06-05 03:00:00,10.5,66.6,25,1004,TS,NOAA IBTrACS v04r01
2023156N10067,2023,BIPARJOY,2023-06-05 06:00:00,10.7,66.5,25,1004,TS,NOAA IBTrACS v04r01
2023156N10067,2023,BIPARJOY,2023-06-05 09:00:00,10.8,66.4,25,1000,TS,NOAA IBTrACS v04r01
2023156N10067,2023,BIPARJOY,2023-06-05 12:00:00,11.0,66.3,25,995,TS,NOAA IBTrACS v04r01
2023156N10067,2023,BIPARJOY,2023-06-05 15:00:00,11.2,66.2,28,995,TS,NOAA IBTrACS v04r01
2023156N10067,2023,BIPARJOY,2023-06-05 18:00:00,11.4,66.1,30,994,TS,NOAA IBTrACS v04r01
2023156N10067,2023,BIPARJOY,2023-06-05 21:00:00,11.5,66.0,35,994,TS,NOAA IBTrACS v04r01
2023156N10067,2023,BIPARJOY,2023-06-06 00:00:00,11.5,66.0,25,1000,TS,NOAA IBTrACS v04r01
2023156N10067,2023,BIPARJOY,2023-06-06 03:00:00,11.7,66.0,25,1000,TS,NOAA IBTrACS v04r01
2023156N10067,2023,BIPARJOY,2023-06-06 06:00:00,11.9,65.9,30,999,TS,NOAA IBTrACS v04r01
2023156N10067,2023,BIPARJOY,2023-06-06 09:00:00,12.0,66.0,65,987,TS,NOAA IBTrACS v04r01
2023156N10067,2023,BIPARJOY,2023-06-06 12:00:00,12.2,66.0,35,998,TS,NOAA IBTrACS v04r01
2023156N10067,2023,BIPARJOY,2023-06-06 15:00:00,12.3,66.0,35,998,TS,NOAA IBTrACS v04r01
2023156N10067,2023,BIPARJOY,2023-06-06 18:00:00,12.5,66.1,40,996,TS,NOAA IBTrACS v04r01
2023156N10067,2023,BIPARJOY,2023-06-06 21:00:00,12.5,66.2,45,996,TS,NOAA IBTrACS v04r01
2023156N10067,2023,BIPARJOY,2023-06-07 00:00:00,12.6,66.3,55,990,TS,NOAA IBTrACS v04r01
2023156N10067,2023,BIPARJOY,2023-06-07 03:00:00,12.8,66.3,60,988,TS,NOAA IBTrACS v04r01
2023156N10067,2023,BIPARJOY,2023-06-07 06:00:00,13.0,66.4,65,983,TS,NOAA IBTrACS v04r01
2023156N10067,2023,BIPARJOY,2023-06-07 09:00:00,13.2,66.3,65,983,TS,NOAA IBTrACS v04r01
2023156N10067,2023,BIPARJOY,2023-06-07 12:00:00,13.3,66.2,65,983,TS,NOAA IBTrACS v04r01
2023156N10067,2023,BIPARJOY,2023-06-07 15:00:00,13.4,66.2,65,983,TS,NOAA IBTrACS v04r01
2023156N10067,2023,BIPARJOY,2023-06-07 18:00:00,13.6,66.1,70,980,TS,NOAA IBTrACS v04r01
2023156N10067,2023,BIPARJOY,2023-06-07 21:00:00,13.6,66.0,70,980,TS,NOAA IBTrACS v04r01
2023156N10067,2023,BIPARJOY,2023-06-08 00:00:00,13.8,66.1,75,978,TS,NOAA IBTrACS v04r01
2023156N10067,2023,BIPARJOY,2023-06-08 03:00:00,13.9,66.0,75,978,TS,NOAA IBTrACS v04r01
2023156N10067,2023,BIPARJOY,2023-06-08 06:00:00,14.0,66.0,75,978,TS,NOAA IBTrACS v04r01
2023156N10067,2023,BIPARJOY,2023-06-08 09:00:00,14.2,66.0,75,978,TS,NOAA IBTrACS v04r01
2023156N10067,2023,BIPARJOY,2023-06-08 12:00:00,14.3,66.0,75,978,TS,NOAA IBTrACS v04r01
2023156N10067,2023,BIPARJOY,2023-06-08 15:00:00,14.4,66.0,75,978,TS,NOAA IBTrACS v04r01
2023156N10067,2023,BIPARJOY,2023-06-08 18:00:00,14.6,66.1,75,978,TS,NOAA IBTrACS v04r01
2023156N10067,2023,BIPARJOY,2023-06-08 21:00:00,14.6,66.1,75,978,TS,NOAA IBTrACS v04r01
2023156N10067,2023,BIPARJOY,2023-06-09 00:00:00,14.8,66.3,75,978,TS,NOAA IBTrACS v04r01
2023156N10067,2023,BIPARJOY,2023-06-09 03:00:00,14.8,66.5,70,980,TS,NOAA IBTrACS v04r01
2023156N10067,2023,BIPARJOY,2023-06-09 06:00:00,15.0,66.8,70,980,TS,NOAA IBTrACS v04r01
2023156N10067,2023,BIPARJOY,2023-06-09 09:00:00,15.3,67.0,70,980,TS,NOAA IBTrACS v04r01
2023156N10067,2023,BIPARJOY,2023-06-09 12:00:00,15.6,67.2,65,982,TS,NOAA IBTrACS v04r01
2023156N10067,2023,BIPARJOY,2023-06-09 15:00:00,15.9,67.3,65,982,TS,NOAA IBTrACS v04r01
2023156N10067,2023,BIPARJOY,2023-06-09 18:00:00,16.2,67.4,70,978,TS,NOAA IBTrACS v04r01
2023156N10067,2023,BIPARJOY,2023-06-09 21:00:00,16.3,67.4,70,976,TS,NOAA IBTrACS v04r01
2023156N10067,2023,BIPARJOY,2023-06-10 00:00:00,16.5,67.4,75,974,TS,NOAA IBTrACS v04r01
2023156N10067,2023,BIPARJOY,2023-06-10 03:00:00,16.6,67.3,75,972,TS,NOAA IBTrACS v04r01
2023156N10067,2023,BIPARJOY,2023-06-10 06:00:00,16.7,67.3,75,970,TS,NOAA IBTrACS v04r01
2023156N10067,2023,BIPARJOY,2023-06-10 09:00:00,16.9,67.4,80,966,TS,NOAA IBTrACS v04r01
2023156N10067,2023,BIPARJOY,2023-06-10 12:00:00,17.2,67.3,80,964,TS,NOAA IBTrACS v04r01
2023156N10067,2023,BIPARJOY,2023-06-10 15:00:00,17.4,67.3,80,964,TS,NOAA IBTrACS v04r01
2023156N10067,2023,BIPARJOY,2023-06-10 18:00:00,17.5,67.4,85,962,TS,NOAA IBTrACS v04r01
2023156N10067,2023,BIPARJOY,2023-06-10 21:00:00,17.6,67.4,85,962,TS,NOAA IBTrACS v04r01
2023156N10067,2023,BIPARJOY,2023-06-11 00:00:00,17.8,67.6,90,960,TS,NOAA IBTrACS v04r01
2023156N10067,2023,BIPARJOY,2023-06-11 03:00:00,18.0,67.7,90,958,TS,NOAA IBTrACS v04r01
2023156N10067,2023,BIPARJOY,2023-06-11 06:00:00,18.3,67.8,90,958,TS,NOAA IBTrACS v04r01
2023156N10067,2023,BIPARJOY,2023-06-11 09:00:00,18.5,67.8,90,958,TS,NOAA IBTrACS v04r01
2023156N10067,2023,BIPARJOY,2023-06-11 12:00:00,18.7,67.8,90,958,TS,NOAA IBTrACS v04r01
2023156N10067,2023,BIPARJOY,2023-06-11 15:00:00,18.8,67.8,90,958,TS,NOAA IBTrACS v04r01
2023156N10067,2023,BIPARJOY,2023-06-11 18:00:00,18.9,67.8,90,958,TS,NOAA IBTrACS v04r01
2023156N10067,2023,BIPARJOY,2023-06-11 21:00:00,19.0,67.7,90,958,TS,NOAA IBTrACS v04r01
2023156N10067,2023,BIPARJOY,2023-06-12 00:00:00,19.2,67.7,90,958,TS,NOAA IBTrACS v04r01
2023156N10067,2023,BIPARJOY,2023-06-12 03:00:00,19.4,67.6,90,958,TS,NOAA IBTrACS v04r01
2023156N10067,2023,BIPARJOY,2023-06-12 06:00:00,19.7,67.5,90,958,TS,NOAA IBTrACS v04r01
2023156N10067,2023,BIPARJOY,2023-06-12 09:00:00,19.8,67.4,90,958,TS,NOAA IBTrACS v04r01
2023156N10067,2023,BIPARJOY,2023-06-12 12:00:00,19.9,67.3,90,960,TS,NOAA IBTrACS v04r01
2023156N10067,2023,BIPARJOY,2023-06-12 15:00:00,20.0,67.2,90,960,TS,NOAA IBTrACS v04r01
2023156N10067,2023,BIPARJOY,2023-06-12 18:00:00,20.2,67.2,85,962,TS,NOAA IBTrACS v04r01
2023156N10067,2023,BIPARJOY,2023-06-12 21:00:00,20.4,67.2,85,962,TS,NOAA IBTrACS v04r01
2023156N10067,2023,BIPARJOY,2023-06-13 00:00:00,20.7,67.0,85,962,TS,NOAA IBTrACS v04r01
2023156N10067,2023,BIPARJOY,2023-06-13 03:00:00,20.9,66.9,85,962,TS,NOAA IBTrACS v04r01
2023156N10067,2023,BIPARJOY,2023-06-13 06:00:00,21.0,66.8,85,962,TS,NOAA IBTrACS v04r01
2023156N10067,2023,BIPARJOY,2023-06-13 09:00:00,21.1,66.5,85,962,TS,NOAA IBTrACS v04r01
2023156N10067,2023,BIPARJOY,2023-06-13 12:00:00,21.2,66.5,85,962,TS,NOAA IBTrACS v04r01
2023156N10067,2023,BIPARJOY,2023-06-13 15:00:00,21.3,66.4,85,962,TS,NOAA IBTrACS v04r01
2023156N10067,2023,BIPARJOY,2023-06-13 18:00:00,21.5,66.4,85,962,TS,NOAA IBTrACS v04r01
2023156N10067,2023,BIPARJOY,2023-06-13 21:00:00,21.5,66.3,85,964,TS,NOAA IBTrACS v04r01
2023156N10067,2023,BIPARJOY,2023-06-14 00:00:00,21.6,66.3,80,966,TS,NOAA IBTrACS v04r01
2023156N10067,2023,BIPARJOY,2023-06-14 03:00:00,21.6,66.3,80,966,TS,NOAA IBTrACS v04r01
2023156N10067,2023,BIPARJOY,2023-06-14 06:00:00,21.6,66.4,80,966,TS,NOAA IBTrACS v04r01
2023156N10067,2023,BIPARJOY,2023-06-14 09:00:00,21.7,66.6,80,966,TS,NOAA IBTrACS v04r01
2023156N10067,2023,BIPARJOY,2023-06-14 12:00:00,21.9,66.7,75,970,TS,NOAA IBTrACS v04r01
2023156N10067,2023,BIPARJOY,2023-06-14 15:00:00,22.1,66.8,70,974,TS,NOAA IBTrACS v04r01
2023156N10067,2023,BIPARJOY,2023-06-14 18:00:00,22.2,66.8,70,974,TS,NOAA IBTrACS v04r01
2023156N10067,2023,BIPARJOY,2023-06-14 21:00:00,22.3,66.8,70,974,TS,NOAA IBTrACS v04r01
2023156N10067,2023,BIPARJOY,2023-06-15 00:00:00,22.3,67.0,70,974,TS,NOAA IBTrACS v04r01
2023156N10067,2023,BIPARJOY,2023-06-15 03:00:00,22.5,67.1,70,974,TS,NOAA IBTrACS v04r01
2023156N10067,2023,BIPARJOY,2023-06-15 06:00:00,22.6,67.3,65,976,TS,NOAA IBTrACS v04r01
2023156N10067,2023,BIPARJOY,2023-06-15 09:00:00,22.7,67.7,65,976,TS,NOAA IBTrACS v04r01
2023156N10067,2023,BIPARJOY,2023-06-15 12:00:00,22.8,68.1,65,976,TS,NOAA IBTrACS v04r01
2023156N10067,2023,BIPARJOY,2023-06-15 15:00:00,23.1,68.4,65,976,TS,NOAA IBTrACS v04r01
2023156N10067,2023,BIPARJOY,2023-06-15 18:00:00,23.3,68.6,60,980,TS,NOAA IBTrACS v04r01
2023156N10067,2023,BIPARJOY,2023-06-15 21:00:00,23.4,68.8,50,982,TS,NOAA IBTrACS v04r01
2023156N10067,2023,BIPARJOY,2023-06-16 00:00:00,23.5,69.1,50,978,TS,NOAA IBTrACS v04r01
2023156N10067,2023,BIPARJOY,2023-06-16 03:00:00,23.5,69.4,45,978,TS,NOAA IBTrACS v04r01
2023156N10067,2023,BIPARJOY,2023-06-16 06:00:00,23.7,69.7,40,980,TS,NOAA IBTrACS v04r01
2023156N10067,2023,BIPARJOY,2023-06-16 09:00:00,23.9,70.0,40,984,TS,NOAA IBTrACS v04r01
2023156N10067,2023,BIPARJOY,2023-06-16 12:00:00,24.2,70.4,35,986,TS,NOAA IBTrACS v04r01
2023156N10067,2023,BIPARJOY,2023-06-16 15:00:00,24.5,70.7,35,987,TS,NOAA IBTrACS v04r01
2023156N10067,2023,BIPARJOY,2023-06-16 18:00:00,24.6,70.9,30,988,TS,NOAA IBTrACS v04r01
2023156N10067,2023,BIPARJOY,2023-06-16 21:00:00,24.7,71.0,33,989,TS,NOAA IBTrACS v04r01
2023156N10067,2023,BIPARJOY,2023-06-17 00:00:00,24.8,71.2,30,988,TS,NOAA IBTrACS v04r01
2023156N10067,2023,BIPARJOY,2023-06-17 03:00:00,25.0,71.5,30,988,TS,NOAA IBTrACS v04r01
2023156N10067,2023,BIPARJOY,2023-06-17 06:00:00,25.3,71.9,30,989,TS,NOAA IBTrACS v04r01
2023156N10067,2023,BIPARJOY,2023-06-17 09:00:00,25.5,72.2,,,TS,NOAA IBTrACS v04r01
2023156N10067,2023,BIPARJOY,2023-06-17 12:00:00,25.6,72.5,25,990,TS,NOAA IBTrACS v04r01
2023156N10067,2023,BIPARJOY,2023-06-17 15:00:00,25.7,72.7,,,TS,NOAA IBTrACS v04r01
2023156N10067,2023,BIPARJOY,2023-06-17 18:00:00,25.8,72.8,25,991,TS,NOAA IBTrACS v04r01
2023156N10067,2023,BIPARJOY,2023-06-17 21:00:00,25.9,73.0,,,TS,NOAA IBTrACS v04r01
2023156N10067,2023,BIPARJOY,2023-06-18 00:00:00,26.0,73.3,25,991,TS,NOAA IBTrACS v04r01
2023156N10067,2023,BIPARJOY,2023-06-18 03:00:00,26.2,73.8,25,992,TS,NOAA IBTrACS v04r01
2023156N10067,2023,BIPARJOY,2023-06-18 06:00:00,26.3,74.0,25,994,TS,NOAA IBTrACS v04r01
2023156N10067,2023,BIPARJOY,2023-06-18 09:00:00,26.3,74.3,,,TS,NOAA IBTrACS v04r01
2023156N10067,2023,BIPARJOY,2023-06-18 12:00:00,26.3,74.7,20,995,TS,NOAA IBTrACS v04r01
2023156N10067,2023,BIPARJOY,2023-06-18 15:00:00,26.3,74.9,,,TS,NOAA IBTrACS v04r01
2023156N10067,2023,BIPARJOY,2023-06-18 18:00:00,26.3,75.2,20,995,TS,NOAA IBTrACS v04r01
2023156N10067,2023,BIPARJOY,2023-06-18 21:00:00,26.3,75.6,,,TS,NOAA IBTrACS v04r01
2023156N10067,2023,BIPARJOY,2023-06-19 00:00:00,26.3,76.0,20,995,TS,NOAA IBTrACS v04r01
2023160N20092,2023,UNNAMED,2023-06-08 12:00:00,19.5,92.1,30,1000,TS,NOAA IBTrACS v04r01
2023160N20092,2023,UNNAMED,2023-06-08 15:00:00,19.5,91.9,33,998,TS,NOAA IBTrACS v04r01
2023160N20092,2023,UNNAMED,2023-06-08 18:00:00,19.6,91.7,35,996,TS,NOAA IBTrACS v04r01
2023160N20092,2023,UNNAMED,2023-06-08 21:00:00,19.7,91.6,38,989,TS,NOAA IBTrACS v04r01
2023160N20092,2023,UNNAMED,2023-06-09 00:00:00,19.8,91.5,40,982,TS,NOAA IBTrACS v04r01
2023160N20092,2023,UNNAMED,2023-06-09 03:00:00,19.9,91.5,40,989,TS,NOAA IBTrACS v04r01
2023160N20092,2023,UNNAMED,2023-06-09 06:00:00,19.9,91.5,40,995,TS,NOAA IBTrACS v04r01
2023160N20092,2023,UNNAMED,2023-06-09 09:00:00,19.9,91.5,43,993,TS,NOAA IBTrACS v04r01
2023160N20092,2023,UNNAMED,2023-06-09 12:00:00,20.0,91.5,45,991,TS,NOAA IBTrACS v04r01
2023160N20092,2023,UNNAMED,2023-06-09 15:00:00,20.0,91.5,40,991,TS,NOAA IBTrACS v04r01
2023160N20092,2023,UNNAMED,2023-06-09 18:00:00,20.2,91.6,35,991,TS,NOAA IBTrACS v04r01
2023160N20092,2023,UNNAMED,2023-06-09 21:00:00,20.6,91.7,33,994,TS,NOAA IBTrACS v04r01
2023160N20092,2023,UNNAMED,2023-06-10 00:00:00,21.0,91.8,30,996,TS,NOAA IBTrACS v04r01
2023160N20092,2023,UNNAMED,2023-06-10 03:00:00,21.4,91.7,28,994,TS,NOAA IBTrACS v04r01
2023160N20092,2023,UNNAMED,2023-06-10 06:00:00,21.8,91.4,25,992,TS,NOAA IBTrACS v04r01
2023212N19090,2023,UNNAMED,2023-07-30 12:00:00,19.0,90.0,25,1004,TS,NOAA IBTrACS v04r01
2023212N19090,2023,UNNAMED,2023-07-30 15:00:00,18.8,90.2,28,1002,TS,NOAA IBTrACS v04r01
2023212N19090,2023,UNNAMED,2023-07-30 18:00:00,18.7,90.5,30,1000,TS,NOAA IBTrACS v04r01
2023212N19090,2023,UNNAMED,2023-07-30 21:00:00,18.6,90.8,30,992,TS,NOAA IBTrACS v04r01
2023212N19090,2023,UNNAMED,2023-07-31 00:00:00,18.6,91.0,30,984,TS,NOAA IBTrACS v04r01
2023212N19090,2023,UNNAMED,2023-07-31 03:00:00,18.6,91.2,30,988,TS,NOAA IBTrACS v04r01
2023212N19090,2023,UNNAMED,2023-07-31 06:00:00,18.6,91.3,30,992,TS,NOAA IBTrACS v04r01
2023212N19090,2023,UNNAMED,2023-07-31 09:00:00,18.7,91.6,33,991,TS,NOAA IBTrACS v04r01
2023212N19090,2023,UNNAMED,2023-07-31 12:00:00,19.0,91.8,35,990,TS,NOAA IBTrACS v04r01
2023212N19090,2023,UNNAMED,2023-07-31 15:00:00,19.5,91.9,38,989,TS,NOAA IBTrACS v04r01
2023212N19090,2023,UNNAMED,2023-07-31 18:00:00,19.9,92.0,40,987,TS,NOAA IBTrACS v04r01
2023212N19090,2023,UNNAMED,2023-07-31 21:00:00,19.8,92.1,40,988,TS,NOAA IBTrACS v04r01
2023212N19090,2023,UNNAMED,2023-08-01 00:00:00,20.0,91.9,25,992,TS,NOAA IBTrACS v04r01
2023212N19090,2023,UNNAMED,2023-08-01 03:00:00,20.9,91.3,30,990,TS,NOAA IBTrACS v04r01
2023212N19090,2023,UNNAMED,2023-08-01 06:00:00,21.6,90.7,30,990,TS,NOAA IBTrACS v04r01
2023212N19090,2023,UNNAMED,2023-08-01 09:00:00,22.0,90.2,33,986,TS,NOAA IBTrACS v04r01
2023212N19090,2023,UNNAMED,2023-08-01 12:00:00,22.3,89.7,30,988,TS,NOAA IBTrACS v04r01
2023212N19090,2023,UNNAMED,2023-08-01 15:00:00,22.6,89.3,28,982,TS,NOAA IBTrACS v04r01
2023212N19090,2023,UNNAMED,2023-08-01 18:00:00,22.8,88.8,30,988,TS,NOAA IBTrACS v04r01
2023212N19090,2023,UNNAMED,2023-08-01 21:00:00,22.9,88.1,25,988,TS,NOAA IBTrACS v04r01
2023212N19090,2023,UNNAMED,2023-08-02 00:00:00,23.1,87.4,30,988,TS,NOAA IBTrACS v04r01
2023212N19090,2023,UNNAMED,2023-08-02 03:00:00,23.2,86.9,30,989,TS,NOAA IBTrACS v04r01
2023212N19090,2023,UNNAMED,2023-08-02 06:00:00,23.3,86.2,30,989,MX,NOAA IBTrACS v04r01
2023212N19090,2023,UNNAMED,2023-08-02 09:00:00,23.3,85.6,,,TS,NOAA IBTrACS v04r01
2023212N19090,2023,UNNAMED,2023-08-02 12:00:00,23.3,85.1,25,990,TS,NOAA IBTrACS v04r01
2023212N19090,2023,UNNAMED,2023-08-02 15:00:00,23.3,84.6,,,TS,NOAA IBTrACS v04r01
2023212N19090,2023,UNNAMED,2023-08-02 18:00:00,23.3,84.1,25,990,TS,NOAA IBTrACS v04r01
2023212N19090,2023,UNNAMED,2023-08-02 21:00:00,23.3,83.7,,,TS,NOAA IBTrACS v04r01
2023212N19090,2023,UNNAMED,2023-08-03 00:00:00,23.4,83.4,25,990,TS,NOAA IBTrACS v04r01
2023212N19090,2023,UNNAMED,2023-08-03 03:00:00,23.5,83.1,25,992,TS,NOAA IBTrACS v04r01
2023212N19090,2023,UNNAMED,2023-08-03 06:00:00,23.5,83.1,20,993,TS,NOAA IBTrACS v04r01
2023273N16073,2023,UNNAMED,2023-09-30 03:00:00,15.9,72.8,25,1002,TS,NOAA IBTrACS v04r01
2023273N16073,2023,UNNAMED,2023-09-30 06:00:00,16.4,73.1,25,1002,TS,NOAA IBTrACS v04r01
2023273N16073,2023,UNNAMED,2023-09-30 09:00:00,16.6,73.2,,,TS,NOAA IBTrACS v04r01
2023273N16073,2023,UNNAMED,2023-09-30 12:00:00,16.6,73.2,25,1002,TS,NOAA IBTrACS v04r01
2023273N16073,2023,UNNAMED,2023-09-30 15:00:00,16.7,73.3,,,TS,NOAA IBTrACS v04r01
2023273N16073,2023,UNNAMED,2023-09-30 18:00:00,16.8,73.5,25,1002,TS,NOAA IBTrACS v04r01
2023273N16073,2023,UNNAMED,2023-09-30 21:00:00,16.9,73.7,,,TS,NOAA IBTrACS v04r01
2023273N16073,2023,UNNAMED,2023-10-01 00:00:00,17.0,74.0,25,1003,TS,NOAA IBTrACS v04r01
2023292N11063,2023,TEJ,2023-10-19 06:00:00,10.7,62.6,15,1010,DS,NOAA IBTrACS v04r01
2023292N11063,2023,TEJ,2023-10-19 09:00:00,10.4,62.5,18,1009,DS,NOAA IBTrACS v04r01
2023292N11063,2023,TEJ,2023-10-19 12:00:00,10.2,62.4,20,1007,DS,NOAA IBTrACS v04r01
2023292N11063,2023,TEJ,2023-10-19 15:00:00,10.0,62.4,23,1007,DS,NOAA IBTrACS v04r01
2023292N11063,2023,TEJ,2023-10-19 18:00:00,9.9,62.3,25,1006,TS,NOAA IBTrACS v04r01
2023292N11063,2023,TEJ,2023-10-19 21:00:00,9.7,62.2,28,1006,TS,NOAA IBTrACS v04r01
2023292N11063,2023,TEJ,2023-10-20 00:00:00,9.5,62.1,30,1006,TS,NOAA IBTrACS v04r01
2023292N11063,2023,TEJ,2023-10-20 03:00:00,9.3,61.8,25,1004,TS,NOAA IBTrACS v04r01
2023292N11063,2023,TEJ,2023-10-20 06:00:00,9.3,61.6,25,1004,TS,NOAA IBTrACS v04r01
2023292N11063,2023,TEJ,2023-10-20 09:00:00,9.3,61.3,33,1005,TS,NOAA IBTrACS v04r01
2023292N11063,2023,TEJ,2023-10-20 12:00:00,9.4,61.1,30,1003,TS,NOAA IBTrACS v04r01
2023292N11063,2023,TEJ,2023-10-20 15:00:00,9.5,60.7,38,1003,TS,NOAA IBTrACS v04r01
2023292N11063,2023,TEJ,2023-10-20 18:00:00,9.6,60.3,30,1002,TS,NOAA IBTrACS v04r01
2023292N11063,2023,TEJ,2023-10-20 21:00:00,9.7,59.7,45,1000,TS,NOAA IBTrACS v04r01
2023292N11063,2023,TEJ,2023-10-21 00:00:00,9.9,59.2,35,1001,TS,NOAA IBTrACS v04r01
2023292N11063,2023,TEJ,2023-10-21 03:00:00,10.1,58.7,45,998,TS,NOAA IBTrACS v04r01
2023292N11063,2023,TEJ,2023-10-21 06:00:00,10.3,58.3,50,996,TS,NOAA IBTrACS v04r01
2023292N11063,2023,TEJ,2023-10-21 09:00:00,10.3,57.8,50,995,TS,NOAA IBTrACS v04r01
2023292N11063,2023,TEJ,2023-10-21 12:00:00,10.7,57.4,55,992,TS,NOAA IBTrACS v04r01
2023292N11063,2023,TEJ,2023-10-21 15:00:00,11.1,57.0,65,988,TS,NOAA IBTrACS v04r01
2023292N11063,2023,TEJ,2023-10-21 18:00:00,11.4,56.6,75,980,TS,NOAA IBTrACS v04r01
2023292N11063,2023,TEJ,2023-10-21 21:00:00,11.7,56.1,80,976,TS,NOAA IBTrACS v04r01
2023292N11063,2023,TEJ,2023-10-22 00:00:00,12.1,55.9,85,972,TS,NOAA IBTrACS v04r01
2023292N11063,2023,TEJ,2023-10-22 03:00:00,12.4,55.4,95,964,TS,NOAA IBTrACS v04r01
2023292N11063,2023,TEJ,2023-10-22 06:00:00,12.7,55.1,95,964,TS,NOAA IBTrACS v04r01
2023292N11063,2023,TEJ,2023-10-22 09:00:00,13.0,54.7,95,964,TS,NOAA IBTrACS v04r01
2023292N11063,2023,TEJ,2023-10-22 12:00:00,13.4,54.4,95,964,TS,NOAA IBTrACS v04r01
2023292N11063,2023,TEJ,2023-10-22 15:00:00,13.6,54.1,95,964,TS,NOAA IBTrACS v04r01
2023292N11063,2023,TEJ,2023-10-22 18:00:00,13.9,53.9,95,964,TS,NOAA IBTrACS v04r01
2023292N11063,2023,TEJ,2023-10-22 21:00:00,14.1,53.5,95,966,TS,NOAA IBTrACS v04r01
2023292N11063,2023,TEJ,2023-10-23 00:00:00,14.3,53.4,90,968,TS,NOAA IBTrACS v04r01
2023292N11063,2023,TEJ,2023-10-23 03:00:00,14.6,53.1,85,972,TS,NOAA IBTrACS v04r01
2023292N11063,2023,TEJ,2023-10-23 06:00:00,14.9,52.9,80,976,TS,NOAA IBTrACS v04r01
2023292N11063,2023,TEJ,2023-10-23 09:00:00,15.1,52.7,80,978,TS,NOAA IBTrACS v04r01
2023292N11063,2023,TEJ,2023-10-23 12:00:00,15.4,52.7,75,981,TS,NOAA IBTrACS v04r01
2023292N11063,2023,TEJ,2023-10-23 15:00:00,15.6,52.5,70,984,TS,NOAA IBTrACS v04r01
2023292N11063,2023,TEJ,2023-10-23 18:00:00,15.8,52.3,70,986,TS,NOAA IBTrACS v04r01
2023292N11063,2023,TEJ,2023-10-23 21:00:00,15.8,52.3,65,988,TS,NOAA IBTrACS v04r01
2023292N11063,2023,TEJ,2023-10-24 00:00:00,15.9,52.3,60,990,TS,NOAA IBTrACS v04r01
2023292N11063,2023,TEJ,2023-10-24 03:00:00,15.8,51.9,50,996,TS,NOAA IBTrACS v04r01
2023292N11063,2023,TEJ,2023-10-24 06:00:00,15.9,51.6,40,1000,TS,NOAA IBTrACS v04r01
2023292N11063,2023,TEJ,2023-10-24 09:00:00,16.1,51.4,30,1002,TS,NOAA IBTrACS v04r01
2023292N11063,2023,TEJ,2023-10-24 12:00:00,16.4,51.3,25,1004,MX,NOAA IBTrACS v04r01
2023293N12089,2023,HAMOON,2023-10-20 06:00:00,12.4,88.6,15,1010,DS,NOAA IBTrACS v04r01
2023293N12089,2023,HAMOON,2023-10-20 09:00:00,12.6,88.5,15,1010,DS,NOAA IBTrACS v04r01
2023293N12089,2023,HAMOON,2023-10-20 12:00:00,12.7,88.4,15,1010,DS,NOAA IBTrACS v04r01
2023293N12089,2023,HAMOON,2023-10-20 15:00:00,12.7,88.2,15,,DS,NOAA IBTrACS v04r01
2023293N12089,2023,HAMOON,2023-10-20 18:00:00,12.8,88.0,15,,DS,NOAA IBTrACS v04r01
2023293N12089,2023,HAMOON,2023-10-20 21:00:00,13.0,87.8,15,,DS,NOAA IBTrACS v04r01
2023293N12089,2023,HAMOON,2023-10-21 00:00:00,13.2,87.5,15,,DS,NOAA IBTrACS v04r01
2023293N12089,2023,HAMOON,2023-10-21 03:00:00,13.4,87.3,18,,DS,NOAA IBTrACS v04r01
2023293N12089,2023,HAMOON,2023-10-21 06:00:00,13.6,87.1,20,1008,DS,NOAA IBTrACS v04r01
2023293N12089,2023,HAMOON,2023-10-21 09:00:00,14.1,86.5,23,1007,DS,NOAA IBTrACS v04r01
2023293N12089,2023,HAMOON,2023-10-21 12:00:00,14.6,86.0,25,1005,TS,NOAA IBTrACS v04r01
2023293N12089,2023,HAMOON,2023-10-21 15:00:00,15.0,85.8,25,1003,TS,NOAA IBTrACS v04r01
2023293N12089,2023,HAMOON,2023-10-21 18:00:00,15.1,86.0,25,1003,TS,NOAA IBTrACS v04r01
2023293N12089,2023,HAMOON,2023-10-21 21:00:00,15.2,86.1,25,1003,TS,NOAA IBTrACS v04r01
2023293N12089,2023,HAMOON,2023-10-22 00:00:00,15.2,86.2,25,1003,TS,NOAA IBTrACS v04r01
2023293N12089,2023,HAMOON,2023-10-22 03:00:00,15.3,86.2,25,1003,TS,NOAA IBTrACS v04r01
2023293N12089,2023,HAMOON,2023-10-22 06:00:00,15.5,86.3,25,1003,TS,NOAA IBTrACS v04r01
2023293N12089,2023,HAMOON,2023-10-22 09:00:00,15.7,86.4,25,1002,TS,NOAA IBTrACS v04r01
2023293N12089,2023,HAMOON,2023-10-22 12:00:00,15.9,86.6,30,1001,TS,NOAA IBTrACS v04r01
2023293N12089,2023,HAMOON,2023-10-22 15:00:00,16.2,86.7,30,1001,TS,NOAA IBTrACS v04r01
2023293N12089,2023,HAMOON,2023-10-22 18:00:00,16.2,86.8,30,1001,TS,NOAA IBTrACS v04r01
2023293N12089,2023,HAMOON,2023-10-22 21:00:00,16.4,86.8,30,1001,TS,NOAA IBTrACS v04r01
2023293N12089,2023,HAMOON,2023-10-23 00:00:00,16.8,86.9,30,1001,TS,NOAA IBTrACS v04r01
2023293N12089,2023,HAMOON,2023-10-23 03:00:00,17.1,86.9,30,1001,TS,NOAA IBTrACS v04r01
2023293N12089,2023,HAMOON,2023-10-23 06:00:00,17.5,87.0,30,1000,TS,NOAA IBTrACS v04r01
2023293N12089,2023,HAMOON,2023-10-23 09:00:00,17.9,87.2,30,1000,TS,NOAA IBTrACS v04r01
2023293N12089,2023,HAMOON,2023-10-23 12:00:00,18.4,87.4,35,999,TS,NOAA IBTrACS v04r01
2023293N12089,2023,HAMOON,2023-10-23 15:00:00,18.8,87.8,40,998,TS,NOAA IBTrACS v04r01
2023293N12089,2023,HAMOON,2023-10-23 18:00:00,19.2,88.2,40,998,TS,NOAA IBTrACS v04r01
2023293N12089,2023,HAMOON,2023-10-23 21:00:00,19.4,88.6,50,994,TS,NOAA IBTrACS v04r01
2023293N12089,2023,HAMOON,2023-10-24 00:00:00,19.7,89.0,55,990,TS,NOAA IBTrACS v04r01
2023293N12089,2023,HAMOON,2023-10-24 03:00:00,20.0,89.6,65,984,TS,NOAA IBTrACS v04r01
2023293N12089,2023,HAMOON,2023-10-24 06:00:00,20.3,90.2,65,985,TS,NOAA IBTrACS v04r01
2023293N12089,2023,HAMOON,2023-10-24 09:00:00,20.7,90.8,65,986,TS,NOAA IBTrACS v04r01
2023293N12089,2023,HAMOON,2023-10-24 12:00:00,21.0,91.2,55,988,TS,NOAA IBTrACS v04r01
2023293N12089,2023,HAMOON,2023-10-24 15:00:00,20.9,91.0,55,990,TS,NOAA IBTrACS v04r01
2023293N12089,2023,HAMOON,2023-10-24 18:00:00,20.9,90.8,50,994,TS,NOAA IBTrACS v04r01
2023293N12089,2023,HAMOON,2023-10-24 21:00:00,21.5,91.5,45,996,TS,NOAA IBTrACS v04r01
2023293N12089,2023,HAMOON,2023-10-25 00:00:00,22.2,92.2,35,999,TS,NOAA IBTrACS v04r01
2023293N12089,2023,HAMOON,2023-10-25 03:00:00,22.5,92.4,30,1003,TS,NOAA IBTrACS v04r01
2023293N12089,2023,HAMOON,2023-10-25 06:00:00,22.7,92.5,25,1004,TS,NOAA IBTrACS v04r01
2023317N10094,2023,MIDHILI,2023-11-13 06:00:00,9.9,94.1,15,1010,DS,NOAA IBTrACS v04r01
2023317N10094,2023,MIDHILI,2023-11-13 09:00:00,10.4,93.9,18,1009,DS,NOAA IBTrACS v04r01
2023317N10094,2023,MIDHILI,2023-11-13 12:00:00,10.9,93.4,20,1007,DS,NOAA IBTrACS v04r01
2023317N10094,2023,MIDHILI,2023-11-13 15:00:00,11.4,92.6,20,1007,DS,NOAA IBTrACS v04r01
2023317N10094,2023,MIDHILI,2023-11-13 18:00:00,11.8,91.7,20,1006,DS,NOAA IBTrACS v04r01
2023317N10094,2023,MIDHILI,2023-11-13 21:00:00,12.1,91.1,20,1006,DS,NOAA IBTrACS v04r01
2023317N10094,2023,MIDHILI,2023-11-14 00:00:00,12.4,90.6,20,1006,DS,NOAA IBTrACS v04r01
2023317N10094,2023,MIDHILI,2023-11-14 03:00:00,12.7,90.0,20,1006,DS,NOAA IBTrACS v04r01
2023317N10094,2023,MIDHILI,2023-11-14 06:00:00,12.9,89.4,20,1006,DS,NOAA IBTrACS v04r01
2023317N10094,2023,MIDHILI,2023-11-14 09:00:00,13.2,88.6,20,1006,DS,NOAA IBTrACS v04r01
2023317N10094,2023,MIDHILI,2023-11-14 12:00:00,13.4,87.9,20,1005,DS,NOAA IBTrACS v04r01
2023317N10094,2023,MIDHILI,2023-11-14 15:00:00,13.5,87.4,20,1005,DS,NOAA IBTrACS v04r01
2023317N10094,2023,MIDHILI,2023-11-14 18:00:00,13.6,87.1,20,1005,DS,NOAA IBTrACS v04r01
2023317N10094,2023,MIDHILI,2023-11-14 21:00:00,13.6,86.7,20,1005,DS,NOAA IBTrACS v04r01
2023317N10094,2023,MIDHILI,2023-11-15 00:00:00,13.8,86.5,20,1004,DS,NOAA IBTrACS v04r01
2023317N10094,2023,MIDHILI,2023-11-15 03:00:00,14.3,86.6,25,1005,MX,NOAA IBTrACS v04r01
2023317N10094,2023,MIDHILI,2023-11-15 06:00:00,14.8,86.7,25,1005,MX,NOAA IBTrACS v04r01
2023317N10094,2023,MIDHILI,2023-11-15 09:00:00,15.1,86.7,20,1003,MX,NOAA IBTrACS v04r01
2023317N10094,2023,MIDHILI,2023-11-15 12:00:00,15.4,86.7,25,1004,MX,NOAA IBTrACS v04r01
2023317N10094,2023,MIDHILI,2023-11-15 15:00:00,15.7,86.6,23,1001,MX,NOAA IBTrACS v04r01
2023317N10094,2023,MIDHILI,2023-11-15 18:00:00,16.1,86.7,25,1004,TS,NOAA IBTrACS v04r01
2023317N10094,2023,MIDHILI,2023-11-15 21:00:00,16.6,86.8,28,999,TS,NOAA IBTrACS v04r01
2023317N10094,2023,MIDHILI,2023-11-16 00:00:00,17.2,87.0,30,1003,TS,NOAA IBTrACS v04r01
2023317N10094,2023,MIDHILI,2023-11-16 03:00:00,17.5,87.1,30,1003,TS,NOAA IBTrACS v04r01
2023317N10094,2023,MIDHILI,2023-11-16 06:00:00,17.9,87.3,30,1003,TS,NOAA IBTrACS v04r01
2023317N10094,2023,MIDHILI,2023-11-16 09:00:00,18.3,87.5,28,999,TS,NOAA IBTrACS v04r01
2023317N10094,2023,MIDHILI,2023-11-16 12:00:00,18.6,87.6,30,1003,TS,NOAA IBTrACS v04r01
2023317N10094,2023,MIDHILI,2023-11-16 15:00:00,18.8,87.9,30,999,TS,NOAA IBTrACS v04r01
2023317N10094,2023,MIDHILI,2023-11-16 18:00:00,19.2,88.1,30,1002,TS,NOAA IBTrACS v04r01
2023317N10094,2023,MIDHILI,2023-11-16 21:00:00,19.6,88.3,33,998,TS,NOAA IBTrACS v04r01
2023317N10094,2023,MIDHILI,2023-11-17 00:00:00,20.2,88.7,35,1001,TS,NOAA IBTrACS v04r01
2023317N10094,2023,MIDHILI,2023-11-17 03:00:00,20.8,89.2,40,1000,TS,NOAA IBTrACS v04r01
2023317N10094,2023,MIDHILI,2023-11-17 06:00:00,21.4,89.7,45,998,TS,NOAA IBTrACS v04r01
2023317N10094,2023,MIDHILI,2023-11-17 09:00:00,22.1,90.3,50,996,TS,NOAA IBTrACS v04r01
2023317N10094,2023,MIDHILI,2023-11-17 12:00:00,23.0,91.0,40,998,TS,NOAA IBTrACS v04r01
2023317N10094,2023,MIDHILI,2023-11-17 15:00:00,23.3,91.2,35,1000,TS,NOAA IBTrACS v04r01
2023317N10094,2023,MIDHILI,2023-11-17 18:00:00,23.4,91.4,30,1003,TS,NOAA IBTrACS v04r01
2023317N10094,2023,MIDHILI,2023-11-17 21:00:00,23.5,91.5,,,TS,NOAA IBTrACS v04r01
2023317N10094,2023,MIDHILI,2023-11-18 00:00:00,23.7,91.7,20,1005,TS,NOAA IBTrACS v04r01
2023334N08088,2023,MICHAUNG,2023-11-30 06:00:00,7.5,88.0,15,1008,DS,NOAA IBTrACS v04r01
2023334N08088,2023,MICHAUNG,2023-11-30 09:00:00,7.9,87.6,15,1008,DS,NOAA IBTrACS v04r01
2023334N08088,2023,MICHAUNG,2023-11-30 12:00:00,8.2,87.2,15,1008,DS,NOAA IBTrACS v04r01
2023334N08088,2023,MICHAUNG,2023-11-30 15:00:00,8.3,86.8,15,1009,DS,NOAA IBTrACS v04r01
2023334N08088,2023,MICHAUNG,2023-11-30 18:00:00,8.4,86.4,15,1009,DS,NOAA IBTrACS v04r01
2023334N08088,2023,MICHAUNG,2023-11-30 21:00:00,8.5,86.0,15,1007,DS,NOAA IBTrACS v04r01
2023334N08088,2023,MICHAUNG,2023-12-01 00:00:00,8.8,85.8,20,1002,MX,NOAA IBTrACS v04r01
2023334N08088,2023,MICHAUNG,2023-12-01 03:00:00,9.0,85.6,20,1002,MX,NOAA IBTrACS v04r01
2023334N08088,2023,MICHAUNG,2023-12-01 06:00:00,9.2,85.4,25,1002,MX,NOAA IBTrACS v04r01
2023334N08088,2023,MICHAUNG,2023-12-01 09:00:00,9.5,85.3,18,1002,MX,NOAA IBTrACS v04r01
2023334N08088,2023,MICHAUNG,2023-12-01 12:00:00,9.7,85.1,25,1001,MX,NOAA IBTrACS v04r01
2023334N08088,2023,MICHAUNG,2023-12-01 15:00:00,9.8,85.0,23,1001,MX,NOAA IBTrACS v04r01
2023334N08088,2023,MICHAUNG,2023-12-01 18:00:00,9.9,84.8,25,1000,MX,NOAA IBTrACS v04r01
2023334N08088,2023,MICHAUNG,2023-12-01 21:00:00,9.9,84.5,25,1000,MX,NOAA IBTrACS v04r01
2023334N08088,2023,MICHAUNG,2023-12-02 00:00:00,10.1,84.1,30,998,MX,NOAA IBTrACS v04r01
2023334N08088,2023,MICHAUNG,2023-12-02 03:00:00,10.2,83.8,30,997,MX,NOAA IBTrACS v04r01
2023334N08088,2023,MICHAUNG,2023-12-02 06:00:00,10.3,83.6,30,997,TS,NOAA IBTrACS v04r01
2023334N08088,2023,MICHAUNG,2023-12-02 09:00:00,10.4,83.5,28,997,TS,NOAA IBTrACS v04r01
2023334N08088,2023,MICHAUNG,2023-12-02 12:00:00,10.5,83.5,30,997,TS,NOAA IBTrACS v04r01
2023334N08088,2023,MICHAUNG,2023-12-02 15:00:00,10.7,83.3,30,995,TS,NOAA IBTrACS v04r01
2023334N08088,2023,MICHAUNG,2023-12-02 18:00:00,10.8,83.1,30,996,TS,NOAA IBTrACS v04r01
2023334N08088,2023,MICHAUNG,2023-12-02 21:00:00,11.0,83.0,33,994,TS,NOAA IBTrACS v04r01
2023334N08088,2023,MICHAUNG,2023-12-03 00:00:00,11.3,82.9,35,995,TS,NOAA IBTrACS v04r01
2023334N08088,2023,MICHAUNG,2023-12-03 03:00:00,11.5,82.7,35,995,TS,NOAA IBTrACS v04r01
2023334N08088,2023,MICHAUNG,2023-12-03 06:00:00,11.9,82.5,35,995,TS,NOAA IBTrACS v04r01
2023334N08088,2023,MICHAUNG,2023-12-03 09:00:00,12.1,82.4,35,995,TS,NOAA IBTrACS v04r01
2023334N08088,2023,MICHAUNG,2023-12-03 12:00:00,12.3,82.3,35,995,TS,NOAA IBTrACS v04r01
2023334N08088,2023,MICHAUNG,2023-12-03 15:00:00,12.5,82.1,40,994,TS,NOAA IBTrACS v04r01
2023334N08088,2023,MICHAUNG,2023-12-03 18:00:00,12.8,81.8,45,992,TS,NOAA IBTrACS v04r01
2023334N08088,2023,MICHAUNG,2023-12-03 21:00:00,12.9,81.6,45,992,TS,NOAA IBTrACS v04r01
2023334N08088,2023,MICHAUNG,2023-12-04 00:00:00,13.1,81.4,45,992,TS,NOAA IBTrACS v04r01
2023334N08088,2023,MICHAUNG,2023-12-04 03:00:00,13.3,81.1,50,988,TS,NOAA IBTrACS v04r01
2023334N08088,2023,MICHAUNG,2023-12-04 06:00:00,13.5,80.9,50,988,TS,NOAA IBTrACS v04r01
2023334N08088,2023,MICHAUNG,2023-12-04 09:00:00,13.7,80.7,50,988,TS,NOAA IBTrACS v04r01
2023334N08088,2023,MICHAUNG,2023-12-04 12:00:00,14.0,80.6,55,986,TS,NOAA IBTrACS v04r01
2023334N08088,2023,MICHAUNG,2023-12-04 15:00:00,14.2,80.4,55,986,TS,NOAA IBTrACS v04r01
2023334N08088,2023,MICHAUNG,2023-12-04 18:00:00,14.4,80.3,55,986,TS,NOAA IBTrACS v04r01
2023334N08088,2023,MICHAUNG,2023-12-04 21:00:00,14.6,80.2,55,986,TS,NOAA IBTrACS v04r01
2023334N08088,2023,MICHAUNG,2023-12-05 00:00:00,14.9,80.1,50,988,TS,NOAA IBTrACS v04r01
2023334N08088,2023,MICHAUNG,2023-12-05 03:00:00,15.2,80.1,50,988,TS,NOAA IBTrACS v04r01
2023334N08088,2023,MICHAUNG,2023-12-05 06:00:00,15.6,80.2,50,988,TS,NOAA IBTrACS v04r01
2023334N08088,2023,MICHAUNG,2023-12-05 09:00:00,15.8,80.2,50,990,TS,NOAA IBTrACS v04r01
2023334N08088,2023,MICHAUNG,2023-12-05 12:00:00,16.0,80.2,40,996,TS,NOAA IBTrACS v04r01
2023334N08088,2023,MICHAUNG,2023-12-05 15:00:00,16.4,80.3,35,998,TS,NOAA IBTrACS v04r01
2023334N08088,2023,MICHAUNG,2023-12-05 18:00:00,16.9,80.4,30,1000,TS,NOAA IBTrACS v04r01
2023334N08088,2023,MICHAUNG,2023-12-05 21:00:00,17.1,80.5,33,997,TS,NOAA IBTrACS v04r01
2023334N08088,2023,MICHAUNG,2023-12-06 00:00:00,17.3,80.6,20,1004,TS,NOAA IBTrACS v04r01
2023334N08088,2023,MICHAUNG,2023-12-06 03:00:00,17.7,80.8,28,998,TS,NOAA IBTrACS v04r01
2023334N08088,2023,MICHAUNG,2023-12-06 06:00:00,18.3,81.1,25,999,TS,NOAA IBTrACS v04r01
2024145N14087,2024,REMAL,2024-05-23 12:00:00,13.6,86.6,15,1000,DS,NOAA IBTrACS v04r01
2024145N14087,2024,REMAL,2024-05-23 15:00:00,13.9,87.2,15,999,DS,NOAA IBTrACS v04r01
2024145N14087,2024,REMAL,2024-05-23 18:00:00,14.3,87.7,15,998,DS,NOAA IBTrACS v04r01
2024145N14087,2024,REMAL,2024-05-23 21:00:00,14.7,88.2,18,997,DS,NOAA IBTrACS v04r01
2024145N14087,2024,REMAL,2024-05-24 00:00:00,15.2,88.6,25,996,MX,NOAA IBTrACS v04r01
2024145N14087,2024,REMAL,2024-05-24 03:00:00,15.5,89.0,25,996,MX,NOAA IBTrACS v04r01
2024145N14087,2024,REMAL,2024-05-24 06:00:00,15.9,89.3,25,996,MX,NOAA IBTrACS v04r01
2024145N14087,2024,REMAL,2024-05-24 09:00:00,16.1,89.4,25,994,MX,NOAA IBTrACS v04r01
2024145N14087,2024,REMAL,2024-05-24 12:00:00,16.4,89.6,25,995,MX,NOAA IBTrACS v04r01
2024145N14087,2024,REMAL,2024-05-24 15:00:00,16.7,89.7,25,993,MX,NOAA IBTrACS v04r01
2024145N14087,2024,REMAL,2024-05-24 18:00:00,17.0,89.9,25,995,MX,NOAA IBTrACS v04r01
2024145N14087,2024,REMAL,2024-05-24 21:00:00,17.2,89.9,25,992,MX,NOAA IBTrACS v04r01
2024145N14087,2024,REMAL,2024-05-25 00:00:00,17.6,90.0,30,993,TS,NOAA IBTrACS v04r01
2024145N14087,2024,REMAL,2024-05-25 03:00:00,17.9,89.8,30,992,TS,NOAA IBTrACS v04r01
2024145N14087,2024,REMAL,2024-05-25 06:00:00,18.2,89.6,30,991,TS,NOAA IBTrACS v04r01
2024145N14087,2024,REMAL,2024-05-25 09:00:00,18.4,89.5,28,989,TS,NOAA IBTrACS v04r01
2024145N14087,2024,REMAL,2024-05-25 12:00:00,18.7,89.3,35,989,TS,NOAA IBTrACS v04r01
2024145N14087,2024,REMAL,2024-05-25 15:00:00,18.9,89.2,35,989,TS,NOAA IBTrACS v04r01
2024145N14087,2024,REMAL,2024-05-25 18:00:00,19.2,89.2,40,988,TS,NOAA IBTrACS v04r01
2024145N14087,2024,REMAL,2024-05-25 21:00:00,19.4,89.2,45,986,TS,NOAA IBTrACS v04r01
2024145N14087,2024,REMAL,2024-05-26 00:00:00,19.6,89.2,50,984,TS,NOAA IBTrACS v04r01
2024145N14087,2024,REMAL,2024-05-26 03:00:00,19.9,89.1,50,984,TS,NOAA IBTrACS v04r01
2024145N14087,2024,REMAL,2024-05-26 06:00:00,20.3,89.1,50,983,TS,NOAA IBTrACS v04r01
2024145N14087,2024,REMAL,2024-05-26 09:00:00,20.6,89.1,55,981,TS,NOAA IBTrACS v04r01
2024145N14087,2024,REMAL,2024-05-26 12:00:00,21.2,89.1,60,978,TS,NOAA IBTrACS v04r01
2024145N14087,2024,REMAL,2024-05-26 14:00:00,21.5,89.0,60,977,TS,NOAA IBTrACS v04r01
2024145N14087,2024,REMAL,2024-05-26 15:00:00,21.6,89.0,60,978,TS,NOAA IBTrACS v04r01
2024145N14087,2024,REMAL,2024-05-26 18:00:00,22.0,88.9,60,978,TS,NOAA IBTrACS v04r01
2024145N14087,2024,REMAL,2024-05-26 21:00:00,22.2,88.9,55,980,TS,NOAA IBTrACS v04r01
2024145N14087,2024,REMAL,2024-05-27 00:00:00,22.6,89.0,45,982,TS,NOAA IBTrACS v04r01
2024145N14087,2024,REMAL,2024-05-27 03:00:00,22.8,89.1,40,984,TS,NOAA IBTrACS v04r01
2024145N14087,2024,REMAL,2024-05-27 06:00:00,23.1,89.1,35,985,TS,NOAA IBTrACS v04r01
2024145N14087,2024,REMAL,2024-05-27 09:00:00,23.3,89.3,35,986,TS,NOAA IBTrACS v04r01
2024145N14087,2024,REMAL,2024-05-27 12:00:00,23.6,89.6,35,987,TS,NOAA IBTrACS v04r01
2024145N14087,2024,REMAL,2024-05-27 15:00:00,23.8,90.1,30,988,TS,NOAA IBTrACS v04r01
2024145N14087,2024,REMAL,2024-05-27 18:00:00,24.1,90.5,30,990,TS,NOAA IBTrACS v04r01
2024145N14087,2024,REMAL,2024-05-27 21:00:00,24.3,90.8,25,991,TS,NOAA IBTrACS v04r01
2024145N14087,2024,REMAL,2024-05-28 00:00:00,24.5,91.1,20,991,MX,NOAA IBTrACS v04r01
2024145N14087,2024,REMAL,2024-05-28 03:00:00,24.7,91.5,20,992,TS,NOAA IBTrACS v04r01
2024145N14087,2024,REMAL,2024-05-28 06:00:00,25.1,91.8,20,993,TS,NOAA IBTrACS v04r01
2024201N19086,2024,UNNAMED,2024-07-19 03:00:00,19.1,86.2,25,992,TS,NOAA IBTrACS v04r01
2024201N19086,2024,UNNAMED,2024-07-19 06:00:00,19.2,86.0,25,992,TS,NOAA IBTrACS v04r01
2024201N19086,2024,UNNAMED,2024-07-19 09:00:00,19.3,85.8,,,TS,NOAA IBTrACS v04r01
2024201N19086,2024,UNNAMED,2024-07-19 12:00:00,19.4,85.7,25,990,TS,NOAA IBTrACS v04r01
2024201N19086,2024,UNNAMED,2024-07-19 15:00:00,19.5,85.6,,,TS,NOAA IBTrACS v04r01
2024201N19086,2024,UNNAMED,2024-07-19 18:00:00,19.5,85.6,25,990,TS,NOAA IBTrACS v04r01
2024201N19086,2024,UNNAMED,2024-07-19 21:00:00,19.6,85.5,,,TS,NOAA IBTrACS v04r01
2024201N19086,2024,UNNAMED,2024-07-20 00:00:00,19.6,85.5,25,991,TS,NOAA IBTrACS v04r01
2024201N19086,2024,UNNAMED,2024-07-20 03:00:00,19.6,85.5,25,992,TS,NOAA IBTrACS v04r01
2024201N19086,2024,UNNAMED,2024-07-20 06:00:00,19.7,85.4,25,992,TS,NOAA IBTrACS v04r01
2024216N24085,2024,UNNAMED,2024-08-02 12:00:00,24.2,85.2,20,992,TS,NOAA IBTrACS v04r01
2024216N24085,2024,UNNAMED,2024-08-02 15:00:00,24.2,85.0,,,TS,NOAA IBTrACS v04r01
2024216N24085,2024,UNNAMED,2024-08-02 18:00:00,24.2,84.9,20,992,TS,NOAA IBTrACS v04r01
2024216N24085,2024,UNNAMED,2024-08-02 21:00:00,24.2,84.8,,,TS,NOAA IBTrACS v04r01
2024216N24085,2024,UNNAMED,2024-08-03 00:00:00,24.3,84.6,25,991,TS,NOAA IBTrACS v04r01
2024216N24085,2024,UNNAMED,2024-08-03 03:00:00,24.4,84.4,30,990,TS,NOAA IBTrACS v04r01
2024216N24085,2024,UNNAMED,2024-08-03 06:00:00,24.5,84.2,30,988,TS,NOAA IBTrACS v04r01
2024216N24085,2024,UNNAMED,2024-08-03 09:00:00,24.7,83.7,,,TS,NOAA IBTrACS v04r01
2024216N24085,2024,UNNAMED,2024-08-03 12:00:00,24.8,83.0,30,988,TS,NOAA IBTrACS v04r01
2024216N24085,2024,UNNAMED,2024-08-03 15:00:00,24.8,82.2,,,TS,NOAA IBTrACS v04r01
2024216N24085,2024,UNNAMED,2024-08-03 18:00:00,24.8,81.5,30,990,TS,NOAA IBTrACS v04r01
2024216N24085,2024,UNNAMED,2024-08-03 21:00:00,24.8,81.2,,,TS,NOAA IBTrACS v04r01
2024216N24085,2024,UNNAMED,2024-08-04 00:00:00,24.9,81.0,30,990,TS,NOAA IBTrACS v04r01
2024216N24085,2024,UNNAMED,2024-08-04 03:00:00,25.0,80.7,30,991,TS,NOAA IBTrACS v04r01
2024216N24085,2024,UNNAMED,2024-08-04 06:00:00,25.3,79.6,30,992,TS,NOAA IBTrACS v04r01
2024216N24085,2024,UNNAMED,2024-08-04 09:00:00,25.6,78.9,,,TS,NOAA IBTrACS v04r01
2024216N24085,2024,UNNAMED,2024-08-04 12:00:00,25.8,78.4,30,992,TS,NOAA IBTrACS v04r01
2024216N24085,2024,UNNAMED,2024-08-04 15:00:00,25.9,78.0,,,TS,NOAA IBTrACS v04r01
2024216N24085,2024,UNNAMED,2024-08-04 18:00:00,26.0,77.6,30,993,TS,NOAA IBTrACS v04r01
2024216N24085,2024,UNNAMED,2024-08-04 21:00:00,26.1,76.9,,,TS,NOAA IBTrACS v04r01
2024216N24085,2024,UNNAMED,2024-08-05 00:00:00,26.3,76.2,25,993,TS,NOAA IBTrACS v04r01
2024216N24085,2024,UNNAMED,2024-08-05 03:00:00,26.5,75.6,25,993,TS,NOAA IBTrACS v04r01
2024216N24085,2024,UNNAMED,2024-08-05 06:00:00,26.8,75.2,25,994,TS,NOAA IBTrACS v04r01
2024216N24085,2024,UNNAMED,2024-08-05 09:00:00,27.2,74.4,,,TS,NOAA IBTrACS v04r01
2024216N24085,2024,UNNAMED,2024-08-05 12:00:00,27.6,73.5,20,994,TS,NOAA IBTrACS v04r01
2024216N24085,2024,UNNAMED,2024-08-05 15:00:00,28.2,72.7,,,TS,NOAA IBTrACS v04r01
2024216N24085,2024,UNNAMED,2024-08-05 18:00:00,28.8,72.0,20,996,TS,NOAA IBTrACS v04r01
2024238N25077,2024,ASNA,2024-08-25 00:00:00,24.5,77.3,20,997,TS,NOAA IBTrACS v04r01
2024238N25077,2024,ASNA,2024-08-25 03:00:00,24.6,76.9,20,997,TS,NOAA IBTrACS v04r01
2024238N25077,2024,ASNA,2024-08-25 06:00:00,24.6,76.5,20,996,TS,NOAA IBTrACS v04r01
2024238N25077,2024,ASNA,2024-08-25 09:00:00,24.5,76.1,,,TS,NOAA IBTrACS v04r01
2024238N25077,2024,ASNA,2024-08-25 12:00:00,24.4,75.6,25,996,TS,NOAA IBTrACS v04r01
2024238N25077,2024,ASNA,2024-08-25 15:00:00,24.3,75.1,,,TS,NOAA IBTrACS v04r01
2024238N25077,2024,ASNA,2024-08-25 18:00:00,24.3,74.7,30,995,TS,NOAA IBTrACS v04r01
2024238N25077,2024,ASNA,2024-08-25 21:00:00,24.3,74.4,,,TS,NOAA IBTrACS v04r01
2024238N25077,2024,ASNA,2024-08-26 00:00:00,24.2,74.2,30,995,TS,NOAA IBTrACS v04r01
2024238N25077,2024,ASNA,2024-08-26 03:00:00,24.1,74.0,30,995,TS,NOAA IBTrACS v04r01
2024238N25077,2024,ASNA,2024-08-26 06:00:00,23.8,73.6,30,995,TS,NOAA IBTrACS v04r01
2024238N25077,2024,ASNA,2024-08-26 09:00:00,23.7,73.3,,,TS,NOAA IBTrACS v04r01
2024238N25077,2024,ASNA,2024-08-26 12:00:00,23.8,73.0,30,995,TS,NOAA IBTrACS v04r01
2024238N25077,2024,ASNA,2024-08-26 15:00:00,23.8,72.7,,,TS,NOAA IBTrACS v04r01
2024238N25077,2024,ASNA,2024-08-26 18:00:00,23.8,72.4,30,995,TS,NOAA IBTrACS v04r01
2024238N25077,2024,ASNA,2024-08-26 21:00:00,23.8,72.3,,,TS,NOAA IBTrACS v04r01
2024238N25077,2024,ASNA,2024-08-27 00:00:00,23.8,72.2,30,995,TS,NOAA IBTrACS v04r01
2024238N25077,2024,ASNA,2024-08-27 03:00:00,23.8,72.0,30,995,TS,NOAA IBTrACS v04r01
2024238N25077,2024,ASNA,2024-08-27 06:00:00,23.7,71.7,30,995,TS,NOAA IBTrACS v04r01
2024238N25077,2024,ASNA,2024-08-27 09:00:00,23.7,71.3,,,TS,NOAA IBTrACS v04r01
2024238N25077,2024,ASNA,2024-08-27 12:00:00,23.8,70.9,30,995,TS,NOAA IBTrACS v04r01
2024238N25077,2024,ASNA,2024-08-27 15:00:00,23.9,70.6,30,1000,TS,NOAA IBTrACS v04r01
2024238N25077,2024,ASNA,2024-08-27 18:00:00,24.0,70.4,30,995,TS,NOAA IBTrACS v04r01
2024238N25077,2024,ASNA,2024-08-27 21:00:00,24.0,70.1,30,1000,TS,NOAA IBTrACS v04r01
2024238N25077,2024,ASNA,2024-08-28 00:00:00,24.0,70.0,30,995,TS,NOAA IBTrACS v04r01
2024238N25077,2024,ASNA,2024-08-28 03:00:00,24.0,69.8,30,995,TS,NOAA IBTrACS v04r01
2024238N25077,2024,ASNA,2024-08-28 06:00:00,23.9,69.8,30,994,TS,NOAA IBTrACS v04r01
2024238N25077,2024,ASNA,2024-08-28 09:00:00,23.8,69.8,30,999,TS,NOAA IBTrACS v04r01
2024238N25077,2024,ASNA,2024-08-28 12:00:00,23.8,69.8,30,994,TS,NOAA IBTrACS v04r01
2024238N25077,2024,ASNA,2024-08-28 15:00:00,23.8,69.8,30,998,TS,NOAA IBTrACS v04r01
2024238N25077,2024,ASNA,2024-08-28 18:00:00,23.8,69.7,30,994,TS,NOAA IBTrACS v04r01
2024238N25077,2024,ASNA,2024-08-28 21:00:00,23.8,69.6,30,997,TS,NOAA IBTrACS v04r01
2024238N25077,2024,ASNA,2024-08-29 00:00:00,23.8,69.5,30,994,TS,NOAA IBTrACS v04r01
2024238N25077,2024,ASNA,2024-08-29 03:00:00,23.7,69.4,30,994,TS,NOAA IBTrACS v04r01
2024238N25077,2024,ASNA,2024-08-29 06:00:00,23.7,69.5,30,994,TS,NOAA IBTrACS v04r01
2024238N25077,2024,ASNA,2024-08-29 09:00:00,23.6,69.4,33,991,TS,NOAA IBTrACS v04r01
2024238N25077,2024,ASNA,2024-08-29 12:00:00,23.6,69.3,30,994,TS,NOAA IBTrACS v04r01
2024238N25077,2024,ASNA,2024-08-29 15:00:00,23.5,69.2,35,989,TS,NOAA IBTrACS v04r01
2024238N25077,2024,ASNA,2024-08-29 18:00:00,23.5,69.0,30,994,TS,NOAA IBTrACS v04r01
2024238N25077,2024,ASNA,2024-08-29 21:00:00,23.4,68.7,38,988,TS,NOAA IBTrACS v04r01
2024238N25077,2024,ASNA,2024-08-30 00:00:00,23.3,68.5,30,994,TS,NOAA IBTrACS v04r01
2024238N25077,2024,ASNA,2024-08-30 03:00:00,23.3,68.2,30,994,TS,NOAA IBTrACS v04r01
2024238N25077,2024,ASNA,2024-08-30 06:00:00,23.4,68.0,35,993,TS,NOAA IBTrACS v04r01
2024238N25077,2024,ASNA,2024-08-30 09:00:00,23.4,67.5,35,993,TS,NOAA IBTrACS v04r01
2024238N25077,2024,ASNA,2024-08-30 12:00:00,23.4,67.1,35,993,TS,NOAA IBTrACS v04r01
2024238N25077,2024,ASNA,2024-08-30 15:00:00,23.5,66.9,35,992,TS,NOAA IBTrACS v04r01
2024238N25077,2024,ASNA,2024-08-30 18:00:00,23.6,66.4,35,992,TS,NOAA IBTrACS v04r01
2024238N25077,2024,ASNA,2024-08-30 21:00:00,23.5,66.1,35,992,TS,NOAA IBTrACS v04r01
2024238N25077,2024,ASNA,2024-08-31 00:00:00,23.5,65.7,40,991,TS,NOAA IBTrACS v04r01
2024238N25077,2024,ASNA,2024-08-31 03:00:00,23.5,65.2,40,991,TS,NOAA IBTrACS v04r01
2024238N25077,2024,ASNA,2024-08-31 06:00:00,23.5,64.9,40,991,TS,NOAA IBTrACS v04r01
2024238N25077,2024,ASNA,2024-08-31 09:00:00,23.4,64.4,40,991,TS,NOAA IBTrACS v04r01
2024238N25077,2024,ASNA,2024-08-31 12:00:00,23.5,64.2,40,990,TS,NOAA IBTrACS v04r01
2024238N25077,2024,ASNA,2024-08-31 15:00:00,23.4,63.7,40,990,TS,NOAA IBTrACS v04r01
2024238N25077,2024,ASNA,2024-08-31 18:00:00,23.4,63.5,40,990,TS,NOAA IBTrACS v04r01
2024238N25077,2024,ASNA,2024-08-31 21:00:00,23.3,63.0,40,990,TS,NOAA IBTrACS v04r01
2024238N25077,2024,ASNA,2024-09-01 00:00:00,23.1,62.6,40,990,TS,NOAA IBTrACS v04r01
2024238N25077,2024,ASNA,2024-09-01 03:00:00,22.9,62.3,35,992,TS,NOAA IBTrACS v04r01
2024238N25077,2024,ASNA,2024-09-01 06:00:00,22.7,62.1,35,993,TS,NOAA IBTrACS v04r01
2024238N25077,2024,ASNA,2024-09-01 09:00:00,22.5,61.9,35,993,TS,NOAA IBTrACS v04r01
2024238N25077,2024,ASNA,2024-09-01 12:00:00,22.2,61.8,30,996,TS,NOAA IBTrACS v04r01
2024238N25077,2024,ASNA,2024-09-01 15:00:00,21.9,61.7,28,990,TS,NOAA IBTrACS v04r01
2024238N25077,2024,ASNA,2024-09-01 18:00:00,21.7,61.6,30,998,TS,NOAA IBTrACS v04r01
2024238N25077,2024,ASNA,2024-09-01 21:00:00,21.4,61.5,25,989,TS,NOAA IBTrACS v04r01
2024238N25077,2024,ASNA,2024-09-02 00:00:00,21.2,61.4,20,999,TS,NOAA IBTrACS v04r01
2024238N25077,2024,ASNA,2024-09-02 03:00:00,20.9,61.2,20,1000,TS,NOAA IBTrACS v04r01
2024238N25077,2024,ASNA,2024-09-02 06:00:00,20.6,61.1,25,990,TS,NOAA IBTrACS v04r01
2024238N25077,2024,ASNA,2024-09-02 09:00:00,20.4,61.0,25,990,TS,NOAA IBTrACS v04r01
2024238N25077,2024,ASNA,2024-09-02 12:00:00,20.2,61.0,25,990,TS,NOAA IBTrACS v04r01
2024238N25077,2024,ASNA,2024-09-02 15:00:00,19.9,60.9,23,992,TS,NOAA IBTrACS v04r01
2024238N25077,2024,ASNA,2024-09-02 18:00:00,19.7,60.9,20,993,DS,NOAA IBTrACS v04r01
2024238N25077,2024,ASNA,2024-09-02 21:00:00,19.7,60.9,18,994,DS,NOAA IBTrACS v04r01
2024238N25077,2024,ASNA,2024-09-03 00:00:00,19.8,60.8,15,995,DS,NOAA IBTrACS v04r01
2024238N25077,2024,ASNA,2024-09-03 03:00:00,19.9,60.7,15,995,DS,NOAA IBTrACS v04r01
2024238N25077,2024,ASNA,2024-09-03 06:00:00,19.9,60.7,15,995,DS,NOAA IBTrACS v04r01
2024244N18085,2024,UNNAMED,2024-08-31 00:00:00,17.5,84.6,25,998,TS,NOAA IBTrACS v04r01
2024244N18085,2024,UNNAMED,2024-08-31 03:00:00,17.7,84.5,25,997,TS,NOAA IBTrACS v04r01
2024244N18085,2024,UNNAMED,2024-08-31 06:00:00,17.9,84.3,25,996,TS,NOAA IBTrACS v04r01
2024244N18085,2024,UNNAMED,2024-08-31 09:00:00,18.0,84.1,,,TS,NOAA IBTrACS v04r01
2024244N18085,2024,UNNAMED,2024-08-31 12:00:00,18.1,84.0,25,997,TS,NOAA IBTrACS v04r01
2024244N18085,2024,UNNAMED,2024-08-31 15:00:00,18.1,83.9,,,TS,NOAA IBTrACS v04r01
2024244N18085,2024,UNNAMED,2024-08-31 18:00:00,18.2,83.8,25,997,TS,NOAA IBTrACS v04r01
2024244N18085,2024,UNNAMED,2024-08-31 21:00:00,18.3,83.5,,,TS,NOAA IBTrACS v04r01
2024244N18085,2024,UNNAMED,2024-09-01 00:00:00,18.5,83.0,25,997,TS,NOAA IBTrACS v04r01
2024244N18085,2024,UNNAMED,2024-09-01 03:00:00,18.7,82.4,25,998,TS,NOAA IBTrACS v04r01
2024244N18085,2024,UNNAMED,2024-09-01 06:00:00,18.7,82.1,20,999,TS,NOAA IBTrACS v04r01
2024244N18085,2024,UNNAMED,2024-09-01 09:00:00,18.8,81.7,,,TS,NOAA IBTrACS v04r01
2024244N18085,2024,UNNAMED,2024-09-01 12:00:00,19.0,81.2,20,999,TS,NOAA IBTrACS v04r01
2024244N18085,2024,UNNAMED,2024-09-01 15:00:00,19.2,80.8,,,TS,NOAA IBTrACS v04r01
2024244N18085,2024,UNNAMED,2024-09-01 18:00:00,19.3,80.4,20,999,TS,NOAA IBTrACS v04r01
2024244N18085,2024,UNNAMED,2024-09-01 21:00:00,19.5,80.2,,,TS,NOAA IBTrACS v04r01
2024244N18085,2024,UNNAMED,2024-09-02 00:00:00,19.6,80.0,20,999,TS,NOAA IBTrACS v04r01
2024244N18085,2024,UNNAMED,2024-09-02 03:00:00,19.7,79.7,20,999,TS,NOAA IBTrACS v04r01
2024244N18085,2024,UNNAMED,2024-09-02 06:00:00,19.8,79.5,20,999,TS,NOAA IBTrACS v04r01
2024252N18087,2024,UNNAMED,2024-09-08 00:00:00,17.9,87.0,25,998,TS,NOAA IBTrACS v04r01
2024252N18087,2024,UNNAMED,2024-09-08 03:00:00,18.2,86.8,25,998,TS,NOAA IBTrACS v04r01
2024252N18087,2024,UNNAMED,2024-09-08 06:00:00,18.4,86.7,25,997,TS,NOAA IBTrACS v04r01
2024252N18087,2024,UNNAMED,2024-09-08 09:00:00,18.5,86.5,,,TS,NOAA IBTrACS v04r01
2024252N18087,2024,UNNAMED,2024-09-08 12:00:00,18.6,86.4,25,995,TS,NOAA IBTrACS v04r01
2024252N18087,2024,UNNAMED,2024-09-08 15:00:00,18.7,86.3,,,TS,NOAA IBTrACS v04r01
2024252N18087,2024,UNNAMED,2024-09-08 18:00:00,18.9,86.3,30,993,TS,NOAA IBTrACS v04r01
2024252N18087,2024,UNNAMED,2024-09-08 21:00:00,19.1,86.2,,,TS,NOAA IBTrACS v04r01
2024252N18087,2024,UNNAMED,2024-09-09 00:00:00,19.3,86.2,30,991,TS,NOAA IBTrACS v04r01
2024252N18087,2024,UNNAMED,2024-09-09 03:00:00,19.6,86.2,30,991,TS,NOAA IBTrACS v04r01
2024252N18087,2024,UNNAMED,2024-09-09 06:00:00,20.0,86.0,30,992,TS,NOAA IBTrACS v04r01
2024252N18087,2024,UNNAMED,2024-09-09 09:00:00,20.4,85.6,,,TS,NOAA IBTrACS v04r01
2024252N18087,2024,UNNAMED,2024-09-09 12:00:00,20.8,85.1,30,994,TS,NOAA IBTrACS v04r01
2024252N18087,2024,UNNAMED,2024-09-09 15:00:00,21.1,84.8,,,TS,NOAA IBTrACS v04r01
2024252N18087,2024,UNNAMED,2024-09-09 18:00:00,21.3,84.4,25,995,TS,NOAA IBTrACS v04r01
2024252N18087,2024,UNNAMED,2024-09-09 21:00:00,21.5,83.9,,,TS,NOAA IBTrACS v04r01
2024252N18087,2024,UNNAMED,2024-09-10 00:00:00,21.7,83.3,25,995,TS,NOAA IBTrACS v04r01
2024252N18087,2024,UNNAMED,2024-09-10 03:00:00,21.8,82.8,25,996,TS,NOAA IBTrACS v04r01
2024252N18087,2024,UNNAMED,2024-09-10 06:00:00,21.9,82.1,25,996,TS,NOAA IBTrACS v04r01
2024255N24080,2024,UNNAMED,2024-09-11 03:00:00,24.0,80.0,20,995,TS,NOAA IBTrACS v04r01
2024255N24080,2024,UNNAMED,2024-09-11 06:00:00,24.2,79.9,20,995,TS,NOAA IBTrACS v04r01
2024255N24080,2024,UNNAMED,2024-09-11 09:00:00,24.5,79.8,,,TS,NOAA IBTrACS v04r01
2024255N24080,2024,UNNAMED,2024-09-11 12:00:00,25.0,79.6,25,994,TS,NOAA IBTrACS v04r01
2024255N24080,2024,UNNAMED,2024-09-11 15:00:00,25.6,78.9,,,TS,NOAA IBTrACS v04r01
2024255N24080,2024,UNNAMED,2024-09-11 18:00:00,26.2,78.2,25,994,TS,NOAA IBTrACS v04r01
2024255N24080,2024,UNNAMED,2024-09-11 21:00:00,26.5,78.1,,,TS,NOAA IBTrACS v04r01
2024255N24080,2024,UNNAMED,2024-09-12 00:00:00,26.7,78.3,25,994,TS,NOAA IBTrACS v04r01
2024255N24080,2024,UNNAMED,2024-09-12 03:00:00,27.0,78.5,25,994,TS,NOAA IBTrACS v04r01
2024255N24080,2024,UNNAMED,2024-09-12 06:00:00,27.3,78.7,25,994,TS,NOAA IBTrACS v04r01
2024255N24080,2024,UNNAMED,2024-09-12 09:00:00,27.4,78.9,,,TS,NOAA IBTrACS v04r01
2024255N24080,2024,UNNAMED,2024-09-12 12:00:00,27.5,79.1,20,995,TS,NOAA IBTrACS v04r01
2024255N24080,2024,UNNAMED,2024-09-12 15:00:00,27.6,79.3,,,TS,NOAA IBTrACS v04r01
2024255N24080,2024,UNNAMED,2024-09-12 18:00:00,27.7,79.5,20,995,TS,NOAA IBTrACS v04r01
2024255N24080,2024,UNNAMED,2024-09-12 21:00:00,27.9,79.5,,,TS,NOAA IBTrACS v04r01
2024255N24080,2024,UNNAMED,2024-09-13 00:00:00,28.2,79.3,20,995,TS,NOAA IBTrACS v04r01
2024258N22091,2024,UNNAMED,2024-09-13 12:00:00,22.0,90.8,20,993,TS,NOAA IBTrACS v04r01
2024258N22091,2024,UNNAMED,2024-09-13 15:00:00,22.2,90.6,,,TS,NOAA IBTrACS v04r01
2024258N22091,2024,UNNAMED,2024-09-13 18:00:00,22.3,90.4,25,992,TS,NOAA IBTrACS v04r01
2024258N22091,2024,UNNAMED,2024-09-13 21:00:00,22.4,90.1,,,TS,NOAA IBTrACS v04r01
2024258N22091,2024,UNNAMED,2024-09-14 00:00:00,22.5,89.6,30,990,TS,NOAA IBTrACS v04r01
2024258N22091,2024,UNNAMED,2024-09-14 03:00:00,22.7,88.8,30,990,TS,NOAA IBTrACS v04r01
2024258N22091,2024,UNNAMED,2024-09-14 06:00:00,22.4,88.3,30,990,TS,NOAA IBTrACS v04r01
2024258N22091,2024,UNNAMED,2024-09-14 09:00:00,22.3,88.3,,,TS,NOAA IBTrACS v04r01
2024258N22091,2024,UNNAMED,2024-09-14 12:00:00,22.4,88.5,30,989,TS,NOAA IBTrACS v04r01
2024258N22091,2024,UNNAMED,2024-09-14 15:00:00,22.5,88.6,,,TS,NOAA IBTrACS v04r01
2024258N22091,2024,UNNAMED,2024-09-14 18:00:00,22.6,88.5,30,989,TS,NOAA IBTrACS v04r01
2024258N22091,2024,UNNAMED,2024-09-14 21:00:00,22.6,88.3,,,TS,NOAA IBTrACS v04r01
2024258N22091,2024,UNNAMED,2024-09-15 00:00:00,22.6,88.0,30,989,TS,NOAA IBTrACS v04r01
2024258N22091,2024,UNNAMED,2024-09-15 03:00:00,22.6,87.8,30,990,TS,NOAA IBTrACS v04r01
2024258N22091,2024,UNNAMED,2024-09-15 06:00:00,22.7,87.6,30,990,TS,NOAA IBTrACS v04r01
2024258N22091,2024,UNNAMED,2024-09-15 09:00:00,22.8,87.5,,,TS,NOAA IBTrACS v04r01
2024258N22091,2024,UNNAMED,2024-09-15 12:00:00,22.8,87.4,30,990,TS,NOAA IBTrACS v04r01
2024258N22091,2024,UNNAMED,2024-09-15 15:00:00,22.8,87.3,,,TS,NOAA IBTrACS v04r01
2024258N22091,2024,UNNAMED,2024-09-15 18:00:00,22.9,87.2,30,990,TS,NOAA IBTrACS v04r01
2024258N22091,2024,UNNAMED,2024-09-15 21:00:00,22.9,87.1,,,TS,NOAA IBTrACS v04r01
2024258N22091,2024,UNNAMED,2024-09-16 00:00:00,23.0,87.0,30,990,TS,NOAA IBTrACS v04r01
2024258N22091,2024,UNNAMED,2024-09-16 03:00:00,23.1,86.7,30,990,TS,NOAA IBTrACS v04r01
2024258N22091,2024,UNNAMED,2024-09-16 06:00:00,23.2,86.4,30,990,TS,NOAA IBTrACS v04r01
2024258N22091,2024,UNNAMED,2024-09-16 09:00:00,23.3,85.8,,,TS,NOAA IBTrACS v04r01
2024258N22091,2024,UNNAMED,2024-09-16 12:00:00,23.3,85.2,30,990,TS,NOAA IBTrACS v04r01
2024258N22091,2024,UNNAMED,2024-09-16 15:00:00,23.3,84.8,,,TS,NOAA IBTrACS v04r01
2024258N22091,2024,UNNAMED,2024-09-16 18:00:00,23.4,84.6,30,991,TS,NOAA IBTrACS v04r01
2024258N22091,2024,UNNAMED,2024-09-16 21:00:00,23.5,84.4,,,TS,NOAA IBTrACS v04r01
2024258N22091,2024,UNNAMED,2024-09-17 00:00:00,23.6,84.2,25,992,TS,NOAA IBTrACS v04r01
2024258N22091,2024,UNNAMED,2024-09-17 03:00:00,23.7,83.7,25,993,TS,NOAA IBTrACS v04r01
2024258N22091,2024,UNNAMED,2024-09-17 06:00:00,23.7,82.7,20,995,TS,NOAA IBTrACS v04r01
2024258N22091,2024,UNNAMED,2024-09-17 09:00:00,23.8,81.9,,,TS,NOAA IBTrACS v04r01
2024258N22091,2024,UNNAMED,2024-09-17 12:00:00,24.0,81.3,20,995,TS,NOAA IBTrACS v04r01
2024258N22091,2024,UNNAMED,2024-09-17 15:00:00,24.1,80.8,,,TS,NOAA IBTrACS v04r01
2024258N22091,2024,UNNAMED,2024-09-17 18:00:00,24.2,80.3,20,995,TS,NOAA IBTrACS v04r01
2024288N16065,2024,UNNAMED,2024-10-13 12:00:00,15.6,65.0,20,1002,TS,NOAA IBTrACS v04r01
2024288N16065,2024,UNNAMED,2024-10-13 15:00:00,15.6,64.8,,,TS,NOAA IBTrACS v04r01
2024288N16065,2024,UNNAMED,2024-10-13 18:00:00,15.7,64.7,20,1002,TS,NOAA IBTrACS v04r01
2024288N16065,2024,UNNAMED,2024-10-13 21:00:00,15.8,64.6,,,TS,NOAA IBTrACS v04r01
2024288N16065,2024,UNNAMED,2024-10-14 00:00:00,15.8,64.5,20,1002,TS,NOAA IBTrACS v04r01
2024288N16065,2024,UNNAMED,2024-10-14 03:00:00,15.8,64.3,25,1001,TS,NOAA IBTrACS v04r01
2024288N16065,2024,UNNAMED,2024-10-14 06:00:00,16.0,64.0,25,1001,TS,NOAA IBTrACS v04r01
2024288N16065,2024,UNNAMED,2024-10-14 09:00:00,16.1,63.0,,,TS,NOAA IBTrACS v04r01
2024288N16065,2024,UNNAMED,2024-10-14 12:00:00,16.1,62.0,25,1001,TS,NOAA IBTrACS v04r01
2024288N16065,2024,UNNAMED,2024-10-14 15:00:00,16.1,61.6,,,TS,NOAA IBTrACS v04r01
2024288N16065,2024,UNNAMED,2024-10-14 18:00:00,16.1,61.5,25,1001,TS,NOAA IBTrACS v04r01
2024288N16065,2024,UNNAMED,2024-10-14 21:00:00,16.0,61.3,,,TS,NOAA IBTrACS v04r01
2024288N16065,2024,UNNAMED,2024-10-15 00:00:00,16.1,61.0,20,1002,TS,NOAA IBTrACS v04r01
2024288N16065,2024,UNNAMED,2024-10-15 03:00:00,16.8,60.5,20,1002,TS,NOAA IBTrACS v04r01
2024288N16065,2024,UNNAMED,2024-10-15 06:00:00,17.5,59.8,20,1002,TS,NOAA IBTrACS v04r01
2024288N16065,2024,UNNAMED,2024-10-15 09:00:00,18.0,59.2,,,TS,NOAA IBTrACS v04r01
2024288N16065,2024,UNNAMED,2024-10-15 12:00:00,18.3,58.8,20,1002,TS,NOAA IBTrACS v04r01
2024290N11084,2024,UNNAMED,2024-10-15 12:00:00,11.4,84.4,20,1002,TS,NOAA IBTrACS v04r01
2024290N11084,2024,UNNAMED,2024-10-15 15:00:00,11.6,84.2,,,TS,NOAA IBTrACS v04r01
2024290N11084,2024,UNNAMED,2024-10-15 18:00:00,11.8,84.0,20,1002,TS,NOAA IBTrACS v04r01
2024290N11084,2024,UNNAMED,2024-10-15 21:00:00,11.9,83.7,,,TS,NOAA IBTrACS v04r01
2024290N11084,2024,UNNAMED,2024-10-16 00:00:00,12.1,83.4,20,1002,TS,NOAA IBTrACS v04r01
2024290N11084,2024,UNNAMED,2024-10-16 03:00:00,12.3,83.0,25,1000,TS,NOAA IBTrACS v04r01
2024290N11084,2024,UNNAMED,2024-10-16 06:00:00,12.5,82.7,25,1000,TS,NOAA IBTrACS v04r01
2024290N11084,2024,UNNAMED,2024-10-16 09:00:00,12.7,82.3,,,TS,NOAA IBTrACS v04r01
2024290N11084,2024,UNNAMED,2024-10-16 12:00:00,12.9,81.9,25,1000,TS,NOAA IBTrACS v04r01
2024290N11084,2024,UNNAMED,2024-10-16 15:00:00,13.1,81.4,,,TS,NOAA IBTrACS v04r01
2024290N11084,2024,UNNAMED,2024-10-16 18:00:00,13.4,80.8,25,1000,TS,NOAA IBTrACS v04r01
2024295N15092,2024,DANA,2024-10-21 06:00:00,15.3,92.1,20,1004,DS,NOAA IBTrACS v04r01
2024295N15092,2024,DANA,2024-10-21 09:00:00,15.2,92.1,20,1003,DS,NOAA IBTrACS v04r01
2024295N15092,2024,DANA,2024-10-21 12:00:00,15.2,92.1,20,1002,DS,NOAA IBTrACS v04r01
2024295N15092,2024,DANA,2024-10-21 15:00:00,15.2,92.1,20,1001,DS,NOAA IBTrACS v04r01
2024295N15092,2024,DANA,2024-10-21 18:00:00,15.2,92.0,20,999,DS,NOAA IBTrACS v04r01
2024295N15092,2024,DANA,2024-10-21 21:00:00,15.1,92.0,20,999,DS,NOAA IBTrACS v04r01
2024295N15092,2024,DANA,2024-10-22 00:00:00,15.2,91.9,20,1003,MX,NOAA IBTrACS v04r01
2024295N15092,2024,DANA,2024-10-22 03:00:00,15.2,91.8,20,1002,MX,NOAA IBTrACS v04r01
2024295N15092,2024,DANA,2024-10-22 06:00:00,15.3,91.6,25,1000,TS,NOAA IBTrACS v04r01
2024295N15092,2024,DANA,2024-10-22 09:00:00,15.3,91.5,25,997,TS,NOAA IBTrACS v04r01
2024295N15092,2024,DANA,2024-10-22 12:00:00,15.4,91.4,30,999,TS,NOAA IBTrACS v04r01
2024295N15092,2024,DANA,2024-10-22 15:00:00,15.5,91.1,28,996,TS,NOAA IBTrACS v04r01
2024295N15092,2024,DANA,2024-10-22 18:00:00,15.6,90.7,30,998,TS,NOAA IBTrACS v04r01
2024295N15092,2024,DANA,2024-10-22 21:00:00,15.8,90.3,33,995,TS,NOAA IBTrACS v04r01
2024295N15092,2024,DANA,2024-10-23 00:00:00,16.1,89.9,35,997,TS,NOAA IBTrACS v04r01
2024295N15092,2024,DANA,2024-10-23 03:00:00,16.4,89.6,35,996,TS,NOAA IBTrACS v04r01
2024295N15092,2024,DANA,2024-10-23 06:00:00,16.7,89.3,40,995,TS,NOAA IBTrACS v04r01
2024295N15092,2024,DANA,2024-10-23 09:00:00,16.9,89.1,45,994,TS,NOAA IBTrACS v04r01
2024295N15092,2024,DANA,2024-10-23 12:00:00,17.3,89.0,45,992,TS,NOAA IBTrACS v04r01
2024295N15092,2024,DANA,2024-10-23 15:00:00,17.6,88.8,45,992,TS,NOAA IBTrACS v04r01
2024295N15092,2024,DANA,2024-10-23 18:00:00,18.0,88.7,50,990,TS,NOAA IBTrACS v04r01
2024295N15092,2024,DANA,2024-10-23 21:00:00,18.3,88.4,50,990,TS,NOAA IBTrACS v04r01
2024295N15092,2024,DANA,2024-10-24 00:00:00,18.7,88.2,55,988,TS,NOAA IBTrACS v04r01
2024295N15092,2024,DANA,2024-10-24 03:00:00,19.0,88.0,55,988,TS,NOAA IBTrACS v04r01
2024295N15092,2024,DANA,2024-10-24 06:00:00,19.3,87.8,55,988,TS,NOAA IBTrACS v04r01
2024295N15092,2024,DANA,2024-10-24 09:00:00,19.5,87.6,60,986,TS,NOAA IBTrACS v04r01
2024295N15092,2024,DANA,2024-10-24 12:00:00,19.8,87.5,60,986,TS,NOAA IBTrACS v04r01
2024295N15092,2024,DANA,2024-10-24 15:00:00,20.1,87.3,60,986,TS,NOAA IBTrACS v04r01
2024295N15092,2024,DANA,2024-10-24 18:00:00,20.5,87.1,55,988,TS,NOAA IBTrACS v04r01
2024295N15092,2024,DANA,2024-10-24 21:00:00,20.7,87.0,55,988,TS,NOAA IBTrACS v04r01
2024295N15092,2024,DANA,2024-10-25 00:00:00,20.9,86.9,50,990,TS,NOAA IBTrACS v04r01
2024295N15092,2024,DANA,2024-10-25 03:00:00,21.1,86.8,45,994,TS,NOAA IBTrACS v04r01
2024295N15092,2024,DANA,2024-10-25 06:00:00,21.2,86.7,35,997,TS,NOAA IBTrACS v04r01
2024295N15092,2024,DANA,2024-10-25 09:00:00,21.3,86.6,30,998,TS,NOAA IBTrACS v04r01
2024295N15092,2024,DANA,2024-10-25 12:00:00,21.3,86.5,30,999,TS,NOAA IBTrACS v04r01
2024295N15092,2024,DANA,2024-10-25 15:00:00,21.3,86.4,35,997,TS,NOAA IBTrACS v04r01
2024295N15092,2024,DANA,2024-10-25 18:00:00,21.3,86.4,25,1000,TS,NOAA IBTrACS v04r01
2024295N15092,2024,DANA,2024-10-25 21:00:00,21.2,86.5,25,999,TS,NOAA IBTrACS v04r01
2024295N15092,2024,DANA,2024-10-26 00:00:00,21.2,86.4,20,1000,DS,NOAA IBTrACS v04r01
2024329N04089,2024,FENGAL,2024-11-23 18:00:00,3.6,88.9,25,998,TS,NOAA IBTrACS v04r01
2024329N04089,2024,FENGAL,2024-11-23 21:00:00,3.7,88.3,23,999,TS,NOAA IBTrACS v04r01
2024329N04089,2024,FENGAL,2024-11-24 00:00:00,3.7,87.8,20,999,DS,NOAA IBTrACS v04r01
2024329N04089,2024,FENGAL,2024-11-24 03:00:00,3.7,87.3,20,999,DS,NOAA IBTrACS v04r01
2024329N04089,2024,FENGAL,2024-11-24 06:00:00,3.8,86.8,20,999,DS,NOAA IBTrACS v04r01
2024329N04089,2024,FENGAL,2024-11-24 09:00:00,3.9,86.2,20,999,DS,NOAA IBTrACS v04r01
2024329N04089,2024,FENGAL,2024-11-24 12:00:00,4.0,85.6,20,999,DS,NOAA IBTrACS v04r01
2024329N04089,2024,FENGAL,2024-11-24 15:00:00,4.1,85.1,23,998,DS,NOAA IBTrACS v04r01
2024329N04089,2024,FENGAL,2024-11-24 18:00:00,4.2,84.7,25,997,TS,NOAA IBTrACS v04r01
2024329N04089,2024,FENGAL,2024-11-24 21:00:00,4.3,84.3,28,997,TS,NOAA IBTrACS v04r01
2024329N04089,2024,FENGAL,2024-11-25 00:00:00,4.3,83.9,30,997,TS,NOAA IBTrACS v04r01
2024329N04089,2024,FENGAL,2024-11-25 03:00:00,4.4,83.9,20,1003,TS,NOAA IBTrACS v04r01
2024329N04089,2024,FENGAL,2024-11-25 06:00:00,4.6,83.6,20,1003,TS,NOAA IBTrACS v04r01
2024329N04089,2024,FENGAL,2024-11-25 09:00:00,4.9,83.4,28,997,TS,NOAA IBTrACS v04r01
2024329N04089,2024,FENGAL,2024-11-25 12:00:00,5.2,83.3,25,1002,TS,NOAA IBTrACS v04r01
2024329N04089,2024,FENGAL,2024-11-25 15:00:00,5.4,83.1,28,996,TS,NOAA IBTrACS v04r01
2024329N04089,2024,FENGAL,2024-11-25 18:00:00,5.6,83.1,25,1002,TS,NOAA IBTrACS v04r01
2024329N04089,2024,FENGAL,2024-11-25 21:00:00,5.8,83.1,30,996,TS,NOAA IBTrACS v04r01
2024329N04089,2024,FENGAL,2024-11-26 00:00:00,6.1,83.1,25,1002,TS,NOAA IBTrACS v04r01
2024329N04089,2024,FENGAL,2024-11-26 03:00:00,6.4,82.9,30,1001,TS,NOAA IBTrACS v04r01
2024329N04089,2024,FENGAL,2024-11-26 06:00:00,6.8,82.9,30,1001,TS,NOAA IBTrACS v04r01
2024329N04089,2024,FENGAL,2024-11-26 09:00:00,7.1,82.8,30,996,TS,NOAA IBTrACS v04r01
2024329N04089,2024,FENGAL,2024-11-26 12:00:00,7.3,82.8,30,1001,TS,NOAA IBTrACS v04r01
2024329N04089,2024,FENGAL,2024-11-26 15:00:00,7.5,82.7,30,996,TS,NOAA IBTrACS v04r01
2024329N04089,2024,FENGAL,2024-11-26 18:00:00,7.8,82.6,30,1001,TS,NOAA IBTrACS v04r01
2024329N04089,2024,FENGAL,2024-11-26 21:00:00,8.1,82.5,30,996,TS,NOAA IBTrACS v04r01
2024329N04089,2024,FENGAL,2024-11-27 00:00:00,8.3,82.4,30,1001,TS,NOAA IBTrACS v04r01
2024329N04089,2024,FENGAL,2024-11-27 03:00:00,8.5,82.3,30,1001,TS,NOAA IBTrACS v04r01
2024329N04089,2024,FENGAL,2024-11-27 06:00:00,8.7,82.3,30,1001,TS,NOAA IBTrACS v04r01
2024329N04089,2024,FENGAL,2024-11-27 09:00:00,8.8,82.2,30,996,TS,NOAA IBTrACS v04r01
2024329N04089,2024,FENGAL,2024-11-27 12:00:00,8.8,82.3,30,1000,TS,NOAA IBTrACS v04r01
2024329N04089,2024,FENGAL,2024-11-27 15:00:00,8.9,82.5,30,996,TS,NOAA IBTrACS v04r01
2024329N04089,2024,FENGAL,2024-11-27 18:00:00,9.0,82.7,30,1000,TS,NOAA IBTrACS v04r01
2024329N04089,2024,FENGAL,2024-11-27 21:00:00,9.1,82.7,30,996,TS,NOAA IBTrACS v04r01
2024329N04089,2024,FENGAL,2024-11-28 00:00:00,9.2,82.8,30,1000,TS,NOAA IBTrACS v04r01
2024329N04089,2024,FENGAL,2024-11-28 03:00:00,9.2,83.0,30,1000,TS,NOAA IBTrACS v04r01
2024329N04089,2024,FENGAL,2024-11-28 06:00:00,9.3,83.2,30,1000,TS,NOAA IBTrACS v04r01
2024329N04089,2024,FENGAL,2024-11-28 09:00:00,9.4,83.3,30,996,TS,NOAA IBTrACS v04r01
2024329N04089,2024,FENGAL,2024-11-28 12:00:00,9.6,83.4,30,1000,TS,NOAA IBTrACS v04r01
2024329N04089,2024,FENGAL,2024-11-28 15:00:00,9.9,83.5,30,996,TS,NOAA IBTrACS v04r01
2024329N04089,2024,FENGAL,2024-11-28 18:00:00,10.2,83.5,30,1000,TS,NOAA IBTrACS v04r01
2024329N04089,2024,FENGAL,2024-11-28 21:00:00,10.5,83.2,30,996,TS,NOAA IBTrACS v04r01
2024329N04089,2024,FENGAL,2024-11-29 00:00:00,10.7,82.9,30,1000,TS,NOAA IBTrACS v04r01
2024329N04089,2024,FENGAL,2024-11-29 03:00:00,10.9,82.7,30,1000,TS,NOAA IBTrACS v04r01
2024329N04089,2024,FENGAL,2024-11-29 06:00:00,11.2,82.6,30,1000,TS,NOAA IBTrACS v04r01
2024329N04089,2024,FENGAL,2024-11-29 09:00:00,11.4,82.3,35,999,TS,NOAA IBTrACS v04r01
2024329N04089,2024,FENGAL,2024-11-29 12:00:00,11.7,82.1,35,999,TS,NOAA IBTrACS v04r01
2024329N04089,2024,FENGAL,2024-11-29 15:00:00,11.9,81.8,35,999,TS,NOAA IBTrACS v04r01
2024329N04089,2024,FENGAL,2024-11-29 18:00:00,12.1,81.8,35,999,TS,NOAA IBTrACS v04r01
2024329N04089,2024,FENGAL,2024-11-29 21:00:00,12.2,81.6,40,996,TS,NOAA IBTrACS v04r01
2024329N04089,2024,FENGAL,2024-11-30 00:00:00,12.4,81.3,45,996,TS,NOAA IBTrACS v04r01
2024329N04089,2024,FENGAL,2024-11-30 03:00:00,12.4,81.0,45,996,TS,NOAA IBTrACS v04r01
2024329N04089,2024,FENGAL,2024-11-30 06:00:00,12.3,80.9,45,996,TS,NOAA IBTrACS v04r01
2024329N04089,2024,FENGAL,2024-11-30 09:00:00,12.3,80.7,45,996,TS,NOAA IBTrACS v04r01
2024329N04089,2024,FENGAL,2024-11-30 12:00:00,12.3,80.5,40,998,TS,NOAA IBTrACS v04r01
2024329N04089,2024,FENGAL,2024-11-30 15:00:00,12.2,80.3,40,998,TS,NOAA IBTrACS v04r01
2024329N04089,2024,FENGAL,2024-11-30 18:00:00,12.1,80.1,40,998,TS,NOAA IBTrACS v04r01
2024329N04089,2024,FENGAL,2024-11-30 21:00:00,12.1,80.0,35,999,TS,NOAA IBTrACS v04r01
2024329N04089,2024,FENGAL,2024-12-01 00:00:00,12.1,79.9,35,999,TS,NOAA IBTrACS v04r01
2024329N04089,2024,FENGAL,2024-12-01 03:00:00,12.0,79.8,35,999,TS,NOAA IBTrACS v04r01
2024329N04089,2024,FENGAL,2024-12-01 06:00:00,12.1,79.8,30,1000,TS,NOAA IBTrACS v04r01
2024329N04089,2024,FENGAL,2024-12-01 09:00:00,12.1,79.7,33,997,TS,NOAA IBTrACS v04r01
2024329N04089,2024,FENGAL,2024-12-01 12:00:00,12.1,79.5,25,1001,TS,NOAA IBTrACS v04r01
2024329N04089,2024,FENGAL,2024-12-01 15:00:00,12.1,79.4,28,999,TS,NOAA IBTrACS v04r01
2024329N04089,2024,FENGAL,2024-12-01 18:00:00,12.2,79.3,25,1002,TS,NOAA IBTrACS v04r01
2024329N04089,2024,FENGAL,2024-12-01 21:00:00,12.1,79.2,23,1000,TS,NOAA IBTrACS v04r01
2024329N04089,2024,FENGAL,2024-12-02 00:00:00,12.1,79.1,20,1000,DS,NOAA IBTrACS v04r01
2024329N04089,2024,FENGAL,2024-12-02 03:00:00,12.1,78.9,20,1000,DS,NOAA IBTrACS v04r01
2024329N04089,2024,FENGAL,2024-12-02 06:00:00,12.2,78.6,20,1000,DS,NOAA IBTrACS v04r01
2024329N04089,2024,FENGAL,2024-12-02 09:00:00,12.3,78.3,20,1000,DS,NOAA IBTrACS v04r01
2024329N04089,2024,FENGAL,2024-12-02 12:00:00,12.5,77.9,20,1000,DS,NOAA IBTrACS v04r01
2024329N04089,2024,FENGAL,2024-12-02 15:00:00,12.7,77.5,18,1002,DS,NOAA IBTrACS v04r01
2024329N04089,2024,FENGAL,2024-12-02 18:00:00,12.9,76.9,15,1003,DS,NOAA IBTrACS v04r01
2024329N04089,2024,FENGAL,2024-12-02 21:00:00,13.0,76.3,15,1003,DS,NOAA IBTrACS v04r01
2024329N04089,2024,FENGAL,2024-12-03 00:00:00,13.1,75.5,15,1003,DS,NOAA IBTrACS v04r01
2024329N04089,2024,FENGAL,2024-12-03 03:00:00,13.2,74.6,18,1002,DS,NOAA IBTrACS v04r01
2024329N04089,2024,FENGAL,2024-12-03 06:00:00,13.3,73.7,20,1001,DS,NOAA IBTrACS v04r01
2024329N04089,2024,FENGAL,2024-12-03 09:00:00,13.5,72.7,20,1001,DS,NOAA IBTrACS v04r01
2024329N04089,2024,FENGAL,2024-12-03 12:00:00,13.5,71.8,20,1001,DS,NOAA IBTrACS v04r01
2024329N04089,2024,FENGAL,2024-12-03 15:00:00,13.2,71.4,20,1001,DS,NOAA IBTrACS v04r01
2024329N04089,2024,FENGAL,2024-12-03 18:00:00,12.8,71.2,20,1001,DS,NOAA IBTrACS v04r01
2024329N04089,2024,FENGAL,2024-12-03 21:00:00,12.5,71.0,20,1001,DS,NOAA IBTrACS v04r01
2024329N04089,2024,FENGAL,2024-12-04 00:00:00,12.3,70.9,20,1001,DS,NOAA IBTrACS v04r01
2024329N04089,2024,FENGAL,2024-12-04 03:00:00,12.2,70.7,20,1001,DS,NOAA IBTrACS v04r01
2024329N04089,2024,FENGAL,2024-12-04 06:00:00,12.0,70.4,20,1001,DS,NOAA IBTrACS v04r01
2024329N04089,2024,FENGAL,2024-12-04 09:00:00,11.7,70.1,18,1003,DS,NOAA IBTrACS v04r01
2024329N04089,2024,FENGAL,2024-12-04 12:00:00,11.2,69.9,15,1004,DS,NOAA IBTrACS v04r01
2024356N14084,2024,UNNAMED,2024-12-20 12:00:00,13.7,83.5,20,1003,TS,NOAA IBTrACS v04r01
2024356N14084,2024,UNNAMED,2024-12-20 15:00:00,13.8,83.6,,,TS,NOAA IBTrACS v04r01
2024356N14084,2024,UNNAMED,2024-12-20 18:00:00,13.9,83.7,25,1003,TS,NOAA IBTrACS v04r01
2024356N14084,2024,UNNAMED,2024-12-20 21:00:00,13.9,83.9,,,TS,NOAA IBTrACS v04r01
2024356N14084,2024,UNNAMED,2024-12-21 00:00:00,13.9,84.2,25,1002,TS,NOAA IBTrACS v04r01
2024356N14084,2024,UNNAMED,2024-12-21 03:00:00,14.0,84.5,25,1002,TS,NOAA IBTrACS v04r01
2024356N14084,2024,UNNAMED,2024-12-21 06:00:00,14.1,84.6,20,1003,TS,NOAA IBTrACS v04r01
2025144N17073,2025,UNNAMED,2025-05-24 00:00:00,17.0,73.0,25,998,TS,NOAA IBTrACS v04r01
2025144N17073,2025,UNNAMED,2025-05-24 03:00:00,17.0,73.2,25,998,TS,NOAA IBTrACS v04r01
2025144N17073,2025,UNNAMED,2025-05-24 06:00:00,17.0,73.3,25,998,TS,NOAA IBTrACS v04r01
2025144N17073,2025,UNNAMED,2025-05-24 09:00:00,17.1,73.7,,,TS,NOAA IBTrACS v04r01
2025144N17073,2025,UNNAMED,2025-05-24 12:00:00,17.2,74.3,25,998,TS,NOAA IBTrACS v04r01
2025144N17073,2025,UNNAMED,2025-05-24 15:00:00,17.3,74.8,,,TS,NOAA IBTrACS v04r01
2025144N17073,2025,UNNAMED,2025-05-24 18:00:00,17.4,75.3,25,998,TS,NOAA IBTrACS v04r01
2025149N21088,2025,UNNAMED,2025-05-29 00:00:00,20.8,88.3,25,988,TS,NOAA IBTrACS v04r01
2025149N21088,2025,UNNAMED,2025-05-29 03:00:00,21.3,88.3,30,986,TS,NOAA IBTrACS v04r01
2025149N21088,2025,UNNAMED,2025-05-29 06:00:00,22.0,88.4,30,986,TS,NOAA IBTrACS v04r01
2025149N21088,2025,UNNAMED,2025-05-29 09:00:00,22.2,88.5,,,TS,NOAA IBTrACS v04r01
2025149N21088,2025,UNNAMED,2025-05-29 12:00:00,22.2,88.6,30,987,TS,NOAA IBTrACS v04r01
2025149N21088,2025,UNNAMED,2025-05-29 15:00:00,22.5,88.9,,,TS,NOAA IBTrACS v04r01
2025149N21088,2025,UNNAMED,2025-05-29 18:00:00,23.0,89.2,30,988,TS,NOAA IBTrACS v04r01
2025149N21088,2025,UNNAMED,2025-05-29 21:00:00,23.6,89.3,,,TS,NOAA IBTrACS v04r01
2025149N21088,2025,UNNAMED,2025-05-30 00:00:00,24.1,89.4,25,990,TS,NOAA IBTrACS v04r01
2025149N21088,2025,UNNAMED,2025-05-30 03:00:00,24.3,89.6,20,992,TS,NOAA IBTrACS v04r01
2025149N21088,2025,UNNAMED,2025-05-30 06:00:00,25.1,90.2,20,992,TS,NOAA IBTrACS v04r01
2025195N23089,2025,UNNAMED,2025-07-14 06:00:00,23.0,88.8,20,996,TS,NOAA IBTrACS v04r01
2025195N23089,2025,UNNAMED,2025-07-14 09:00:00,23.2,88.6,,,TS,NOAA IBTrACS v04r01
2025195N23089,2025,UNNAMED,2025-07-14 12:00:00,23.3,88.4,20,996,TS,NOAA IBTrACS v04r01
2025195N23089,2025,UNNAMED,2025-07-14 15:00:00,23.4,88.3,,,TS,NOAA IBTrACS v04r01
2025195N23089,2025,UNNAMED,2025-07-14 18:00:00,23.5,88.0,20,996,TS,NOAA IBTrACS v04r01
2025195N23089,2025,UNNAMED,2025-07-14 21:00:00,23.7,87.4,,,TS,NOAA IBTrACS v04r01
2025195N23089,2025,UNNAMED,2025-07-15 00:00:00,24.0,86.7,20,996,TS,NOAA IBTrACS v04r01
2025196N27075,2025,UNNAMED,2025-07-15 03:00:00,27.4,75.4,20,993,TS,NOAA IBTrACS v04r01
2025196N27075,2025,UNNAMED,2025-07-15 06:00:00,27.7,75.0,20,993,TS,NOAA IBTrACS v04r01
2025196N27075,2025,UNNAMED,2025-07-15 09:00:00,28.4,74.3,,,TS,NOAA IBTrACS v04r01
2025196N27075,2025,UNNAMED,2025-07-15 12:00:00,29.0,73.7,20,994,TS,NOAA IBTrACS v04r01
2025196N27075,2025,UNNAMED,2025-07-15 15:00:00,29.2,73.5,,,TS,NOAA IBTrACS v04r01
2025196N27075,2025,UNNAMED,2025-07-15 18:00:00,29.2,73.5,20,995,TS,NOAA IBTrACS v04r01
2025198N25082,2025,UNNAMED,2025-07-17 00:00:00,25.2,81.8,25,993,TS,NOAA IBTrACS v04r01
2025198N25082,2025,UNNAMED,2025-07-17 03:00:00,25.2,81.5,25,993,TS,NOAA IBTrACS v04r01
2025198N25082,2025,UNNAMED,2025-07-17 06:00:00,25.3,81.2,25,993,TS,NOAA IBTrACS v04r01
2025198N25082,2025,UNNAMED,2025-07-17 09:00:00,25.4,80.8,,,TS,NOAA IBTrACS v04r01
2025198N25082,2025,UNNAMED,2025-07-17 12:00:00,25.6,80.3,25,993,TS,NOAA IBTrACS v04r01
2025198N25082,2025,UNNAMED,2025-07-17 15:00:00,25.7,80.0,,,TS,NOAA IBTrACS v04r01
2025198N25082,2025,UNNAMED,2025-07-17 18:00:00,25.8,79.8,25,993,TS,NOAA IBTrACS v04r01
2025198N25082,2025,UNNAMED,2025-07-17 21:00:00,26.1,79.4,,,TS,NOAA IBTrACS v04r01
2025198N25082,2025,UNNAMED,2025-07-18 00:00:00,26.3,79.0,25,993,TS,NOAA IBTrACS v04r01
2025198N25082,2025,UNNAMED,2025-07-18 03:00:00,26.4,78.5,25,993,TS,NOAA IBTrACS v04r01
2025198N25082,2025,UNNAMED,2025-07-18 06:00:00,26.4,78.0,25,993,TS,NOAA IBTrACS v04r01
2025198N25082,2025,UNNAMED,2025-07-18 09:00:00,26.7,77.6,,,TS,NOAA IBTrACS v04r01
2025198N25082,2025,UNNAMED,2025-07-18 12:00:00,27.0,77.2,25,993,TS,NOAA IBTrACS v04r01
2025198N25082,2025,UNNAMED,2025-07-18 15:00:00,27.1,76.9,,,TS,NOAA IBTrACS v04r01
2025198N25082,2025,UNNAMED,2025-07-18 18:00:00,27.2,76.5,25,993,TS,NOAA IBTrACS v04r01
2025198N25082,2025,UNNAMED,2025-07-18 21:00:00,27.3,75.8,,,TS,NOAA IBTrACS v04r01
2025198N25082,2025,UNNAMED,2025-07-19 00:00:00,27.4,75.1,25,993,TS,NOAA IBTrACS v04r01
2025198N25082,2025,UNNAMED,2025-07-19 03:00:00,27.5,74.6,20,993,TS,NOAA IBTrACS v04r01
2025198N25082,2025,UNNAMED,2025-07-19 06:00:00,27.5,74.2,20,993,TS,NOAA IBTrACS v04r01
2025198N25082,2025,UNNAMED,2025-07-19 09:00:00,27.5,73.9,,,TS,NOAA IBTrACS v04r01
2025198N25082,2025,UNNAMED,2025-07-19 12:00:00,27.5,73.7,20,993,TS,NOAA IBTrACS v04r01
2025198N25082,2025,UNNAMED,2025-07-19 15:00:00,27.5,73.4,,,TS,NOAA IBTrACS v04r01
2025198N25082,2025,UNNAMED,2025-07-19 18:00:00,27.5,73.0,20,993,TS,NOAA IBTrACS v04r01
2025206N21090,2025,UNNAMED,2025-07-25 00:00:00,21.4,89.5,25,988,TS,NOAA IBTrACS v04r01
2025206N21090,2025,UNNAMED,2025-07-25 03:00:00,21.7,88.8,25,988,TS,NOAA IBTrACS v04r01
2025206N21090,2025,UNNAMED,2025-07-25 06:00:00,22.0,88.4,25,988,TS,NOAA IBTrACS v04r01
2025206N21090,2025,UNNAMED,2025-07-25 09:00:00,22.3,87.9,,,TS,NOAA IBTrACS v04r01
2025206N21090,2025,UNNAMED,2025-07-25 12:00:00,22.6,87.4,25,988,TS,NOAA IBTrACS v04r01
2025206N21090,2025,UNNAMED,2025-07-25 15:00:00,22.8,87.0,,,TS,NOAA IBTrACS v04r01
2025206N21090,2025,UNNAMED,2025-07-25 18:00:00,23.0,86.6,25,988,TS,NOAA IBTrACS v04r01
2025206N21090,2025,UNNAMED,2025-07-25 21:00:00,23.2,85.9,,,TS,NOAA IBTrACS v04r01
2025206N21090,2025,UNNAMED,2025-07-26 00:00:00,23.3,85.0,25,988,TS,NOAA IBTrACS v04r01
2025206N21090,2025,UNNAMED,2025-07-26 03:00:00,23.3,84.0,20,990,TS,NOAA IBTrACS v04r01
2025206N21090,2025,UNNAMED,2025-07-26 06:00:00,23.3,82.3,20,990,TS,NOAA IBTrACS v04r01
2025206N21090,2025,UNNAMED,2025-07-26 09:00:00,23.3,81.7,,,TS,NOAA IBTrACS v04r01
2025206N21090,2025,UNNAMED,2025-07-26 12:00:00,23.3,81.7,20,990,TS,NOAA IBTrACS v04r01
2025206N21090,2025,UNNAMED,2025-07-26 15:00:00,23.3,81.5,,,TS,NOAA IBTrACS v04r01
2025206N21090,2025,UNNAMED,2025-07-26 18:00:00,23.3,81.0,20,992,TS,NOAA IBTrACS v04r01
2025231N19085,2025,UNNAMED,2025-08-18 12:00:00,18.9,85.0,20,996,TS,NOAA IBTrACS v04r01
2025231N19085,2025,UNNAMED,2025-08-18 15:00:00,19.0,84.9,,,TS,NOAA IBTrACS v04r01
2025231N19085,2025,UNNAMED,2025-08-18 18:00:00,19.0,84.9,20,996,TS,NOAA IBTrACS v04r01
2025231N19085,2025,UNNAMED,2025-08-18 21:00:00,19.1,85.0,,,TS,NOAA IBTrACS v04r01
2025231N19085,2025,UNNAMED,2025-08-19 00:00:00,19.3,84.8,20,996,TS,NOAA IBTrACS v04r01
2025231N19085,2025,UNNAMED,2025-08-19 03:00:00,19.8,84.0,20,996,TS,NOAA IBTrACS v04r01
2025231N19085,2025,UNNAMED,2025-08-19 06:00:00,20.0,83.3,20,996,TS,NOAA IBTrACS v04r01
2025233N15126,2025,KAJIKI,2025-08-21 06:00:00,15.4,126.4,,1006,TS,NOAA IBTrACS v04r01
2025233N15126,2025,KAJIKI,2025-08-21 09:00:00,15.3,125.5,,1007,TS,NOAA IBTrACS v04r01
2025233N15126,2025,KAJIKI,2025-08-21 12:00:00,15.4,124.6,,1008,TS,NOAA IBTrACS v04r01
2025233N15126,2025,KAJIKI,2025-08-21 15:00:00,15.5,123.9,,1007,TS,NOAA IBTrACS v04r01
2025233N15126,2025,KAJIKI,2025-08-21 18:00:00,15.7,123.3,,1006,TS,NOAA IBTrACS v04r01
2025233N15126,2025,KAJIKI,2025-08-21 21:00:00,15.9,122.9,,1006,TS,NOAA IBTrACS v04r01
2025233N15126,2025,KAJIKI,2025-08-22 00:00:00,16.1,122.5,,1006,TS,NOAA IBTrACS v04r01
2025233N15126,2025,KAJIKI,2025-08-22 03:00:00,16.4,122.2,,1005,TS,NOAA IBTrACS v04r01
2025233N15126,2025,KAJIKI,2025-08-22 06:00:00,16.7,121.7,,1004,TS,NOAA IBTrACS v04r01
2025233N15126,2025,KAJIKI,2025-08-22 09:00:00,17.0,120.7,,1003,TS,NOAA IBTrACS v04r01
2025233N15126,2025,KAJIKI,2025-08-22 12:00:00,17.2,119.6,,1002,TS,NOAA IBTrACS v04r01
2025233N15126,2025,KAJIKI,2025-08-22 15:00:00,17.2,118.8,,1000,TS,NOAA IBTrACS v04r01
2025233N15126,2025,KAJIKI,2025-08-22 18:00:00,17.2,117.9,35,998,TS,NOAA IBTrACS v04r01
2025233N15126,2025,KAJIKI,2025-08-22 21:00:00,17.3,117.2,34,1001,TS,NOAA IBTrACS v04r01
2025233N15126,2025,KAJIKI,2025-08-23 00:00:00,17.4,116.6,40,994,TS,NOAA IBTrACS v04r01
2025233N15126,2025,KAJIKI,2025-08-23 03:00:00,17.5,115.7,45,998,TS,NOAA IBTrACS v04r01
2025233N15126,2025,KAJIKI,2025-08-23 06:00:00,17.6,114.9,45,990,TS,NOAA IBTrACS v04r01
2025233N15126,2025,KAJIKI,2025-08-23 09:00:00,17.7,114.1,53,994,TS,NOAA IBTrACS v04r01
2025233N15126,2025,KAJIKI,2025-08-23 12:00:00,17.7,113.5,55,980,TS,NOAA IBTrACS v04r01
2025233N15126,2025,KAJIKI,2025-08-23 15:00:00,17.5,112.8,57,991,TS,NOAA IBTrACS v04r01
2025233N15126,2025,KAJIKI,2025-08-23 18:00:00,17.3,112.2,65,970,TS,NOAA IBTrACS v04r01
2025233N15126,2025,KAJIKI,2025-08-23 21:00:00,17.2,111.7,62,987,TS,NOAA IBTrACS v04r01
2025233N15126,2025,KAJIKI,2025-08-24 00:00:00,17.2,111.2,70,965,TS,NOAA IBTrACS v04r01
2025233N15126,2025,KAJIKI,2025-08-24 03:00:00,17.3,110.7,77,976,TS,NOAA IBTrACS v04r01
2025233N15126,2025,KAJIKI,2025-08-24 06:00:00,17.4,110.3,80,950,TS,NOAA IBTrACS v04r01
2025233N15126,2025,KAJIKI,2025-08-24 09:00:00,17.7,109.8,91,966,TS,NOAA IBTrACS v04r01
2025233N15126,2025,KAJIKI,2025-08-24 12:00:00,17.9,109.3,80,950,TS,NOAA IBTrACS v04r01
2025233N15126,2025,KAJIKI,2025-08-24 15:00:00,18.0,108.8,91,966,TS,NOAA IBTrACS v04r01
2025233N15126,2025,KAJIKI,2025-08-24 18:00:00,18.1,108.3,80,950,TS,NOAA IBTrACS v04r01
2025233N15126,2025,KAJIKI,2025-08-24 21:00:00,18.2,107.8,89,967,TS,NOAA IBTrACS v04r01
2025233N15126,2025,KAJIKI,2025-08-25 00:00:00,18.3,107.2,80,950,TS,NOAA IBTrACS v04r01
2025233N15126,2025,KAJIKI,2025-08-25 03:00:00,18.4,106.7,89,967,TS,NOAA IBTrACS v04r01
2025233N15126,2025,KAJIKI,2025-08-25 06:00:00,18.5,106.2,70,970,TS,NOAA IBTrACS v04r01
2025233N15126,2025,KAJIKI,2025-08-25 09:00:00,18.5,106.0,85,971,TS,NOAA IBTrACS v04r01
2025233N15126,2025,KAJIKI,2025-08-25 12:00:00,18.5,105.7,60,980,TS,NOAA IBTrACS v04r01
2025233N15126,2025,KAJIKI,2025-08-25 15:00:00,18.6,105.4,53,986,TS,NOAA IBTrACS v04r01
2025233N15126,2025,KAJIKI,2025-08-25 18:00:00,18.7,104.9,45,992,TS,NOAA IBTrACS v04r01
2025233N15126,2025,KAJIKI,2025-08-25 21:00:00,18.8,104.1,40,995,TS,NOAA IBTrACS v04r01
2025233N15126,2025,KAJIKI,2025-08-26 00:00:00,18.9,103.3,35,998,TS,NOAA IBTrACS v04r01
2025233N15126,2025,KAJIKI,2025-08-26 03:00:00,18.9,102.7,,999,TS,NOAA IBTrACS v04r01
2025233N15126,2025,KAJIKI,2025-08-26 06:00:00,19.1,102.2,,1000,TS,NOAA IBTrACS v04r01
2025233N15126,2025,KAJIKI,2025-08-26 09:00:00,19.4,101.7,,1000,TS,NOAA IBTrACS v04r01
2025233N15126,2025,KAJIKI,2025-08-26 12:00:00,19.6,101.2,,1000,TS,NOAA IBTrACS v04r01
2025233N15126,2025,KAJIKI,2025-08-26 15:00:00,19.7,100.6,,1002,TS,NOAA IBTrACS v04r01
2025233N15126,2025,KAJIKI,2025-08-26 18:00:00,19.7,100.2,,1004,MX,NOAA IBTrACS v04r01
2025233N15126,2025,KAJIKI,2025-08-26 21:00:00,19.8,99.8,,,DS,NOAA IBTrACS v04r01
2025233N15126,2025,KAJIKI,2025-08-27 00:00:00,20.1,99.6,,,DS,NOAA IBTrACS v04r01
2025250N25073,2025,UNNAMED,2025-09-06 18:00:00,25.0,72.5,25,998,TS,NOAA IBTrACS v04r01
2025250N25073,2025,UNNAMED,2025-09-06 21:00:00,24.6,72.4,,,TS,NOAA IBTrACS v04r01
2025250N25073,2025,UNNAMED,2025-09-07 00:00:00,24.3,72.2,25,998,TS,NOAA IBTrACS v04r01
2025250N25073,2025,UNNAMED,2025-09-07 03:00:00,24.2,71.8,25,998,TS,NOAA IBTrACS v04r01
2025250N25073,2025,UNNAMED,2025-09-07 06:00:00,24.3,71.4,30,996,TS,NOAA IBTrACS v04r01
2025250N25073,2025,UNNAMED,2025-09-07 09:00:00,24.4,71.2,,,TS,NOAA IBTrACS v04r01
2025250N25073,2025,UNNAMED,2025-09-07 12:00:00,24.5,71.2,30,995,TS,NOAA IBTrACS v04r01
2025250N25073,2025,UNNAMED,2025-09-07 15:00:00,24.5,71.1,,,TS,NOAA IBTrACS v04r01
2025250N25073,2025,UNNAMED,2025-09-07 18:00:00,24.6,71.0,30,995,TS,NOAA IBTrACS v04r01
2025250N25073,2025,UNNAMED,2025-09-07 21:00:00,24.7,70.9,,,TS,NOAA IBTrACS v04r01
2025250N25073,2025,UNNAMED,2025-09-08 00:00:00,24.8,70.7,30,995,TS,NOAA IBTrACS v04r01
2025250N25073,2025,UNNAMED,2025-09-08 03:00:00,25.0,70.5,30,995,TS,NOAA IBTrACS v04r01
2025250N25073,2025,UNNAMED,2025-09-08 06:00:00,25.3,70.2,30,995,TS,NOAA IBTrACS v04r01
2025250N25073,2025,UNNAMED,2025-09-08 09:00:00,25.6,69.8,,,TS,NOAA IBTrACS v04r01
2025250N25073,2025,UNNAMED,2025-09-08 12:00:00,25.8,69.5,30,995,TS,NOAA IBTrACS v04r01
2025250N25073,2025,UNNAMED,2025-09-08 15:00:00,25.9,69.2,,,TS,NOAA IBTrACS v04r01
2025250N25073,2025,UNNAMED,2025-09-08 18:00:00,25.9,69.0,25,997,TS,NOAA IBTrACS v04r01
2025250N25073,2025,UNNAMED,2025-09-08 21:00:00,25.9,68.9,,,TS,NOAA IBTrACS v04r01
2025250N25073,2025,UNNAMED,2025-09-09 00:00:00,25.8,68.7,25,998,TS,NOAA IBTrACS v04r01
2025250N25073,2025,UNNAMED,2025-09-09 03:00:00,25.4,68.4,25,998,TS,NOAA IBTrACS v04r01
2025250N25073,2025,UNNAMED,2025-09-09 06:00:00,25.2,68.2,25,999,TS,NOAA IBTrACS v04r01
2025250N25073,2025,UNNAMED,2025-09-09 09:00:00,25.1,68.0,,,TS,NOAA IBTrACS v04r01
2025250N25073,2025,UNNAMED,2025-09-09 12:00:00,25.0,67.7,25,999,TS,NOAA IBTrACS v04r01
2025250N25073,2025,UNNAMED,2025-09-09 15:00:00,24.9,67.4,,,TS,NOAA IBTrACS v04r01
2025250N25073,2025,UNNAMED,2025-09-09 18:00:00,24.9,67.1,25,999,TS,NOAA IBTrACS v04r01
2025250N25073,2025,UNNAMED,2025-09-09 21:00:00,24.8,66.7,,,TS,NOAA IBTrACS v04r01
2025250N25073,2025,UNNAMED,2025-09-10 00:00:00,24.8,66.3,25,1000,TS,NOAA IBTrACS v04r01
2025250N25073,2025,UNNAMED,2025-09-10 03:00:00,24.8,65.8,25,1000,TS,NOAA IBTrACS v04r01
2025250N25073,2025,UNNAMED,2025-09-10 06:00:00,24.8,65.3,25,1000,TS,NOAA IBTrACS v04r01
2025250N25073,2025,UNNAMED,2025-09-10 09:00:00,24.8,64.8,,,TS,NOAA IBTrACS v04r01
2025250N25073,2025,UNNAMED,2025-09-10 12:00:00,24.8,64.4,25,1000,TS,NOAA IBTrACS v04r01
2025250N25073,2025,UNNAMED,2025-09-10 15:00:00,24.8,64.0,,,TS,NOAA IBTrACS v04r01
2025250N25073,2025,UNNAMED,2025-09-10 18:00:00,24.8,63.5,20,1001,TS,NOAA IBTrACS v04r01
2025266N11137,2025,BUALOI,2025-09-22 18:00:00,11.3,137.3,,1004,TS,NOAA IBTrACS v04r01
2025266N11137,2025,BUALOI,2025-09-22 21:00:00,11.0,136.8,,1004,TS,NOAA IBTrACS v04r01
2025266N11137,2025,BUALOI,2025-09-23 00:00:00,10.8,136.3,,1004,TS,NOAA IBTrACS v04r01
2025266N11137,2025,BUALOI,2025-09-23 03:00:00,10.5,135.8,,1003,TS,NOAA IBTrACS v04r01
2025266N11137,2025,BUALOI,2025-09-23 06:00:00,10.2,135.4,,1002,TS,NOAA IBTrACS v04r01
2025266N11137,2025,BUALOI,2025-09-23 09:00:00,10.1,135.0,,1001,TS,NOAA IBTrACS v04r01
2025266N11137,2025,BUALOI,2025-09-23 12:00:00,10.0,134.5,35,1000,TS,NOAA IBTrACS v04r01
2025266N11137,2025,BUALOI,2025-09-23 15:00:00,9.8,134.1,27,1003,TS,NOAA IBTrACS v04r01
2025266N11137,2025,BUALOI,2025-09-23 18:00:00,9.7,133.6,35,1000,TS,NOAA IBTrACS v04r01
2025266N11137,2025,BUALOI,2025-09-23 21:00:00,9.6,133.2,34,1000,TS,NOAA IBTrACS v04r01
2025266N11137,2025,BUALOI,2025-09-24 00:00:00,9.7,132.8,40,998,TS,NOAA IBTrACS v04r01
2025266N11137,2025,BUALOI,2025-09-24 03:00:00,9.9,132.4,42,997,TS,NOAA IBTrACS v04r01
2025266N11137,2025,BUALOI,2025-09-24 06:00:00,10.0,131.9,50,992,TS,NOAA IBTrACS v04r01
2025266N11137,2025,BUALOI,2025-09-24 09:00:00,10.2,131.5,48,996,TS,NOAA IBTrACS v04r01
2025266N11137,2025,BUALOI,2025-09-24 12:00:00,10.3,131.1,55,985,TS,NOAA IBTrACS v04r01
2025266N11137,2025,BUALOI,2025-09-24 15:00:00,10.5,130.6,53,993,TS,NOAA IBTrACS v04r01
2025266N11137,2025,BUALOI,2025-09-24 18:00:00,10.6,130.1,60,980,TS,NOAA IBTrACS v04r01
2025266N11137,2025,BUALOI,2025-09-24 21:00:00,10.9,129.6,54,991,TS,NOAA IBTrACS v04r01
2025266N11137,2025,BUALOI,2025-09-25 00:00:00,11.1,129.2,65,975,TS,NOAA IBTrACS v04r01
2025266N11137,2025,BUALOI,2025-09-25 03:00:00,11.2,128.7,54,991,TS,NOAA IBTrACS v04r01
2025266N11137,2025,BUALOI,2025-09-25 06:00:00,11.3,128.1,65,975,TS,NOAA IBTrACS v04r01
2025266N11137,2025,BUALOI,2025-09-25 09:00:00,11.6,127.5,54,992,TS,NOAA IBTrACS v04r01
2025266N11137,2025,BUALOI,2025-09-25 12:00:00,11.8,126.8,60,980,TS,NOAA IBTrACS v04r01
2025266N11137,2025,BUALOI,2025-09-25 15:00:00,12.0,126.0,54,993,TS,NOAA IBTrACS v04r01
2025266N11137,2025,BUALOI,2025-09-25 18:00:00,12.2,125.0,55,985,TS,NOAA IBTrACS v04r01
2025266N11137,2025,BUALOI,2025-09-25 21:00:00,12.2,124.0,57,992,TS,NOAA IBTrACS v04r01
2025266N11137,2025,BUALOI,2025-09-26 00:00:00,12.3,122.9,55,985,TS,NOAA IBTrACS v04r01
2025266N11137,2025,BUALOI,2025-09-26 03:00:00,12.5,121.8,60,992,TS,NOAA IBTrACS v04r01
2025266N11137,2025,BUALOI,2025-09-26 06:00:00,12.7,120.8,50,990,TS,NOAA IBTrACS v04r01
2025266N11137,2025,BUALOI,2025-09-26 09:00:00,12.9,119.9,60,991,TS,NOAA IBTrACS v04r01
2025266N11137,2025,BUALOI,2025-09-26 12:00:00,13.1,119.1,55,985,TS,NOAA IBTrACS v04r01
2025266N11137,2025,BUALOI,2025-09-26 15:00:00,13.4,118.3,65,987,TS,NOAA IBTrACS v04r01
2025266N11137,2025,BUALOI,2025-09-26 18:00:00,13.7,117.3,60,980,TS,NOAA IBTrACS v04r01
2025266N11137,2025,BUALOI,2025-09-26 21:00:00,14.1,116.4,72,983,TS,NOAA IBTrACS v04r01
2025266N11137,2025,BUALOI,2025-09-27 00:00:00,14.5,115.4,60,980,TS,NOAA IBTrACS v04r01
2025266N11137,2025,BUALOI,2025-09-27 03:00:00,14.8,114.6,74,982,TS,NOAA IBTrACS v04r01
2025266N11137,2025,BUALOI,2025-09-27 06:00:00,15.1,113.8,65,975,TS,NOAA IBTrACS v04r01
2025266N11137,2025,BUALOI,2025-09-27 09:00:00,15.5,113.0,74,981,TS,NOAA IBTrACS v04r01
2025266N11137,2025,BUALOI,2025-09-27 12:00:00,15.7,112.2,65,975,TS,NOAA IBTrACS v04r01
2025266N11137,2025,BUALOI,2025-09-27 15:00:00,15.8,111.4,69,983,TS,NOAA IBTrACS v04r01
2025266N11137,2025,BUALOI,2025-09-27 18:00:00,15.9,110.7,65,975,TS,NOAA IBTrACS v04r01
2025266N11137,2025,BUALOI,2025-09-27 21:00:00,16.1,110.0,67,984,TS,NOAA IBTrACS v04r01
2025266N11137,2025,BUALOI,2025-09-28 00:00:00,16.4,109.4,65,975,TS,NOAA IBTrACS v04r01
2025266N11137,2025,BUALOI,2025-09-28 03:00:00,16.8,108.8,70,981,TS,NOAA IBTrACS v04r01
2025266N11137,2025,BUALOI,2025-09-28 06:00:00,17.1,108.1,65,975,TS,NOAA IBTrACS v04r01
2025266N11137,2025,BUALOI,2025-09-28 09:00:00,17.4,107.6,70,979,TS,NOAA IBTrACS v04r01
2025266N11137,2025,BUALOI,2025-09-28 12:00:00,17.7,107.1,60,980,TS,NOAA IBTrACS v04r01
2025266N11137,2025,BUALOI,2025-09-28 15:00:00,17.9,106.6,75,974,TS,NOAA IBTrACS v04r01
2025266N11137,2025,BUALOI,2025-09-28 18:00:00,18.1,106.1,55,980,TS,NOAA IBTrACS v04r01
2025266N11137,2025,BUALOI,2025-09-28 21:00:00,18.4,105.6,53,983,TS,NOAA IBTrACS v04r01
2025266N11137,2025,BUALOI,2025-09-29 00:00:00,18.7,105.1,50,985,TS,NOAA IBTrACS v04r01
2025266N11137,2025,BUALOI,2025-09-29 03:00:00,19.2,104.3,43,990,TS,NOAA IBTrACS v04r01
2025266N11137,2025,BUALOI,2025-09-29 06:00:00,19.7,103.5,35,994,TS,NOAA IBTrACS v04r01
2025266N11137,2025,BUALOI,2025-09-29 09:00:00,20.1,102.7,,996,TS,NOAA IBTrACS v04r01
2025266N11137,2025,BUALOI,2025-09-29 12:00:00,20.5,101.9,,998,TS,NOAA IBTrACS v04r01
2025266N11137,2025,BUALOI,2025-09-29 15:00:00,20.8,101.1,,1000,TS,NOAA IBTrACS v04r01
2025266N11137,2025,BUALOI,2025-09-29 18:00:00,21.1,100.5,,1002,TS,NOAA IBTrACS v04r01
2025266N11137,2025,BUALOI,2025-09-29 21:00:00,21.5,99.9,,1002,TS,NOAA IBTrACS v04r01
2025266N11137,2025,BUALOI,2025-09-30 00:00:00,22.0,99.3,,1002,TS,NOAA IBTrACS v04r01
2025266N11137,2025,BUALOI,2025-09-30 03:00:00,22.5,98.7,,,TS,NOAA IBTrACS v04r01
2025266N11137,2025,BUALOI,2025-09-30 06:00:00,23.1,98.3,,,TS,NOAA IBTrACS v04r01
2025266N11137,2025,BUALOI,2025-09-30 09:00:00,23.7,98.0,,,TS,NOAA IBTrACS v04r01
2025266N11137,2025,BUALOI,2025-09-30 12:00:00,24.3,97.8,,,DS,NOAA IBTrACS v04r01
2025270N19086,2025,UNNAMED,2025-09-26 12:00:00,19.3,86.1,25,998,TS,NOAA IBTrACS v04r01
2025270N19086,2025,UNNAMED,2025-09-26 15:00:00,19.3,85.8,,,TS,NOAA IBTrACS v04r01
2025270N19086,2025,UNNAMED,2025-09-26 18:00:00,19.3,85.5,25,998,TS,NOAA IBTrACS v04r01
2025270N19086,2025,UNNAMED,2025-09-26 21:00:00,19.3,85.2,,,TS,NOAA IBTrACS v04r01
2025270N19086,2025,UNNAMED,2025-09-27 00:00:00,19.3,84.8,25,998,TS,NOAA IBTrACS v04r01
2025270N19086,2025,UNNAMED,2025-09-27 03:00:00,19.3,84.2,25,998,TS,NOAA IBTrACS v04r01
2025270N19086,2025,UNNAMED,2025-09-27 06:00:00,19.3,83.4,25,998,TS,NOAA IBTrACS v04r01
2025270N19086,2025,UNNAMED,2025-09-27 09:00:00,19.4,82.5,,,TS,NOAA IBTrACS v04r01
2025270N19086,2025,UNNAMED,2025-09-27 12:00:00,19.7,81.5,20,999,TS,NOAA IBTrACS v04r01
2025270N19086,2025,UNNAMED,2025-09-27 15:00:00,20.0,80.5,,,TS,NOAA IBTrACS v04r01
2025270N19086,2025,UNNAMED,2025-09-27 18:00:00,20.3,79.5,20,999,TS,NOAA IBTrACS v04r01
2025270N19086,2025,UNNAMED,2025-09-27 21:00:00,20.4,78.3,,,TS,NOAA IBTrACS v04r01
2025270N19086,2025,UNNAMED,2025-09-28 00:00:00,20.3,77.0,20,999,TS,NOAA IBTrACS v04r01
2025274N16087,2025,UNNAMED,2025-10-01 06:00:00,15.9,86.5,25,998,TS,NOAA IBTrACS v04r01
2025274N16087,2025,UNNAMED,2025-10-01 09:00:00,16.3,86.4,35,996,TS,NOAA IBTrACS v04r01
2025274N16087,2025,UNNAMED,2025-10-01 12:00:00,16.6,86.3,25,997,TS,NOAA IBTrACS v04r01
2025274N16087,2025,UNNAMED,2025-10-01 15:00:00,16.7,86.1,35,994,TS,NOAA IBTrACS v04r01
2025274N16087,2025,UNNAMED,2025-10-01 18:00:00,16.8,85.8,30,996,TS,NOAA IBTrACS v04r01
2025274N16087,2025,UNNAMED,2025-10-01 21:00:00,17.0,85.6,35,994,TS,NOAA IBTrACS v04r01
2025274N16087,2025,UNNAMED,2025-10-02 00:00:00,17.4,85.4,30,996,TS,NOAA IBTrACS v04r01
2025274N16087,2025,UNNAMED,2025-10-02 03:00:00,17.9,85.2,30,995,TS,NOAA IBTrACS v04r01
2025274N16087,2025,UNNAMED,2025-10-02 06:00:00,18.6,85.1,30,995,TS,NOAA IBTrACS v04r01
2025274N16087,2025,UNNAMED,2025-10-02 09:00:00,19.1,84.9,35,995,TS,NOAA IBTrACS v04r01
2025274N16087,2025,UNNAMED,2025-10-02 12:00:00,19.4,84.8,30,996,TS,NOAA IBTrACS v04r01
2025274N16087,2025,UNNAMED,2025-10-02 15:00:00,19.6,84.6,,,TS,NOAA IBTrACS v04r01
2025274N16087,2025,UNNAMED,2025-10-02 18:00:00,19.8,84.4,30,997,TS,NOAA IBTrACS v04r01
2025274N16087,2025,UNNAMED,2025-10-02 21:00:00,19.9,84.3,,,TS,NOAA IBTrACS v04r01
2025274N16087,2025,UNNAMED,2025-10-03 00:00:00,20.2,84.1,25,999,TS,NOAA IBTrACS v04r01
2025274N16087,2025,UNNAMED,2025-10-03 03:00:00,20.7,83.7,25,1000,TS,NOAA IBTrACS v04r01
2025274N16087,2025,UNNAMED,2025-10-03 06:00:00,21.2,83.6,25,1001,TS,NOAA IBTrACS v04r01
2025275N22068,2025,SHAKHTI,2025-10-01 12:00:00,22.0,68.3,25,1001,TS,NOAA IBTrACS v04r01
2025275N22068,2025,SHAKHTI,2025-10-01 15:00:00,21.8,68.3,,,TS,NOAA IBTrACS v04r01
2025275N22068,2025,SHAKHTI,2025-10-01 18:00:00,21.5,68.2,25,1001,TS,NOAA IBTrACS v04r01
2025275N22068,2025,SHAKHTI,2025-10-01 21:00:00,21.2,68.1,,,TS,NOAA IBTrACS v04r01
2025275N22068,2025,SHAKHTI,2025-10-02 00:00:00,21.0,68.0,25,1001,TS,NOAA IBTrACS v04r01
2025275N22068,2025,SHAKHTI,2025-10-02 03:00:00,20.8,67.9,25,1001,TS,NOAA IBTrACS v04r01
2025275N22068,2025,SHAKHTI,2025-10-02 06:00:00,20.8,67.9,25,1001,TS,NOAA IBTrACS v04r01
2025275N22068,2025,SHAKHTI,2025-10-02 09:00:00,20.8,67.9,,,TS,NOAA IBTrACS v04r01
2025275N22068,2025,SHAKHTI,2025-10-02 12:00:00,20.8,67.9,25,1001,TS,NOAA IBTrACS v04r01
2025275N22068,2025,SHAKHTI,2025-10-02 15:00:00,20.8,67.8,,,TS,NOAA IBTrACS v04r01
2025275N22068,2025,SHAKHTI,2025-10-02 18:00:00,20.8,67.7,30,1000,TS,NOAA IBTrACS v04r01
2025275N22068,2025,SHAKHTI,2025-10-02 21:00:00,21.0,67.5,,,TS,NOAA IBTrACS v04r01
2025275N22068,2025,SHAKHTI,2025-10-03 00:00:00,21.4,67.2,30,1000,TS,NOAA IBTrACS v04r01
2025275N22068,2025,SHAKHTI,2025-10-03 03:00:00,21.6,67.0,30,999,TS,NOAA IBTrACS v04r01
2025275N22068,2025,SHAKHTI,2025-10-03 06:00:00,21.8,66.8,35,997,TS,NOAA IBTrACS v04r01
2025275N22068,2025,SHAKHTI,2025-10-03 09:00:00,21.9,66.6,35,997,TS,NOAA IBTrACS v04r01
2025275N22068,2025,SHAKHTI,2025-10-03 12:00:00,22.0,66.4,40,996,TS,NOAA IBTrACS v04r01
2025275N22068,2025,SHAKHTI,2025-10-03 15:00:00,22.1,66.2,40,996,TS,NOAA IBTrACS v04r01
2025275N22068,2025,SHAKHTI,2025-10-03 18:00:00,22.1,65.8,45,994,TS,NOAA IBTrACS v04r01
2025275N22068,2025,SHAKHTI,2025-10-03 21:00:00,22.1,65.4,45,994,TS,NOAA IBTrACS v04r01
2025275N22068,2025,SHAKHTI,2025-10-04 00:00:00,22.1,64.8,50,992,TS,NOAA IBTrACS v04r01
2025275N22068,2025,SHAKHTI,2025-10-04 03:00:00,22.1,64.4,55,990,TS,NOAA IBTrACS v04r01
2025275N22068,2025,SHAKHTI,2025-10-04 06:00:00,21.9,64.1,55,990,TS,NOAA IBTrACS v04r01
2025275N22068,2025,SHAKHTI,2025-10-04 09:00:00,21.7,63.8,55,990,TS,NOAA IBTrACS v04r01
2025275N22068,2025,SHAKHTI,2025-10-04 12:00:00,21.4,63.5,55,990,TS,NOAA IBTrACS v04r01
2025275N22068,2025,SHAKHTI,2025-10-04 15:00:00,21.3,63.0,55,990,TS,NOAA IBTrACS v04r01
2025275N22068,2025,SHAKHTI,2025-10-04 18:00:00,21.2,62.6,55,989,TS,NOAA IBTrACS v04r01
2025275N22068,2025,SHAKHTI,2025-10-04 21:00:00,21.1,62.0,55,989,TS,NOAA IBTrACS v04r01
2025275N22068,2025,SHAKHTI,2025-10-05 00:00:00,21.0,61.5,60,987,TS,NOAA IBTrACS v04r01
2025275N22068,2025,SHAKHTI,2025-10-05 03:00:00,20.8,61.3,60,986,TS,NOAA IBTrACS v04r01
2025275N22068,2025,SHAKHTI,2025-10-05 06:00:00,20.6,61.3,60,987,TS,NOAA IBTrACS v04r01
2025275N22068,2025,SHAKHTI,2025-10-05 09:00:00,20.3,61.0,60,988,TS,NOAA IBTrACS v04r01
2025275N22068,2025,SHAKHTI,2025-10-05 12:00:00,20.1,60.6,55,990,TS,NOAA IBTrACS v04r01
2025275N22068,2025,SHAKHTI,2025-10-05 15:00:00,19.8,60.4,55,991,TS,NOAA IBTrACS v04r01
2025275N22068,2025,SHAKHTI,2025-10-05 18:00:00,19.7,60.4,50,992,TS,NOAA IBTrACS v04r01
2025275N22068,2025,SHAKHTI,2025-10-05 21:00:00,19.7,60.5,50,993,TS,NOAA IBTrACS v04r01
2025275N22068,2025,SHAKHTI,2025-10-06 00:00:00,19.8,60.6,45,994,TS,NOAA IBTrACS v04r01
2025275N22068,2025,SHAKHTI,2025-10-06 03:00:00,19.8,60.5,45,994,TS,NOAA IBTrACS v04r01
2025275N22068,2025,SHAKHTI,2025-10-06 06:00:00,19.8,60.4,40,995,TS,NOAA IBTrACS v04r01
2025275N22068,2025,SHAKHTI,2025-10-06 09:00:00,19.7,60.3,40,996,TS,NOAA IBTrACS v04r01
2025275N22068,2025,SHAKHTI,2025-10-06 12:00:00,19.6,60.2,35,997,TS,NOAA IBTrACS v04r01
2025275N22068,2025,SHAKHTI,2025-10-06 15:00:00,19.6,60.1,35,998,TS,NOAA IBTrACS v04r01
2025275N22068,2025,SHAKHTI,2025-10-06 18:00:00,19.5,60.1,30,999,TS,NOAA IBTrACS v04r01
2025275N22068,2025,SHAKHTI,2025-10-06 21:00:00,19.4,60.2,,,TS,NOAA IBTrACS v04r01
2025275N22068,2025,SHAKHTI,2025-10-07 00:00:00,19.2,60.3,30,999,TS,NOAA IBTrACS v04r01
2025275N22068,2025,SHAKHTI,2025-10-07 03:00:00,19.0,60.5,25,1001,TS,NOAA IBTrACS v04r01
2025275N22068,2025,SHAKHTI,2025-10-07 06:00:00,18.9,60.7,20,1002,TS,NOAA IBTrACS v04r01
2025295N09068,2025,UNNAMED,2025-10-22 00:00:00,8.6,67.6,20,1002,TS,NOAA IBTrACS v04r01
2025295N09068,2025,UNNAMED,2025-10-22 03:00:00,8.9,67.4,20,1002,TS,NOAA IBTrACS v04r01
2025295N09068,2025,UNNAMED,2025-10-22 06:00:00,9.0,67.0,20,1002,TS,NOAA IBTrACS v04r01
2025295N09068,2025,UNNAMED,2025-10-22 09:00:00,9.1,67.1,,,TS,NOAA IBTrACS v04r01
2025295N09068,2025,UNNAMED,2025-10-22 12:00:00,9.3,67.4,20,1002,TS,NOAA IBTrACS v04r01
2025295N09068,2025,UNNAMED,2025-10-22 15:00:00,9.4,67.5,,,TS,NOAA IBTrACS v04r01
2025295N09068,2025,UNNAMED,2025-10-22 18:00:00,9.5,67.6,20,1002,TS,NOAA IBTrACS v04r01
2025295N09068,2025,UNNAMED,2025-10-22 21:00:00,9.5,67.6,,,TS,NOAA IBTrACS v04r01
2025295N09068,2025,UNNAMED,2025-10-23 00:00:00,9.6,67.7,20,1001,TS,NOAA IBTrACS v04r01
2025295N09068,2025,UNNAMED,2025-10-23 03:00:00,9.8,67.8,20,1001,TS,NOAA IBTrACS v04r01
2025295N09068,2025,UNNAMED,2025-10-23 06:00:00,10.1,68.0,20,1001,TS,NOAA IBTrACS v04r01
2025295N09068,2025,UNNAMED,2025-10-23 09:00:00,10.5,68.7,,,TS,NOAA IBTrACS v04r01
2025295N09068,2025,UNNAMED,2025-10-23 12:00:00,11.0,69.4,20,1001,TS,NOAA IBTrACS v04r01
2025295N09068,2025,UNNAMED,2025-10-23 15:00:00,11.5,69.8,,,TS,NOAA IBTrACS v04r01
2025295N09068,2025,UNNAMED,2025-10-23 18:00:00,12.0,70.0,20,1001,TS,NOAA IBTrACS v04r01
2025295N09068,2025,UNNAMED,2025-10-23 21:00:00,12.6,70.3,,,TS,NOAA IBTrACS v04r01
2025295N09068,2025,UNNAMED,2025-10-24 00:00:00,13.3,70.5,20,1001,TS,NOAA IBTrACS v04r01
2025295N09068,2025,UNNAMED,2025-10-24 03:00:00,14.0,70.6,20,1001,TS,NOAA IBTrACS v04r01
2025295N09068,2025,UNNAMED,2025-10-24 06:00:00,14.4,70.7,20,1001,TS,NOAA IBTrACS v04r01
2025295N09068,2025,UNNAMED,2025-10-24 09:00:00,14.8,70.7,,,TS,NOAA IBTrACS v04r01
2025295N09068,2025,UNNAMED,2025-10-24 12:00:00,15.2,70.7,20,1001,TS,NOAA IBTrACS v04r01
2025295N09068,2025,UNNAMED,2025-10-24 15:00:00,15.7,70.7,,,TS,NOAA IBTrACS v04r01
2025295N09068,2025,UNNAMED,2025-10-24 18:00:00,16.1,70.7,20,1001,TS,NOAA IBTrACS v04r01
2025295N09068,2025,UNNAMED,2025-10-24 21:00:00,16.3,70.5,,,TS,NOAA IBTrACS v04r01
2025295N09068,2025,UNNAMED,2025-10-25 00:00:00,16.4,70.4,20,1001,TS,NOAA IBTrACS v04r01
2025295N09068,2025,UNNAMED,2025-10-25 03:00:00,16.5,70.4,20,1001,TS,NOAA IBTrACS v04r01
2025295N09068,2025,UNNAMED,2025-10-25 06:00:00,16.6,69.2,20,1001,TS,NOAA IBTrACS v04r01
2025295N09068,2025,UNNAMED,2025-10-25 09:00:00,16.6,68.4,,,TS,NOAA IBTrACS v04r01
2025295N09068,2025,UNNAMED,2025-10-25 12:00:00,16.6,68.0,20,1001,TS,NOAA IBTrACS v04r01
2025295N09068,2025,UNNAMED,2025-10-25 15:00:00,16.6,67.5,,,TS,NOAA IBTrACS v04r01
2025295N09068,2025,UNNAMED,2025-10-25 18:00:00,16.6,67.2,20,1001,TS,NOAA IBTrACS v04r01
2025295N09068,2025,UNNAMED,2025-10-25 21:00:00,16.6,67.0,,,TS,NOAA IBTrACS v04r01
2025295N09068,2025,UNNAMED,2025-10-26 00:00:00,16.5,66.8,20,1001,TS,NOAA IBTrACS v04r01
2025295N09068,2025,UNNAMED,2025-10-26 03:00:00,16.0,66.5,20,1001,TS,NOAA IBTrACS v04r01
2025295N09068,2025,UNNAMED,2025-10-26 06:00:00,15.5,66.4,20,1001,TS,NOAA IBTrACS v04r01
2025295N09068,2025,UNNAMED,2025-10-26 09:00:00,15.2,66.4,,,TS,NOAA IBTrACS v04r01
2025295N09068,2025,UNNAMED,2025-10-26 12:00:00,15.1,66.4,20,1001,TS,NOAA IBTrACS v04r01
2025295N09068,2025,UNNAMED,2025-10-26 15:00:00,15.0,66.4,,,TS,NOAA IBTrACS v04r01
2025295N09068,2025,UNNAMED,2025-10-26 18:00:00,15.1,66.5,20,1001,TS,NOAA IBTrACS v04r01
2025295N09068,2025,UNNAMED,2025-10-26 21:00:00,15.6,66.6,,,TS,NOAA IBTrACS v04r01
2025295N09068,2025,UNNAMED,2025-10-27 00:00:00,16.1,66.8,25,1000,TS,NOAA IBTrACS v04r01
2025295N09068,2025,UNNAMED,2025-10-27 03:00:00,16.4,66.9,25,1000,TS,NOAA IBTrACS v04r01
2025295N09068,2025,UNNAMED,2025-10-27 06:00:00,16.6,67.2,25,1000,TS,NOAA IBTrACS v04r01
2025295N09068,2025,UNNAMED,2025-10-27 09:00:00,16.7,67.3,,,TS,NOAA IBTrACS v04r01
2025295N09068,2025,UNNAMED,2025-10-27 12:00:00,16.7,67.3,25,1000,TS,NOAA IBTrACS v04r01
2025295N09068,2025,UNNAMED,2025-10-27 15:00:00,16.7,67.3,,,TS,NOAA IBTrACS v04r01
2025295N09068,2025,UNNAMED,2025-10-27 18:00:00,16.7,67.3,25,1000,TS,NOAA IBTrACS v04r01
2025295N09068,2025,UNNAMED,2025-10-27 21:00:00,16.8,67.6,,,TS,NOAA IBTrACS v04r01
2025295N09068,2025,UNNAMED,2025-10-28 00:00:00,17.0,67.8,25,1000,TS,NOAA IBTrACS v04r01
2025295N09068,2025,UNNAMED,2025-10-28 03:00:00,17.1,67.8,25,1000,TS,NOAA IBTrACS v04r01
2025295N09068,2025,UNNAMED,2025-10-28 06:00:00,17.2,68.0,25,1000,TS,NOAA IBTrACS v04r01
2025295N09068,2025,UNNAMED,2025-10-28 09:00:00,17.3,68.2,,,TS,NOAA IBTrACS v04r01
2025295N09068,2025,UNNAMED,2025-10-28 12:00:00,17.4,68.5,25,1000,TS,NOAA IBTrACS v04r01
2025295N09068,2025,UNNAMED,2025-10-28 15:00:00,17.6,68.8,,,TS,NOAA IBTrACS v04r01
2025295N09068,2025,UNNAMED,2025-10-28 18:00:00,17.7,69.0,25,1000,TS,NOAA IBTrACS v04r01
2025295N09068,2025,UNNAMED,2025-10-28 21:00:00,17.8,69.1,,,TS,NOAA IBTrACS v04r01
2025295N09068,2025,UNNAMED,2025-10-29 00:00:00,17.9,69.2,25,1000,TS,NOAA IBTrACS v04r01
2025295N09068,2025,UNNAMED,2025-10-29 03:00:00,17.9,69.2,25,1000,TS,NOAA IBTrACS v04r01
2025295N09068,2025,UNNAMED,2025-10-29 06:00:00,18.0,69.1,25,1000,TS,NOAA IBTrACS v04r01
2025295N09068,2025,UNNAMED,2025-10-29 09:00:00,18.0,69.0,,,TS,NOAA IBTrACS v04r01
2025295N09068,2025,UNNAMED,2025-10-29 12:00:00,17.9,69.0,25,1000,TS,NOAA IBTrACS v04r01
2025295N09068,2025,UNNAMED,2025-10-29 15:00:00,17.9,68.9,,,TS,NOAA IBTrACS v04r01
2025295N09068,2025,UNNAMED,2025-10-29 18:00:00,17.9,68.8,25,1000,TS,NOAA IBTrACS v04r01
2025295N09068,2025,UNNAMED,2025-10-29 21:00:00,17.9,68.5,,,TS,NOAA IBTrACS v04r01
2025295N09068,2025,UNNAMED,2025-10-30 00:00:00,17.9,68.2,25,1000,TS,NOAA IBTrACS v04r01
2025295N09068,2025,UNNAMED,2025-10-30 03:00:00,17.9,68.2,25,1000,TS,NOAA IBTrACS v04r01
2025295N09068,2025,UNNAMED,2025-10-30 06:00:00,17.9,68.2,25,1000,TS,NOAA IBTrACS v04r01
2025295N09068,2025,UNNAMED,2025-10-30 09:00:00,18.0,68.2,,,TS,NOAA IBTrACS v04r01
2025295N09068,2025,UNNAMED,2025-10-30 12:00:00,18.1,68.2,25,1000,TS,NOAA IBTrACS v04r01
2025295N09068,2025,UNNAMED,2025-10-30 15:00:00,18.2,68.2,,,TS,NOAA IBTrACS v04r01
2025295N09068,2025,UNNAMED,2025-10-30 18:00:00,18.3,68.2,25,1000,TS,NOAA IBTrACS v04r01
2025295N09068,2025,UNNAMED,2025-10-30 21:00:00,18.4,68.3,,,TS,NOAA IBTrACS v04r01
2025295N09068,2025,UNNAMED,2025-10-31 00:00:00,18.6,68.4,25,1000,TS,NOAA IBTrACS v04r01
2025295N09068,2025,UNNAMED,2025-10-31 03:00:00,18.9,68.5,25,1000,TS,NOAA IBTrACS v04r01
2025295N09068,2025,UNNAMED,2025-10-31 06:00:00,18.9,68.5,25,1000,TS,NOAA IBTrACS v04r01
2025295N09068,2025,UNNAMED,2025-10-31 09:00:00,19.0,68.7,,,TS,NOAA IBTrACS v04r01
2025295N09068,2025,UNNAMED,2025-10-31 12:00:00,19.2,69.0,25,1000,TS,NOAA IBTrACS v04r01
2025295N09068,2025,UNNAMED,2025-10-31 15:00:00,19.3,69.3,,,TS,NOAA IBTrACS v04r01
2025295N09068,2025,UNNAMED,2025-10-31 18:00:00,19.4,69.6,20,1001,TS,NOAA IBTrACS v04r01
2025298N11089,2025,MONTHA,2025-10-25 00:00:00,10.8,89.0,20,1003,TS,NOAA IBTrACS v04r01
2025298N11089,2025,MONTHA,2025-10-25 03:00:00,10.8,88.8,25,1002,TS,NOAA IBTrACS v04r01
2025298N11089,2025,MONTHA,2025-10-25 06:00:00,10.8,88.6,25,1002,TS,NOAA IBTrACS v04r01
2025298N11089,2025,MONTHA,2025-10-25 09:00:00,10.8,88.4,,,TS,NOAA IBTrACS v04r01
2025298N11089,2025,MONTHA,2025-10-25 12:00:00,10.9,88.1,25,1002,TS,NOAA IBTrACS v04r01
2025298N11089,2025,MONTHA,2025-10-25 15:00:00,10.9,87.9,,,TS,NOAA IBTrACS v04r01
2025298N11089,2025,MONTHA,2025-10-25 18:00:00,11.0,87.7,25,1002,TS,NOAA IBTrACS v04r01
2025298N11089,2025,MONTHA,2025-10-25 21:00:00,11.0,87.5,,,TS,NOAA IBTrACS v04r01
2025298N11089,2025,MONTHA,2025-10-26 00:00:00,11.1,87.3,30,1000,TS,NOAA IBTrACS v04r01
2025298N11089,2025,MONTHA,2025-10-26 03:00:00,11.2,87.1,30,998,TS,NOAA IBTrACS v04r01
2025298N11089,2025,MONTHA,2025-10-26 06:00:00,11.3,86.9,30,998,TS,NOAA IBTrACS v04r01
2025298N11089,2025,MONTHA,2025-10-26 09:00:00,11.4,86.8,,,TS,NOAA IBTrACS v04r01
2025298N11089,2025,MONTHA,2025-10-26 12:00:00,11.4,86.4,30,998,TS,NOAA IBTrACS v04r01
2025298N11089,2025,MONTHA,2025-10-26 15:00:00,11.3,86.0,37,998,TS,NOAA IBTrACS v04r01
2025298N11089,2025,MONTHA,2025-10-26 18:00:00,11.4,85.6,35,997,TS,NOAA IBTrACS v04r01
2025298N11089,2025,MONTHA,2025-10-26 21:00:00,11.9,85.4,35,997,TS,NOAA IBTrACS v04r01
2025298N11089,2025,MONTHA,2025-10-27 00:00:00,12.4,85.3,35,997,TS,NOAA IBTrACS v04r01
2025298N11089,2025,MONTHA,2025-10-27 03:00:00,12.6,84.8,40,996,TS,NOAA IBTrACS v04r01
2025298N11089,2025,MONTHA,2025-10-27 06:00:00,12.7,84.4,40,996,TS,NOAA IBTrACS v04r01
2025298N11089,2025,MONTHA,2025-10-27 09:00:00,13.0,84.1,40,995,TS,NOAA IBTrACS v04r01
2025298N11089,2025,MONTHA,2025-10-27 12:00:00,13.3,84.0,45,994,TS,NOAA IBTrACS v04r01
2025298N11089,2025,MONTHA,2025-10-27 15:00:00,13.7,83.8,45,994,TS,NOAA IBTrACS v04r01
2025298N11089,2025,MONTHA,2025-10-27 18:00:00,14.1,83.5,45,993,TS,NOAA IBTrACS v04r01
2025298N11089,2025,MONTHA,2025-10-27 21:00:00,14.4,83.3,45,992,TS,NOAA IBTrACS v04r01
2025298N11089,2025,MONTHA,2025-10-28 00:00:00,14.6,83.1,50,991,TS,NOAA IBTrACS v04r01
2025298N11089,2025,MONTHA,2025-10-28 03:00:00,14.8,82.9,50,991,TS,NOAA IBTrACS v04r01
2025298N11089,2025,MONTHA,2025-10-28 06:00:00,15.2,82.6,50,991,TS,NOAA IBTrACS v04r01
2025298N11089,2025,MONTHA,2025-10-28 09:00:00,15.6,82.4,50,990,TS,NOAA IBTrACS v04r01
2025298N11089,2025,MONTHA,2025-10-28 12:00:00,15.9,82.1,50,990,TS,NOAA IBTrACS v04r01
2025298N11089,2025,MONTHA,2025-10-28 15:00:00,16.0,81.8,50,990,TS,NOAA IBTrACS v04r01
2025298N11089,2025,MONTHA,2025-10-28 18:00:00,16.1,81.5,50,990,TS,NOAA IBTrACS v04r01
2025298N11089,2025,MONTHA,2025-10-28 21:00:00,16.4,81.4,40,992,TS,NOAA IBTrACS v04r01
2025298N11089,2025,MONTHA,2025-10-29 00:00:00,17.0,81.3,35,997,TS,NOAA IBTrACS v04r01
2025298N11089,2025,MONTHA,2025-10-29 03:00:00,17.3,81.2,30,999,TS,NOAA IBTrACS v04r01
2025298N11089,2025,MONTHA,2025-10-29 06:00:00,17.7,81.1,30,999,TS,NOAA IBTrACS v04r01
2025298N11089,2025,MONTHA,2025-10-29 09:00:00,18.2,81.0,,,TS,NOAA IBTrACS v04r01
2025298N11089,2025,MONTHA,2025-10-29 12:00:00,18.7,80.9,25,1000,TS,NOAA IBTrACS v04r01
2025298N11089,2025,MONTHA,2025-10-29 15:00:00,19.2,80.8,,,TS,NOAA IBTrACS v04r01
2025298N11089,2025,MONTHA,2025-10-29 18:00:00,19.6,80.7,20,1000,TS,NOAA IBTrACS v04r01
2025329N05100,2025,SENYAR,2025-11-25 03:00:00,5.4,99.7,20,1004,TS,NOAA IBTrACS v04r01
2025329N05100,2025,SENYAR,2025-11-25 06:00:00,5.3,99.5,20,1004,TS,NOAA IBTrACS v04r01
2025329N05100,2025,SENYAR,2025-11-25 09:00:00,5.2,99.3,,,TS,NOAA IBTrACS v04r01
2025329N05100,2025,SENYAR,2025-11-25 12:00:00,5.0,99.0,25,1003,TS,NOAA IBTrACS v04r01
2025329N05100,2025,SENYAR,2025-11-25 15:00:00,4.9,98.7,40,998,TS,NOAA IBTrACS v04r01
2025329N05100,2025,SENYAR,2025-11-25 18:00:00,4.9,98.4,30,1002,TS,NOAA IBTrACS v04r01
2025329N05100,2025,SENYAR,2025-11-25 21:00:00,4.9,98.1,45,997,TS,NOAA IBTrACS v04r01
2025329N05100,2025,SENYAR,2025-11-26 00:00:00,4.8,98.0,40,999,TS,NOAA IBTrACS v04r01
2025329N05100,2025,SENYAR,2025-11-26 03:00:00,4.5,97.9,40,999,TS,NOAA IBTrACS v04r01
2025329N05100,2025,SENYAR,2025-11-26 06:00:00,4.3,98.0,40,999,TS,NOAA IBTrACS v04r01
2025329N05100,2025,SENYAR,2025-11-26 09:00:00,4.1,98.1,40,999,TS,NOAA IBTrACS v04r01
2025329N05100,2025,SENYAR,2025-11-26 12:00:00,4.0,98.4,35,1000,TS,NOAA IBTrACS v04r01
2025329N05100,2025,SENYAR,2025-11-26 15:00:00,3.8,98.9,35,1000,TS,NOAA IBTrACS v04r01
2025329N05100,2025,SENYAR,2025-11-26 18:00:00,3.7,99.4,35,1000,TS,NOAA IBTrACS v04r01
2025329N05100,2025,SENYAR,2025-11-26 21:00:00,3.7,99.7,35,1001,TS,NOAA IBTrACS v04r01
2025329N05100,2025,SENYAR,2025-11-27 00:00:00,3.6,100.0,30,1002,TS,NOAA IBTrACS v04r01
2025329N05100,2025,SENYAR,2025-11-27 03:00:00,3.6,100.1,30,1002,TS,NOAA IBTrACS v04r01
2025329N05100,2025,SENYAR,2025-11-27 06:00:00,3.6,100.3,25,1003,TS,NOAA IBTrACS v04r01
2025329N05100,2025,SENYAR,2025-11-27 09:00:00,3.6,100.6,25,1005,TS,NOAA IBTrACS v04r01
2025329N05100,2025,SENYAR,2025-11-27 12:00:00,3.6,100.9,25,1005,TS,NOAA IBTrACS v04r01
2025329N05100,2025,SENYAR,2025-11-27 15:00:00,3.6,101.2,25,1005,TS,NOAA IBTrACS v04r01
2025329N05100,2025,SENYAR,2025-11-27 18:00:00,3.6,101.4,25,1005,TS,NOAA IBTrACS v04r01
2025329N05100,2025,SENYAR,2025-11-27 21:00:00,3.6,101.7,25,1005,TS,NOAA IBTrACS v04r01
2025329N05100,2025,SENYAR,2025-11-28 00:00:00,3.7,102.0,25,1005,TS,NOAA IBTrACS v04r01
2025329N05100,2025,SENYAR,2025-11-28 03:00:00,3.7,102.1,25,1005,TS,NOAA IBTrACS v04r01
2025329N05100,2025,SENYAR,2025-11-28 06:00:00,3.8,102.6,25,1005,TS,NOAA IBTrACS v04r01
2025329N05100,2025,SENYAR,2025-11-28 09:00:00,4.0,103.4,22,1005,TS,NOAA IBTrACS v04r01
2025329N05100,2025,SENYAR,2025-11-28 12:00:00,4.2,104.3,19,1005,TS,NOAA IBTrACS v04r01
2025329N05100,2025,SENYAR,2025-11-28 15:00:00,4.3,104.7,24,1004,TS,NOAA IBTrACS v04r01
2025329N05100,2025,SENYAR,2025-11-28 18:00:00,4.4,105.1,29,1003,TS,NOAA IBTrACS v04r01
2025329N05100,2025,SENYAR,2025-11-28 21:00:00,4.7,105.5,29,1003,TS,NOAA IBTrACS v04r01
2025329N05100,2025,SENYAR,2025-11-29 00:00:00,4.8,106.0,29,1003,TS,NOAA IBTrACS v04r01
2025329N05100,2025,SENYAR,2025-11-29 03:00:00,4.8,106.4,29,1003,TS,NOAA IBTrACS v04r01
2025329N05100,2025,SENYAR,2025-11-29 06:00:00,4.8,106.8,29,1003,TS,NOAA IBTrACS v04r01
2025329N05100,2025,SENYAR,2025-11-29 09:00:00,5.0,107.2,29,1004,TS,NOAA IBTrACS v04r01
2025329N05100,2025,SENYAR,2025-11-29 12:00:00,5.2,107.5,29,1004,TS,NOAA IBTrACS v04r01
2025329N05100,2025,SENYAR,2025-11-29 15:00:00,5.4,108.0,27,1005,TS,NOAA IBTrACS v04r01
2025329N05100,2025,SENYAR,2025-11-29 18:00:00,5.7,108.5,25,1006,TS,NOAA IBTrACS v04r01
2025329N05100,2025,SENYAR,2025-11-29 21:00:00,6.0,108.8,25,1006,TS,NOAA IBTrACS v04r01
2025329N05100,2025,SENYAR,2025-11-30 00:00:00,6.4,109.0,25,1005,TS,NOAA IBTrACS v04r01
2025329N05100,2025,SENYAR,2025-11-30 03:00:00,6.9,109.2,22,1005,TS,NOAA IBTrACS v04r01
2025329N05100,2025,SENYAR,2025-11-30 06:00:00,7.4,109.2,19,1005,TS,NOAA IBTrACS v04r01
2025331N06083,2025,DITWAH,2025-11-26 18:00:00,5.9,82.6,25,1004,TS,NOAA IBTrACS v04r01
2025331N06083,2025,DITWAH,2025-11-26 21:00:00,6.0,82.6,,,TS,NOAA IBTrACS v04r01
2025331N06083,2025,DITWAH,2025-11-27 00:00:00,6.4,81.9,30,1003,TS,NOAA IBTrACS v04r01
2025331N06083,2025,DITWAH,2025-11-27 03:00:00,6.7,81.9,30,1003,TS,NOAA IBTrACS v04r01
2025331N06083,2025,DITWAH,2025-11-27 06:00:00,7.0,82.0,35,1002,TS,NOAA IBTrACS v04r01
2025331N06083,2025,DITWAH,2025-11-27 09:00:00,7.3,81.9,35,1002,TS,NOAA IBTrACS v04r01
2025331N06083,2025,DITWAH,2025-11-27 12:00:00,7.6,81.7,35,1002,TS,NOAA IBTrACS v04r01
2025331N06083,2025,DITWAH,2025-11-27 15:00:00,7.8,81.5,35,1002,TS,NOAA IBTrACS v04r01
2025331N06083,2025,DITWAH,2025-11-27 18:00:00,7.9,81.3,35,1002,TS,NOAA IBTrACS v04r01
2025331N06083,2025,DITWAH,2025-11-27 21:00:00,8.0,81.2,35,1002,TS,NOAA IBTrACS v04r01
2025331N06083,2025,DITWAH,2025-11-28 00:00:00,8.1,81.1,35,1002,TS,NOAA IBTrACS v04r01
2025331N06083,2025,DITWAH,2025-11-28 03:00:00,8.2,81.0,35,1002,TS,NOAA IBTrACS v04r01
2025331N06083,2025,DITWAH,2025-11-28 06:00:00,8.3,81.0,35,1002,TS,NOAA IBTrACS v04r01
2025331N06083,2025,DITWAH,2025-11-28 09:00:00,8.5,81.0,35,1002,TS,NOAA IBTrACS v04r01
2025331N06083,2025,DITWAH,2025-11-28 12:00:00,8.6,80.9,35,1002,TS,NOAA IBTrACS v04r01
2025331N06083,2025,DITWAH,2025-11-28 15:00:00,8.8,80.8,35,1002,TS,NOAA IBTrACS v04r01
2025331N06083,2025,DITWAH,2025-11-28 18:00:00,9.0,80.8,35,1002,TS,NOAA IBTrACS v04r01
2025331N06083,2025,DITWAH,2025-11-28 21:00:00,9.2,80.8,35,1001,TS,NOAA IBTrACS v04r01
2025331N06083,2025,DITWAH,2025-11-29 00:00:00,9.4,80.8,35,1001,TS,NOAA IBTrACS v04r01
2025331N06083,2025,DITWAH,2025-11-29 03:00:00,9.6,80.8,40,1000,TS,NOAA IBTrACS v04r01
2025331N06083,2025,DITWAH,2025-11-29 06:00:00,9.9,80.8,40,1000,TS,NOAA IBTrACS v04r01
2025331N06083,2025,DITWAH,2025-11-29 09:00:00,10.1,80.7,40,1000,TS,NOAA IBTrACS v04r01
2025331N06083,2025,DITWAH,2025-11-29 12:00:00,10.3,80.7,40,1000,TS,NOAA IBTrACS v04r01
2025331N06083,2025,DITWAH,2025-11-29 15:00:00,10.4,80.7,40,1000,TS,NOAA IBTrACS v04r01
2025331N06083,2025,DITWAH,2025-11-29 18:00:00,10.6,80.7,40,1000,TS,NOAA IBTrACS v04r01
2025331N06083,2025,DITWAH,2025-11-29 21:00:00,10.8,80.7,40,1000,TS,NOAA IBTrACS v04r01
2025331N06083,2025,DITWAH,2025-11-30 00:00:00,11.0,80.7,40,1000,TS,NOAA IBTrACS v04r01
2025331N06083,2025,DITWAH,2025-11-30 03:00:00,11.2,80.7,40,1000,TS,NOAA IBTrACS v04r01
2025331N06083,2025,DITWAH,2025-11-30 06:00:00,11.4,80.7,35,1001,TS,NOAA IBTrACS v04r01
2025331N06083,2025,DITWAH,2025-11-30 09:00:00,11.6,80.7,35,1002,TS,NOAA IBTrACS v04r01
2025331N06083,2025,DITWAH,2025-11-30 12:00:00,11.7,80.8,30,1003,TS,NOAA IBTrACS v04r01
2025331N06083,2025,DITWAH,2025-11-30 15:00:00,11.9,81.0,27,1004,TS,NOAA IBTrACS v04r01
2025331N06083,2025,DITWAH,2025-11-30 18:00:00,12.0,81.2,30,1003,TS,NOAA IBTrACS v04r01
2025331N06083,2025,DITWAH,2025-11-30 21:00:00,12.3,81.2,26,1004,TS,NOAA IBTrACS v04r01
2025331N06083,2025,DITWAH,2025-12-01 00:00:00,12.6,81.2,30,1003,TS,NOAA IBTrACS v04r01
2025331N06083,2025,DITWAH,2025-12-01 03:00:00,12.7,81.0,30,1003,TS,NOAA IBTrACS v04r01
2025331N06083,2025,DITWAH,2025-12-01 06:00:00,12.9,80.9,30,1003,TS,NOAA IBTrACS v04r01
2025331N06083,2025,DITWAH,2025-12-01 09:00:00,13.0,80.9,29,1004,TS,NOAA IBTrACS v04r01
2025331N06083,2025,DITWAH,2025-12-01 12:00:00,12.9,80.9,30,1003,TS,NOAA IBTrACS v04r01
2025331N06083,2025,DITWAH,2025-12-01 15:00:00,12.8,80.8,29,1003,TS,NOAA IBTrACS v04r01
2025331N06083,2025,DITWAH,2025-12-01 18:00:00,12.7,80.7,30,1003,TS,NOAA IBTrACS v04r01
2025331N06083,2025,DITWAH,2025-12-01 21:00:00,12.7,80.6,27,1004,TS,NOAA IBTrACS v04r01
2025331N06083,2025,DITWAH,2025-12-02 00:00:00,12.6,80.6,25,1004,TS,NOAA IBTrACS v04r01
2025331N06083,2025,DITWAH,2025-12-02 03:00:00,12.5,80.7,25,1004,TS,NOAA IBTrACS v04r01
2025331N06083,2025,DITWAH,2025-12-02 06:00:00,12.4,80.7,25,1004,TS,NOAA IBTrACS v04r01
2025331N06083,2025,DITWAH,2025-12-02 09:00:00,12.3,80.6,25,1005,TS,NOAA IBTrACS v04r01
2025331N06083,2025,DITWAH,2025-12-02 12:00:00,12.3,80.4,25,1004,TS,NOAA IBTrACS v04r01
2025331N06083,2025,DITWAH,2025-12-02 15:00:00,12.2,80.3,,,TS,NOAA IBTrACS v04r01
2025331N06083,2025,DITWAH,2025-12-02 18:00:00,12.1,80.2,20,1005,TS,NOAA IBTrACS v04r01
2026266N18085,2026,UNNAMED,2026-09-22 18:00:00,17.6,84.8,35,991,NR,NOAA IBTrACS v04r01
2026266N18085,2026,UNNAMED,2026-09-22 21:00:00,17.6,84.9,37,991,NR,NOAA IBTrACS v04r01
2026266N18085,2026,UNNAMED,2026-09-23 00:00:00,17.6,84.9,39,990,NR,NOAA IBTrACS v04r01
2026266N18085,2026,UNNAMED,2026-09-23 03:00:00,17.7,84.8,42,990,NR,NOAA IBTrACS v04r01
2026266N18085,2026,UNNAMED,2026-09-23 06:00:00,17.8,84.6,45,990,NR,NOAA IBTrACS v04r01
2026266N18085,2026,UNNAMED,2026-09-23 09:00:00,17.8,84.3,45,990,NR,NOAA IBTrACS v04r01
2026266N18085,2026,UNNAMED,2026-09-23 12:00:00,17.8,84.0,45,990,NR,NOAA IBTrACS v04r01
2026266N18085,2026,UNNAMED,2026-09-23 15:00:00,17.8,83.8,42,993,NR,NOAA IBTrACS v04r01
2026266N18085,2026,UNNAMED,2026-09-23 18:00:00,17.8,83.7,39,995,NR,NOAA IBTrACS v04r01
2026266N18085,2026,UNNAMED,2026-09-23 21:00:00,17.9,83.7,37,991,NR,NOAA IBTrACS v04r01
2026266N18085,2026,UNNAMED,2026-09-24 00:00:00,18.1,83.7,35,987,NR,NOAA IBTrACS v04r01
